{"cam/image1": "1027_cam-image1_.jpg", "user/angle": 0.0, "user/throttle": 0.0, "pos/x": 40.72886276245117, "pos/y": -5.769900321960449, "pos/z": -85.74974822998047, "rpy/roll": -11.277836644693867, "rpy/pitch": -1.7449595703773617, "rpy/yaw": 42.73491435465144, "milliseconds": 104543}