{"cam/image1": "512_cam-image1_.jpg", "user/angle": 0.0, "user/throttle": 0.0, "pos/x": 25.06290626525879, "pos/y": -4.049386024475098, "pos/z": -58.87281799316406, "rpy/roll": -3.4599838525185747, "rpy/pitch": -0.015236483361053928, "rpy/yaw": 20.752647048020656, "milliseconds": 78682}