{"cam/image1": "414_cam-image1_.jpg", "user/angle": 0.0, "user/throttle": 0.0, "pos/x": 22.87047004699707, "pos/y": -3.463411569595337, "pos/z": -54.17333221435547, "rpy/roll": -1.0031079215333356, "rpy/pitch": -1.07890005309708, "rpy/yaw": 20.397384062002452, "milliseconds": 73770}