{"cam/image1": "453_cam-image1_.jpg", "user/angle": 0.0, "user/throttle": 0.0, "pos/x": 23.73504066467285, "pos/y": -4.208554744720459, "pos/z": -55.749168395996094, "rpy/roll": -1.32404818180857, "rpy/pitch": 1.2805878906172945, "rpy/yaw": 27.58505035623764, "milliseconds": 75725}