{"cam/image1": "771_cam-image1_.jpg", "user/angle": 0.0, "user/throttle": 0.0, "pos/x": 29.831008911132812, "pos/y": -4.211892127990723, "pos/z": -74.50422668457031, "rpy/roll": -0.08504260560102082, "rpy/pitch": -1.2587239659178826, "rpy/yaw": 25.392337087546398, "milliseconds": 91673}