{"cam/image1": "348_cam-image1_.jpg", "user/angle": 0.0, "user/throttle": 0.0, "pos/x": 22.041664123535156, "pos/y": -2.9042160511016846, "pos/z": -51.78627014160156, "rpy/roll": -1.210086763813152, "rpy/pitch": -10.029445746112662, "rpy/yaw": 18.685406412513736, "milliseconds": 70454}