{"cam/image1": "1182_cam-image1_.jpg", "user/angle": 0.0, "user/throttle": 0.0, "pos/x": 47.080745697021484, "pos/y": -6.8276448249816895, "pos/z": -92.65909576416016, "rpy/roll": -1.1072624038095873, "rpy/pitch": 2.7506711834186706, "rpy/yaw": 40.125922991798696, "milliseconds": 112317}