{"cam/image1": "565_cam-image1_.jpg", "user/angle": 0.0, "user/throttle": 0.0, "pos/x": 25.990703582763672, "pos/y": -4.3198137283325195, "pos/z": -61.72528839111328, "rpy/roll": -14.82658933775939, "rpy/pitch": -1.3286678360720439, "rpy/yaw": 20.85595611904548, "milliseconds": 81340}