{"cam/image1": "802_cam-image1_.jpg", "user/angle": 0.0, "user/throttle": 0.0, "pos/x": 30.610082626342773, "pos/y": -4.368941307067871, "pos/z": -76.26666259765625, "rpy/roll": -15.49823978495866, "rpy/pitch": -3.985003348103666, "rpy/yaw": 26.562868351038574, "milliseconds": 93229}