{"cam/image1": "1301_cam-image1_.jpg", "user/angle": 0.0, "user/throttle": 0.0, "pos/x": 57.14697265625, "pos/y": -8.759540557861328, "pos/z": -104.7759017944336, "rpy/roll": 0.5843610016470724, "rpy/pitch": 2.9716470106731148, "rpy/yaw": 38.86243540824863, "milliseconds": 128359}