{"cam/image1": "499_cam-image1_.jpg", "user/angle": 0.0, "user/throttle": 0.0, "pos/x": 24.679351806640625, "pos/y": -4.234263896942139, "pos/z": -58.201961517333984, "rpy/roll": -2.4767865914897387, "rpy/pitch": -0.4091943983061419, "rpy/yaw": 23.535727645734717, "milliseconds": 78039}