{"cam/image1": "929_cam-image1_.jpg", "user/angle": 0.0, "user/throttle": 0.0, "pos/x": 35.72857666015625, "pos/y": -4.8584442138671875, "pos/z": -82.12924194335938, "rpy/roll": -9.447551878210774, "rpy/pitch": 4.325192904364808, "rpy/yaw": 53.34891238858672, "milliseconds": 99629}