{"cam/image1": "736_cam-image1_.jpg", "user/angle": 0.0, "user/throttle": 0.0, "pos/x": 29.060392379760742, "pos/y": -4.284207820892334, "pos/z": -72.40413665771484, "rpy/roll": 6.854349101903513, "rpy/pitch": 0.5035169952976885, "rpy/yaw": 11.355421400546925, "milliseconds": 89917}