{"cam/image1": "616_cam-image1_.jpg", "user/angle": 0.0, "user/throttle": 0.0, "pos/x": 26.75159454345703, "pos/y": -4.701138496398926, "pos/z": -64.717529296875, "rpy/roll": -6.183789440832425, "rpy/pitch": -1.9179219752857926, "rpy/yaw": 15.359509016107303, "milliseconds": 83898}