{"cam/image1": "550_cam-image1_.jpg", "user/angle": 0.0, "user/throttle": 0.0, "pos/x": 25.69514274597168, "pos/y": -4.249726295471191, "pos/z": -60.92354202270508, "rpy/roll": -8.662684427750511, "rpy/pitch": 0.5693280901591065, "rpy/yaw": 13.195920245413621, "milliseconds": 80588}