{"cam/image1": "129_cam-image1_.jpg", "user/angle": 0.0, "user/throttle": 0.0, "pos/x": 3.112196683883667, "pos/y": -0.9324466586112976, "pos/z": -18.93755531311035, "rpy/roll": 6.70617122730896, "rpy/pitch": 0.8830461205774178, "rpy/yaw": 25.324185148442297, "milliseconds": 28842}