{"cam/image1": "985_cam-image1_.jpg", "user/angle": 0.0, "user/throttle": 0.0, "pos/x": 38.70718765258789, "pos/y": -4.9942522048950195, "pos/z": -84.13884735107422, "rpy/roll": 1.8699434671505208, "rpy/pitch": -0.41388395143497214, "rpy/yaw": 55.37336612129119, "milliseconds": 102438}