{"cam/image1": "816_cam-image1_.jpg", "user/angle": 0.0, "user/throttle": 0.0, "pos/x": 31.103878021240234, "pos/y": -4.459449768066406, "pos/z": -77.01093292236328, "rpy/roll": -2.3492234642757714, "rpy/pitch": -3.010539411896533, "rpy/yaw": 24.913413940793838, "milliseconds": 93931}