{"cam/image1": "1243_cam-image1_.jpg", "user/angle": 0.0, "user/throttle": 0.0, "pos/x": 48.8406982421875, "pos/y": -7.152167797088623, "pos/z": -94.3392562866211, "rpy/roll": -6.653394219513395, "rpy/pitch": 0.571739801408993, "rpy/yaw": 9.308423627207707, "milliseconds": 115380}