{"cam/image1": "1189_cam-image1_.jpg", "user/angle": 0.0, "user/throttle": 0.0, "pos/x": 47.56602478027344, "pos/y": -6.833359241485596, "pos/z": -92.95018005371094, "rpy/roll": -1.2425758264844837, "rpy/pitch": 2.7274403668416904, "rpy/yaw": 38.823118728295356, "milliseconds": 112673}