{"cam/image1": "1258_cam-image1_.jpg", "user/angle": 0.0, "user/throttle": 0.0, "pos/x": 49.004600524902344, "pos/y": -7.686915397644043, "pos/z": -94.67239379882812, "rpy/roll": -0.09825646692965483, "rpy/pitch": 4.927387599164769, "rpy/yaw": 25.337449351705818, "milliseconds": 116133}