{"cam/image1": "149_cam-image1_.jpg", "user/angle": 0.0, "user/throttle": 0.0, "pos/x": 3.677647352218628, "pos/y": -0.996478796005249, "pos/z": -19.998374938964844, "rpy/roll": 13.423999797649007, "rpy/pitch": -0.2292514801761517, "rpy/yaw": 23.01611210873834, "milliseconds": 29845}