{"cam/image1": "211_cam-image1_.jpg", "user/angle": 0.0, "user/throttle": 0.0, "pos/x": 4.676737308502197, "pos/y": -1.1279727220535278, "pos/z": -23.29193115234375, "rpy/roll": 7.215806150184602, "rpy/pitch": 6.142827548126692, "rpy/yaw": 3.9251326103781117, "milliseconds": 32953}