{"cam/image1": "253_cam-image1_.jpg", "user/angle": 0.0, "user/throttle": 0.0, "pos/x": 8.822996139526367, "pos/y": -1.592754602432251, "pos/z": -33.904056549072266, "rpy/roll": -1.805652813123034, "rpy/pitch": 4.2717878817426485, "rpy/yaw": 34.58558966821661, "milliseconds": 45229}