{"cam/image1": "658_cam-image1_.jpg", "user/angle": 0.0, "user/throttle": 0.0, "pos/x": 27.493309020996094, "pos/y": -4.803796768188477, "pos/z": -67.41636657714844, "rpy/roll": -2.1415811143317582, "rpy/pitch": 0.35831949015101966, "rpy/yaw": 14.253943934295089, "milliseconds": 86013}