{"cam/image1": "592_cam-image1_.jpg", "user/angle": 0.0, "user/throttle": 0.0, "pos/x": 26.487979888916016, "pos/y": -4.44989538192749, "pos/z": -63.22733688354492, "rpy/roll": -5.498062759857461, "rpy/pitch": -3.4374910142105906, "rpy/yaw": 15.801004650226865, "milliseconds": 82695}