{"cam/image1": "627_cam-image1_.jpg", "user/angle": 0.0, "user/throttle": 0.0, "pos/x": 26.900121688842773, "pos/y": -4.803524494171143, "pos/z": -65.43777465820312, "rpy/roll": 0.09142714359923153, "rpy/pitch": -0.26637333324928864, "rpy/yaw": 14.320164340373482, "milliseconds": 84454}