{"cam/image1": "672_cam-image1_.jpg", "user/angle": 0.0, "user/throttle": 0.0, "pos/x": 27.80694007873535, "pos/y": -4.814132213592529, "pos/z": -68.34294891357422, "rpy/roll": -7.820280651972475, "rpy/pitch": 0.4076586693669755, "rpy/yaw": 23.576758909903273, "milliseconds": 86706}