{"cam/image1": "621_cam-image1_.jpg", "user/angle": 0.0, "user/throttle": 0.0, "pos/x": 26.805652618408203, "pos/y": -4.780061721801758, "pos/z": -65.05763244628906, "rpy/roll": -3.733090149050806, "rpy/pitch": -0.5131439373504797, "rpy/yaw": 14.401788741977521, "milliseconds": 84148}