{"cam/image1": "821_cam-image1_.jpg", "user/angle": 0.0, "user/throttle": 0.0, "pos/x": 31.323827743530273, "pos/y": -4.525156497955322, "pos/z": -77.30249786376953, "rpy/roll": -5.862240762037343, "rpy/pitch": -2.809309083545867, "rpy/yaw": 31.675547252795145, "milliseconds": 94188}