{"cam/image1": "337_cam-image1_.jpg", "user/angle": 0.0, "user/throttle": 0.0, "pos/x": 21.937725067138672, "pos/y": -2.854825019836426, "pos/z": -51.414405822753906, "rpy/roll": -2.1450724358383635, "rpy/pitch": -12.781286658734839, "rpy/yaw": 23.371924122157278, "milliseconds": 69902}