{"cam/image1": "387_cam-image1_.jpg", "user/angle": 0.0, "user/throttle": 0.0, "pos/x": 22.491910934448242, "pos/y": -3.2127864360809326, "pos/z": -53.11740493774414, "rpy/roll": 4.424082032069453, "rpy/pitch": -6.636419340961893, "rpy/yaw": 17.326598827776134, "milliseconds": 72409}