{"cam/image1": "1281_cam-image1_.jpg", "user/angle": 0.0, "user/throttle": 0.0, "pos/x": 49.63242721557617, "pos/y": -8.233184814453125, "pos/z": -95.13945770263672, "rpy/roll": 2.9946276311905686, "rpy/pitch": 4.74998853476364, "rpy/yaw": 41.36211144123211, "milliseconds": 117285}