{"cam/image1": "224_cam-image1_.jpg", "user/angle": 0.0, "user/throttle": 0.0, "pos/x": 7.814121723175049, "pos/y": -1.5788732767105103, "pos/z": -32.8102912902832, "rpy/roll": 8.60701379132771, "rpy/pitch": 2.7024220853666976, "rpy/yaw": 23.103372486153294, "milliseconds": 43773}