{"cam/image1": "484_cam-image1_.jpg", "user/angle": 0.0, "user/throttle": 0.0, "pos/x": 24.34774398803711, "pos/y": -4.258640766143799, "pos/z": -57.40475082397461, "rpy/roll": -1.447765618801508, "rpy/pitch": 0.6629546240913339, "rpy/yaw": 25.006886404768945, "milliseconds": 77278}