{"cam/image1": "970_cam-image1_.jpg", "user/angle": 0.0, "user/throttle": 0.0, "pos/x": 37.866188049316406, "pos/y": -4.8884663581848145, "pos/z": -83.59671020507812, "rpy/roll": 1.903167442368824, "rpy/pitch": 1.6753363393107388, "rpy/yaw": 55.94463460819601, "milliseconds": 101685}