{"cam/image1": "605_cam-image1_.jpg", "user/angle": 0.0, "user/throttle": 0.0, "pos/x": 26.719758987426758, "pos/y": -4.458140850067139, "pos/z": -64.00263977050781, "rpy/roll": -3.9398547107557693, "rpy/pitch": -1.4778620117829024, "rpy/yaw": 20.36826236863535, "milliseconds": 83346}