{"cam/image1": "727_cam-image1_.jpg", "user/angle": 0.0, "user/throttle": 0.0, "pos/x": 28.904151916503906, "pos/y": -4.337663650512695, "pos/z": -71.8233413696289, "rpy/roll": 2.7076476121509017, "rpy/pitch": 3.438270487573725, "rpy/yaw": 13.144076289361777, "milliseconds": 89486}