{"cam/image1": "1262_cam-image1_.jpg", "user/angle": 0.0, "user/throttle": 0.0, "pos/x": 49.11927032470703, "pos/y": -7.623473644256592, "pos/z": -94.77056121826172, "rpy/roll": -0.2691467213464733, "rpy/pitch": -1.3744386855016915, "rpy/yaw": 32.40813966110734, "milliseconds": 116336}