{"cam/image1": "204_cam-image1_.jpg", "user/angle": 0.0, "user/throttle": 0.0, "pos/x": 4.649404525756836, "pos/y": -1.1384769678115845, "pos/z": -22.947265625, "rpy/roll": 6.030442300785845, "rpy/pitch": 2.176904837096473, "rpy/yaw": 4.623515332674254, "milliseconds": 32602}