{"cam/image1": "317_cam-image1_.jpg", "user/angle": 0.0, "user/throttle": 0.0, "pos/x": 21.759592056274414, "pos/y": -2.7416017055511475, "pos/z": -50.89182662963867, "rpy/roll": -0.32577980343561536, "rpy/pitch": -13.99388038324546, "rpy/yaw": 29.887661545670376, "milliseconds": 68898}