{"cam/image1": "847_cam-image1_.jpg", "user/angle": 0.0, "user/throttle": 0.0, "pos/x": 32.145179748535156, "pos/y": -4.7669148445129395, "pos/z": -78.58821105957031, "rpy/roll": -6.00352448830409, "rpy/pitch": 3.801160982899758, "rpy/yaw": 34.52388051407784, "milliseconds": 95485}