{"cam/image1": "933_cam-image1_.jpg", "user/angle": 0.0, "user/throttle": 0.0, "pos/x": 35.947837829589844, "pos/y": -4.890632152557373, "pos/z": -82.27610778808594, "rpy/roll": -7.111846157567258, "rpy/pitch": 3.4517907395641236, "rpy/yaw": 52.95264157541957, "milliseconds": 99831}