{"cam/image1": "775_cam-image1_.jpg", "user/angle": 0.0, "user/throttle": 0.0, "pos/x": 29.970096588134766, "pos/y": -4.217116832733154, "pos/z": -74.70894622802734, "rpy/roll": -1.307324039210365, "rpy/pitch": -1.8007142862226238, "rpy/yaw": 27.605160973847013, "milliseconds": 91874}