{"cam/image1": "898_cam-image1_.jpg", "user/angle": 0.0, "user/throttle": 0.0, "pos/x": 34.20756149291992, "pos/y": -4.916776180267334, "pos/z": -80.99718475341797, "rpy/roll": -3.887989887736939, "rpy/pitch": 2.9377819693875056, "rpy/yaw": 49.247577230834814, "milliseconds": 98075}