{"cam/image1": "814_cam-image1_.jpg", "user/angle": 0.0, "user/throttle": 0.0, "pos/x": 31.0623836517334, "pos/y": -4.460831165313721, "pos/z": -76.8917236328125, "rpy/roll": -1.7979398309841688, "rpy/pitch": -3.7132593922939767, "rpy/yaw": 24.907085440599165, "milliseconds": 93832}