{"cam/image1": "509_cam-image1_.jpg", "user/angle": 0.0, "user/throttle": 0.0, "pos/x": 24.92466163635254, "pos/y": -4.046079635620117, "pos/z": -58.71291732788086, "rpy/roll": -2.538240123901221, "rpy/pitch": 1.6242004047196643, "rpy/yaw": 21.35634273969369, "milliseconds": 78533}