{"cam/image1": "1278_cam-image1_.jpg", "user/angle": 0.0, "user/throttle": 0.0, "pos/x": 49.62808609008789, "pos/y": -8.183652877807617, "pos/z": -95.01451110839844, "rpy/roll": 3.232055798616138, "rpy/pitch": 2.127448628299824, "rpy/yaw": 46.86981156330856, "milliseconds": 117137}