{"cam/image1": "1212_cam-image1_.jpg", "user/angle": 0.0, "user/throttle": 0.0, "pos/x": 48.312904357910156, "pos/y": -7.134799480438232, "pos/z": -93.5976791381836, "rpy/roll": -20.011544486407175, "rpy/pitch": 2.268415337310506, "rpy/yaw": 53.16743810302317, "milliseconds": 113826}