{"cam/image1": "518_cam-image1_.jpg", "user/angle": 0.0, "user/throttle": 0.0, "pos/x": 25.15415382385254, "pos/y": -4.094350337982178, "pos/z": -59.18341827392578, "rpy/roll": -7.752628754144282, "rpy/pitch": 0.47320228503869477, "rpy/yaw": 19.764495983238156, "milliseconds": 78992}