{"cam/image1": "64_cam-image1_.jpg", "user/angle": 0.0, "user/throttle": 0.0, "pos/x": 1.4476895332336426, "pos/y": -0.7451168298721313, "pos/z": -15.567817687988281, "rpy/roll": -0.6531631294265633, "rpy/pitch": 1.6768381949971902, "rpy/yaw": 19.041515361470406, "milliseconds": 25582}