{"cam/image1": "415_cam-image1_.jpg", "user/angle": 0.0, "user/throttle": 0.0, "pos/x": 22.894420623779297, "pos/y": -3.462388753890991, "pos/z": -54.21867370605469, "rpy/roll": -1.6726110932609153, "rpy/pitch": -0.504914062798023, "rpy/yaw": 20.18221397356202, "milliseconds": 73818}