{"cam/image1": "443_cam-image1_.jpg", "user/angle": 0.0, "user/throttle": 0.0, "pos/x": 23.420629501342773, "pos/y": -4.0935468673706055, "pos/z": -55.40740203857422, "rpy/roll": -1.565026953156536, "rpy/pitch": -0.5895665687479167, "rpy/yaw": 20.68331157761533, "milliseconds": 75222}