{"cam/image1": "645_cam-image1_.jpg", "user/angle": 0.0, "user/throttle": 0.0, "pos/x": 27.31004524230957, "pos/y": -4.823154449462891, "pos/z": -66.56370544433594, "rpy/roll": -1.8629605864868213, "rpy/pitch": 1.8516770176899175, "rpy/yaw": 21.54951347448828, "milliseconds": 85360}