{"cam/image1": "641_cam-image1_.jpg", "user/angle": 0.0, "user/throttle": 0.0, "pos/x": 27.206344604492188, "pos/y": -4.809103488922119, "pos/z": -66.31891632080078, "rpy/roll": -1.9958956569964756, "rpy/pitch": -1.0035148348718534, "rpy/yaw": 23.71529304310725, "milliseconds": 85154}