{"cam/image1": "197_cam-image1_.jpg", "user/angle": 0.0, "user/throttle": 0.0, "pos/x": 4.580150604248047, "pos/y": -1.1087801456451416, "pos/z": -22.603591918945312, "rpy/roll": 3.927723887512701, "rpy/pitch": 2.0987415163619114, "rpy/yaw": 8.385239552064231, "milliseconds": 32251}