{"cam/image1": "1069_cam-image1_.jpg", "user/angle": 0.0, "user/throttle": 0.0, "pos/x": 42.3669548034668, "pos/y": -6.051957607269287, "pos/z": -87.46833038330078, "rpy/roll": -0.021299928140595448, "rpy/pitch": 1.3046373008032033, "rpy/yaw": 36.196650117187076, "milliseconds": 106649}