{"cam/image1": "706_cam-image1_.jpg", "user/angle": 0.0, "user/throttle": 0.0, "pos/x": 28.552955627441406, "pos/y": -4.456165790557861, "pos/z": -70.57037353515625, "rpy/roll": -1.8204901306736463, "rpy/pitch": 0.07853352758658017, "rpy/yaw": 14.105679701384918, "milliseconds": 88412}