{"cam/image1": "464_cam-image1_.jpg", "user/angle": 0.0, "user/throttle": 0.0, "pos/x": 23.999988555908203, "pos/y": -4.2369537353515625, "pos/z": -56.3096809387207, "rpy/roll": -2.4308473353522695, "rpy/pitch": -0.628540759254865, "rpy/yaw": 24.514090477049635, "milliseconds": 76276}