{"cam/image1": "2_cam-image1_.jpg", "user/angle": 0.0, "user/throttle": 0.0, "pos/x": -0.364126980304718, "pos/y": -0.1457928866147995, "pos/z": -3.4627482891082764, "rpy/roll": 0.6195042730809404, "rpy/pitch": 3.1913825419225734, "rpy/yaw": 5.261546938619107, "milliseconds": 12289}