{"cam/image1": "200_cam-image1_.jpg", "user/angle": 0.0, "user/throttle": 0.0, "pos/x": 4.612804412841797, "pos/y": -1.1253607273101807, "pos/z": -22.730751037597656, "rpy/roll": 5.343787932325905, "rpy/pitch": 2.5243012408077243, "rpy/yaw": 6.741395848791142, "milliseconds": 32403}