{"cam/image1": "33_cam-image1_.jpg", "user/angle": 0.0, "user/throttle": 0.0, "pos/x": 0.9768917560577393, "pos/y": -0.6774269938468933, "pos/z": -13.940974235534668, "rpy/roll": 2.8255718749648358, "rpy/pitch": 3.005267262975437, "rpy/yaw": 15.944006000092775, "milliseconds": 24013}