{"cam/image1": "1265_cam-image1_.jpg", "user/angle": 0.0, "user/throttle": 0.0, "pos/x": 49.26881408691406, "pos/y": -7.740951061248779, "pos/z": -94.79407501220703, "rpy/roll": -0.3268312297924246, "rpy/pitch": 1.3422723847364864, "rpy/yaw": 38.12918428380374, "milliseconds": 116483}