{"cam/image1": "114_cam-image1_.jpg", "user/angle": 0.0, "user/throttle": 0.0, "pos/x": 2.6248557567596436, "pos/y": -0.8538312315940857, "pos/z": -18.14985466003418, "rpy/roll": 3.0196168455441876, "rpy/pitch": 2.7859644405340855, "rpy/yaw": 23.72333084052977, "milliseconds": 28080}