{"cam/image1": "614_cam-image1_.jpg", "user/angle": 0.0, "user/throttle": 0.0, "pos/x": 26.72488784790039, "pos/y": -4.693887233734131, "pos/z": -64.5835952758789, "rpy/roll": -6.223440804857339, "rpy/pitch": -2.198081754354582, "rpy/yaw": 16.531049978313384, "milliseconds": 83798}