{"cam/image1": "599_cam-image1_.jpg", "user/angle": 0.0, "user/throttle": 0.0, "pos/x": 26.640199661254883, "pos/y": -4.4693169593811035, "pos/z": -63.64046096801758, "rpy/roll": -6.590745587755529, "rpy/pitch": -3.0510462848951865, "rpy/yaw": 23.920530660181978, "milliseconds": 83045}