{"cam/image1": "820_cam-image1_.jpg", "user/angle": 0.0, "user/throttle": 0.0, "pos/x": 31.26647186279297, "pos/y": -4.5329508781433105, "pos/z": -77.23086547851562, "rpy/roll": -4.008261282718357, "rpy/pitch": -3.4199242417145665, "rpy/yaw": 29.429180488495454, "milliseconds": 94132}