{"cam/image1": "1115_cam-image1_.jpg", "user/angle": 0.0, "user/throttle": 0.0, "pos/x": 44.29893112182617, "pos/y": -6.421186923980713, "pos/z": -89.41799926757812, "rpy/roll": 9.719066592603795, "rpy/pitch": 1.1935493478630184, "rpy/yaw": 38.888047503964124, "milliseconds": 108959}