{"cam/image1": "908_cam-image1_.jpg", "user/angle": 0.0, "user/throttle": 0.0, "pos/x": 34.678306579589844, "pos/y": -4.925648212432861, "pos/z": -81.40196228027344, "rpy/roll": -6.076496409223565, "rpy/pitch": 2.357357888739874, "rpy/yaw": 51.95271919780104, "milliseconds": 98576}