{"cam/image1": "380_cam-image1_.jpg", "user/angle": 0.0, "user/throttle": 0.0, "pos/x": 22.4056339263916, "pos/y": -3.124300479888916, "pos/z": -52.79969787597656, "rpy/roll": 3.625806650193746, "rpy/pitch": -6.842874470564563, "rpy/yaw": 18.577603740782752, "milliseconds": 72058}