{"cam/image1": "1195_cam-image1_.jpg", "user/angle": 0.0, "user/throttle": 0.0, "pos/x": 47.8943977355957, "pos/y": -6.856740951538086, "pos/z": -93.18404388427734, "rpy/roll": -11.246336294109124, "rpy/pitch": 2.729715654007596, "rpy/yaw": 45.96933585113466, "milliseconds": 112973}