{"cam/image1": "1188_cam-image1_.jpg", "user/angle": 0.0, "user/throttle": 0.0, "pos/x": 47.454368591308594, "pos/y": -6.843867301940918, "pos/z": -92.9077377319336, "rpy/roll": -0.020695576583719618, "rpy/pitch": 1.1897376117639946, "rpy/yaw": 39.10881031737329, "milliseconds": 112623}