{"cam/image1": "37_cam-image1_.jpg", "user/angle": 0.0, "user/throttle": 0.0, "pos/x": 1.0539848804473877, "pos/y": -0.6870110630989075, "pos/z": -14.13583755493164, "rpy/roll": 6.715558405482793, "rpy/pitch": 3.446305724206444, "rpy/yaw": 15.618509795393248, "milliseconds": 24213}