{"cam/image1": "181_cam-image1_.jpg", "user/angle": 0.0, "user/throttle": 0.0, "pos/x": 4.36783504486084, "pos/y": -1.116208553314209, "pos/z": -21.722349166870117, "rpy/roll": 2.7571900602973956, "rpy/pitch": 3.6272251116706973, "rpy/yaw": 18.132484856380692, "milliseconds": 31449}