{"cam/image1": "948_cam-image1_.jpg", "user/angle": 0.0, "user/throttle": 0.0, "pos/x": 36.7972526550293, "pos/y": -4.874902725219727, "pos/z": -82.81856536865234, "rpy/roll": 3.391193668675902, "rpy/pitch": 2.599581506830935, "rpy/yaw": 51.52212528587736, "milliseconds": 100581}