{"cam/image1": "997_cam-image1_.jpg", "user/angle": 0.0, "user/throttle": 0.0, "pos/x": 39.25399398803711, "pos/y": -5.06181001663208, "pos/z": -84.6058120727539, "rpy/roll": -3.4237470070819267, "rpy/pitch": 4.134225094034411, "rpy/yaw": 54.64660506966373, "milliseconds": 103039}