{"cam/image1": "870_cam-image1_.jpg", "user/angle": 0.0, "user/throttle": 0.0, "pos/x": 32.91871643066406, "pos/y": -4.951439380645752, "pos/z": -79.74221801757812, "rpy/roll": -2.3800304623552804, "rpy/pitch": 1.1141632761225055, "rpy/yaw": 40.58663654024965, "milliseconds": 96640}