{"cam/image1": "1276_cam-image1_.jpg", "user/angle": 0.0, "user/throttle": 0.0, "pos/x": 49.514610290527344, "pos/y": -8.061881065368652, "pos/z": -95.00725555419922, "rpy/roll": 2.859437786062171, "rpy/pitch": -1.5368110966708919, "rpy/yaw": 49.0435863007619, "milliseconds": 117044}