{"cam/image1": "136_cam-image1_.jpg", "user/angle": 0.0, "user/throttle": 0.0, "pos/x": 3.342620611190796, "pos/y": -0.9650004506111145, "pos/z": -19.308887481689453, "rpy/roll": 8.845703329470144, "rpy/pitch": -1.1511297521786223, "rpy/yaw": 25.266780345715254, "milliseconds": 29193}