{"cam/image1": "1176_cam-image1_.jpg", "user/angle": 0.0, "user/throttle": 0.0, "pos/x": 46.861629486083984, "pos/y": -6.6583709716796875, "pos/z": -92.34120178222656, "rpy/roll": -1.3528293194131153, "rpy/pitch": 1.1928365398738512, "rpy/yaw": 40.26801095309151, "milliseconds": 112017}