{"cam/image1": "1043_cam-image1_.jpg", "user/angle": 0.0, "user/throttle": 0.0, "pos/x": 41.41421890258789, "pos/y": -5.825502872467041, "pos/z": -86.33219909667969, "rpy/roll": -1.343842685306971, "rpy/pitch": 2.611992609370297, "rpy/yaw": 41.53940383002753, "milliseconds": 105353}