{"cam/image1": "1192_cam-image1_.jpg", "user/angle": 0.0, "user/throttle": 0.0, "pos/x": 47.71168899536133, "pos/y": -6.828679084777832, "pos/z": -93.05390167236328, "rpy/roll": -5.221813641252141, "rpy/pitch": 2.67743588780262, "rpy/yaw": 42.40583207792286, "milliseconds": 112833}