{"cam/image1": "693_cam-image1_.jpg", "user/angle": 0.0, "user/throttle": 0.0, "pos/x": 28.286197662353516, "pos/y": -4.6824493408203125, "pos/z": -69.69847106933594, "rpy/roll": -8.113671090412367, "rpy/pitch": 0.341457950639395, "rpy/yaw": 19.548818748099983, "milliseconds": 87760}