{"cam/image1": "901_cam-image1_.jpg", "user/angle": 0.0, "user/throttle": 0.0, "pos/x": 34.331356048583984, "pos/y": -4.88800048828125, "pos/z": -81.0983657836914, "rpy/roll": -1.4688258092788253, "rpy/pitch": 3.118882973116157, "rpy/yaw": 49.03482473054966, "milliseconds": 98225}