{"cam/image1": "219_cam-image1_.jpg", "user/angle": 0.0, "user/throttle": 0.0, "pos/x": 7.7028937339782715, "pos/y": -1.5553555488586426, "pos/z": -32.580177307128906, "rpy/roll": 9.307780344255082, "rpy/pitch": 5.251964395274341, "rpy/yaw": 21.408108976743524, "milliseconds": 43521}