{"cam/image1": "524_cam-image1_.jpg", "user/angle": 0.0, "user/throttle": 0.0, "pos/x": 25.244260787963867, "pos/y": -4.144125938415527, "pos/z": -59.50216293334961, "rpy/roll": -7.087726526029881, "rpy/pitch": 1.7390996390240905, "rpy/yaw": 18.160076518116266, "milliseconds": 79284}