{"cam/image1": "850_cam-image1_.jpg", "user/angle": 0.0, "user/throttle": 0.0, "pos/x": 32.249595642089844, "pos/y": -4.756736755371094, "pos/z": -78.71214294433594, "rpy/roll": -3.6224003157663156, "rpy/pitch": 2.1962097645808742, "rpy/yaw": 35.56216578591723, "milliseconds": 95637}