{"cam/image1": "845_cam-image1_.jpg", "user/angle": 0.0, "user/throttle": 0.0, "pos/x": 32.086238861083984, "pos/y": -4.767472267150879, "pos/z": -78.49754333496094, "rpy/roll": -5.7619418452913465, "rpy/pitch": 2.0421802080682703, "rpy/yaw": 32.1270330983472, "milliseconds": 95385}