{"cam/image1": "1075_cam-image1_.jpg", "user/angle": 0.0, "user/throttle": 0.0, "pos/x": 42.62556457519531, "pos/y": -6.250360012054443, "pos/z": -87.73428344726562, "rpy/roll": 0.24914209396659937, "rpy/pitch": 1.4605316917947193, "rpy/yaw": 37.17304442703025, "milliseconds": 106956}