{"cam/image1": "1010_cam-image1_.jpg", "user/angle": 0.0, "user/throttle": 0.0, "pos/x": 39.982547760009766, "pos/y": -5.55256986618042, "pos/z": -84.95214080810547, "rpy/roll": -7.216737543953422, "rpy/pitch": 4.4977365461014704, "rpy/yaw": 52.5983427281779, "milliseconds": 103691}