{"cam/image1": "501_cam-image1_.jpg", "user/angle": 0.0, "user/throttle": 0.0, "pos/x": 24.723770141601562, "pos/y": -4.211368560791016, "pos/z": -58.3004150390625, "rpy/roll": -2.886656999864633, "rpy/pitch": 0.17640658931197142, "rpy/yaw": 22.825247720335383, "milliseconds": 78132}