{"cam/image1": "849_cam-image1_.jpg", "user/angle": 0.0, "user/throttle": 0.0, "pos/x": 32.225215911865234, "pos/y": -4.75532865524292, "pos/z": -78.68373107910156, "rpy/roll": -4.157443314363104, "rpy/pitch": 3.1989882856839857, "rpy/yaw": 35.48433133687242, "milliseconds": 95585}