{"cam/image1": "944_cam-image1_.jpg", "user/angle": 0.0, "user/throttle": 0.0, "pos/x": 36.56753158569336, "pos/y": -4.883059024810791, "pos/z": -82.66850280761719, "rpy/roll": 3.4638485822473837, "rpy/pitch": 2.494276707983465, "rpy/yaw": 51.600645505070496, "milliseconds": 100381}