{"cam/image1": "966_cam-image1_.jpg", "user/angle": 0.0, "user/throttle": 0.0, "pos/x": 37.672882080078125, "pos/y": -4.886353492736816, "pos/z": -83.45098114013672, "rpy/roll": 2.385915587977586, "rpy/pitch": 3.3741440117666093, "rpy/yaw": 56.11301986751073, "milliseconds": 101484}