{"cam/image1": "722_cam-image1_.jpg", "user/angle": 0.0, "user/throttle": 0.0, "pos/x": 28.81151008605957, "pos/y": -4.386688232421875, "pos/z": -71.55009460449219, "rpy/roll": 1.9843877650222406, "rpy/pitch": 1.0221222531470011, "rpy/yaw": 13.27409530587605, "milliseconds": 89216}