{"cam/image1": "249_cam-image1_.jpg", "user/angle": 0.0, "user/throttle": 0.0, "pos/x": 8.722271919250488, "pos/y": -1.5897551774978638, "pos/z": -33.738441467285156, "rpy/roll": -0.2318862492016075, "rpy/pitch": 3.0200988066258394, "rpy/yaw": 40.30221603525077, "milliseconds": 45029}