{"cam/image1": "191_cam-image1_.jpg", "user/angle": 0.0, "user/throttle": 0.0, "pos/x": 4.5223283767700195, "pos/y": -1.1071659326553345, "pos/z": -22.244888305664062, "rpy/roll": 7.074791781879292, "rpy/pitch": 6.552590053626602, "rpy/yaw": 13.655268869711163, "milliseconds": 31951}