{"cam/image1": "593_cam-image1_.jpg", "user/angle": 0.0, "user/throttle": 0.0, "pos/x": 26.50027084350586, "pos/y": -4.423666000366211, "pos/z": -63.30097961425781, "rpy/roll": -6.999670045107878, "rpy/pitch": -3.0202172944958483, "rpy/yaw": 17.935945239168163, "milliseconds": 82744}