{"cam/image1": "1123_cam-image1_.jpg", "user/angle": 0.0, "user/throttle": 0.0, "pos/x": 44.60027313232422, "pos/y": -6.455789566040039, "pos/z": -89.80565643310547, "rpy/roll": 6.504488739148926, "rpy/pitch": 1.914222526163949, "rpy/yaw": 40.43002053832307, "milliseconds": 109360}