{"cam/image1": "1205_cam-image1_.jpg", "user/angle": 0.0, "user/throttle": 0.0, "pos/x": 48.23371124267578, "pos/y": -7.051716327667236, "pos/z": -93.58391571044922, "rpy/roll": -17.171902023670896, "rpy/pitch": 0.8835608102308429, "rpy/yaw": 58.20921211513758, "milliseconds": 113483}