{"cam/image1": "772_cam-image1_.jpg", "user/angle": 0.0, "user/throttle": 0.0, "pos/x": 29.853281021118164, "pos/y": -4.218446731567383, "pos/z": -74.53185272216797, "rpy/roll": -0.6772083848349965, "rpy/pitch": -1.6563988076184135, "rpy/yaw": 25.620777234929676, "milliseconds": 91725}