{"cam/image1": "905_cam-image1_.jpg", "user/angle": 0.0, "user/throttle": 0.0, "pos/x": 34.513912200927734, "pos/y": -4.8965373039245605, "pos/z": -81.25892639160156, "rpy/roll": -3.177972241041488, "rpy/pitch": 4.582814856195979, "rpy/yaw": 48.80734729050654, "milliseconds": 98426}