{"cam/image1": "1218_cam-image1_.jpg", "user/angle": 0.0, "user/throttle": 0.0, "pos/x": 48.789546966552734, "pos/y": -6.9756269454956055, "pos/z": -93.3650894165039, "rpy/roll": -8.158072345809684, "rpy/pitch": 12.583374740650568, "rpy/yaw": 47.22578474651495, "milliseconds": 114127}