{"cam/image1": "374_cam-image1_.jpg", "user/angle": 0.0, "user/throttle": 0.0, "pos/x": 22.326135635375977, "pos/y": -3.0887653827667236, "pos/z": -52.612205505371094, "rpy/roll": 1.5924439339593093, "rpy/pitch": -7.155295250949928, "rpy/yaw": 18.648436556866166, "milliseconds": 71757}