{"cam/image1": "445_cam-image1_.jpg", "user/angle": 0.0, "user/throttle": 0.0, "pos/x": 23.545963287353516, "pos/y": -4.194449424743652, "pos/z": -55.436641693115234, "rpy/roll": -2.3723447356932077, "rpy/pitch": 0.9945233981153617, "rpy/yaw": 22.971130263203207, "milliseconds": 75323}