{"cam/image1": "370_cam-image1_.jpg", "user/angle": 0.0, "user/throttle": 0.0, "pos/x": 22.27400779724121, "pos/y": -3.0703227519989014, "pos/z": -52.48950958251953, "rpy/roll": 3.2182405083102608, "rpy/pitch": -7.988007707942041, "rpy/yaw": 15.239587644943999, "milliseconds": 71557}