{"cam/image1": "523_cam-image1_.jpg", "user/angle": 0.0, "user/throttle": 0.0, "pos/x": 25.221303939819336, "pos/y": -4.141160011291504, "pos/z": -59.435997009277344, "rpy/roll": -7.544388506574799, "rpy/pitch": 0.9923895504480054, "rpy/yaw": 18.692646926826203, "milliseconds": 79236}