{"cam/image1": "44_cam-image1_.jpg", "user/angle": 0.0, "user/throttle": 0.0, "pos/x": 1.137911081314087, "pos/y": -0.6886647939682007, "pos/z": -14.495190620422363, "rpy/roll": 4.290562756595851, "rpy/pitch": 3.068716318536289, "rpy/yaw": 14.582309942696906, "milliseconds": 24564}