{"cam/image1": "327_cam-image1_.jpg", "user/angle": 0.0, "user/throttle": 0.0, "pos/x": 21.85540199279785, "pos/y": -2.791600227355957, "pos/z": -51.09756088256836, "rpy/roll": 1.6655162986174996, "rpy/pitch": -11.168908071657098, "rpy/yaw": 26.478653038826447, "milliseconds": 69403}