{"cam/image1": "1238_cam-image1_.jpg", "user/angle": 0.0, "user/throttle": 0.0, "pos/x": 48.93379211425781, "pos/y": -7.22405481338501, "pos/z": -94.16072082519531, "rpy/roll": -8.527176230402388, "rpy/pitch": 0.839919731158406, "rpy/yaw": 9.932742838973638, "milliseconds": 115129}