{"cam/image1": "684_cam-image1_.jpg", "user/angle": 0.0, "user/throttle": 0.0, "pos/x": 28.12757682800293, "pos/y": -4.705851078033447, "pos/z": -69.0930404663086, "rpy/roll": -10.009722233853953, "rpy/pitch": 0.9992794468826692, "rpy/yaw": 22.653097276353567, "milliseconds": 87308}