{"cam/image1": "448_cam-image1_.jpg", "user/angle": 0.0, "user/throttle": 0.0, "pos/x": 23.623559951782227, "pos/y": -4.206829071044922, "pos/z": -55.56590270996094, "rpy/roll": -3.9186428708351833, "rpy/pitch": 1.8311150937961544, "rpy/yaw": 26.56994245957905, "milliseconds": 75473}