{"cam/image1": "58_cam-image1_.jpg", "user/angle": 0.0, "user/throttle": 0.0, "pos/x": 1.3266401290893555, "pos/y": -0.7219449281692505, "pos/z": -15.218563079833984, "rpy/roll": -0.9048149874043971, "rpy/pitch": 2.1179629490890353, "rpy/yaw": 18.444569566457304, "milliseconds": 25274}