{"cam/image1": "685_cam-image1_.jpg", "user/angle": 0.0, "user/throttle": 0.0, "pos/x": 28.14377212524414, "pos/y": -4.71105432510376, "pos/z": -69.1336669921875, "rpy/roll": -10.251532660861136, "rpy/pitch": 1.8287453504701257, "rpy/yaw": 22.125523723587527, "milliseconds": 87359}