{"cam/image1": "324_cam-image1_.jpg", "user/angle": 0.0, "user/throttle": 0.0, "pos/x": 21.816556930541992, "pos/y": -2.769845485687256, "pos/z": -51.021697998046875, "rpy/roll": 1.5590516814079374, "rpy/pitch": -10.108859990958337, "rpy/yaw": 26.562468838056695, "milliseconds": 69249}