{"cam/image1": "584_cam-image1_.jpg", "user/angle": 0.0, "user/throttle": 0.0, "pos/x": 26.332351684570312, "pos/y": -4.432376861572266, "pos/z": -62.73834991455078, "rpy/roll": -4.543125890420924, "rpy/pitch": -1.9195446506662366, "rpy/yaw": 10.983737615425031, "milliseconds": 82293}