{"cam/image1": "824_cam-image1_.jpg", "user/angle": 0.0, "user/throttle": 0.0, "pos/x": 31.437171936035156, "pos/y": -4.510313987731934, "pos/z": -77.43965148925781, "rpy/roll": -9.461926447972171, "rpy/pitch": -3.9607502580693774, "rpy/yaw": 36.86712262355719, "milliseconds": 94334}