{"cam/image1": "841_cam-image1_.jpg", "user/angle": 0.0, "user/throttle": 0.0, "pos/x": 32.08282470703125, "pos/y": -4.752725124359131, "pos/z": -78.24390411376953, "rpy/roll": -5.914802987764809, "rpy/pitch": 2.0524619557131247, "rpy/yaw": 33.232331155385424, "milliseconds": 95185}