{"cam/image1": "1015_cam-image1_.jpg", "user/angle": 0.0, "user/throttle": 0.0, "pos/x": 40.24358367919922, "pos/y": -5.636928081512451, "pos/z": -85.1507568359375, "rpy/roll": -3.6476943061738285, "rpy/pitch": 3.324176973764788, "rpy/yaw": 50.83574852683392, "milliseconds": 103941}