{"cam/image1": "770_cam-image1_.jpg", "user/angle": 0.0, "user/throttle": 0.0, "pos/x": 29.7880859375, "pos/y": -4.204102516174316, "pos/z": -74.43193054199219, "rpy/roll": 1.1529934605368994, "rpy/pitch": -3.063936104758028, "rpy/yaw": 23.546432746985325, "milliseconds": 91624}