{"cam/image1": "742_cam-image1_.jpg", "user/angle": 0.0, "user/throttle": 0.0, "pos/x": 29.158367156982422, "pos/y": -4.297006130218506, "pos/z": -72.75931549072266, "rpy/roll": 8.166224590427126, "rpy/pitch": -1.3405933121747136, "rpy/yaw": 12.085945036721979, "milliseconds": 90219}