{"cam/image1": "1297_cam-image1_.jpg", "user/angle": 0.0, "user/throttle": 0.0, "pos/x": 50.266822814941406, "pos/y": -8.583276748657227, "pos/z": -95.64642333984375, "rpy/roll": 3.438762227970745, "rpy/pitch": -0.5243490337272114, "rpy/yaw": 35.52432106480101, "milliseconds": 128196}