{"cam/image1": "745_cam-image1_.jpg", "user/angle": 0.0, "user/throttle": 0.0, "pos/x": 29.180377960205078, "pos/y": -4.265784740447998, "pos/z": -72.93677520751953, "rpy/roll": 8.482360317889043, "rpy/pitch": -0.663678695379252, "rpy/yaw": 13.634251780324727, "milliseconds": 90370}