{"cam/image1": "714_cam-image1_.jpg", "user/angle": 0.0, "user/throttle": 0.0, "pos/x": 28.673965454101562, "pos/y": -4.397153377532959, "pos/z": -71.06290435791016, "rpy/roll": 0.6149858046059864, "rpy/pitch": 1.0990592984034648, "rpy/yaw": 13.8346206140164, "milliseconds": 88813}