{"cam/image1": "872_cam-image1_.jpg", "user/angle": 0.0, "user/throttle": 0.0, "pos/x": 33.00674819946289, "pos/y": -4.972654342651367, "pos/z": -79.83612823486328, "rpy/roll": -2.387504441383824, "rpy/pitch": 0.062436711820714766, "rpy/yaw": 41.17106384170157, "milliseconds": 96739}