{"cam/image1": "522_cam-image1_.jpg", "user/angle": 0.0, "user/throttle": 0.0, "pos/x": 25.210126876831055, "pos/y": -4.131998062133789, "pos/z": -59.40146255493164, "rpy/roll": -7.367354893340513, "rpy/pitch": -0.8306981188648858, "rpy/yaw": 18.912643205227592, "milliseconds": 79185}