{"cam/image1": "68_cam-image1_.jpg", "user/angle": 0.0, "user/throttle": 0.0, "pos/x": 1.5251840353012085, "pos/y": -0.755806028842926, "pos/z": -15.774538040161133, "rpy/roll": -1.3899771860662886, "rpy/pitch": 0.9495136904778984, "rpy/yaw": 20.065665881077503, "milliseconds": 25774}