{"cam/image1": "1091_cam-image1_.jpg", "user/angle": 0.0, "user/throttle": 0.0, "pos/x": 43.36464309692383, "pos/y": -6.385045528411865, "pos/z": -88.36841583251953, "rpy/roll": 3.8834399173478684, "rpy/pitch": 1.7621601274545673, "rpy/yaw": 37.10074715341716, "milliseconds": 107755}