{"cam/image1": "383_cam-image1_.jpg", "user/angle": 0.0, "user/throttle": 0.0, "pos/x": 22.443368911743164, "pos/y": -3.1688055992126465, "pos/z": -52.94152069091797, "rpy/roll": 4.6291157885533885, "rpy/pitch": -6.0995706362289654, "rpy/yaw": 18.014107534150636, "milliseconds": 72208}