{"cam/image1": "173_cam-image1_.jpg", "user/angle": 0.0, "user/throttle": 0.0, "pos/x": 4.226977825164795, "pos/y": -1.1300253868103027, "pos/z": -21.260438919067383, "rpy/roll": 8.647714661792032, "rpy/pitch": 0.6063215224687655, "rpy/yaw": 18.652428569649796, "milliseconds": 31048}