{"cam/image1": "88_cam-image1_.jpg", "user/angle": 0.0, "user/throttle": 0.0, "pos/x": 1.9088973999023438, "pos/y": -0.7537673711776733, "pos/z": -16.799108505249023, "rpy/roll": -7.103476031370541, "rpy/pitch": 3.4295247627707983, "rpy/yaw": 23.999540303681208, "milliseconds": 26777}