{"cam/image1": "471_cam-image1_.jpg", "user/angle": 0.0, "user/throttle": 0.0, "pos/x": 24.126361846923828, "pos/y": -4.264852046966553, "pos/z": -56.66501235961914, "rpy/roll": -1.8251867487858844, "rpy/pitch": -1.120828950362263, "rpy/yaw": 23.27636733358044, "milliseconds": 76627}