{"cam/image1": "644_cam-image1_.jpg", "user/angle": 0.0, "user/throttle": 0.0, "pos/x": 27.273296356201172, "pos/y": -4.826394557952881, "pos/z": -66.47830963134766, "rpy/roll": -1.7531831660740915, "rpy/pitch": 0.3032102783423408, "rpy/yaw": 22.303626306552932, "milliseconds": 85302}