{"cam/image1": "477_cam-image1_.jpg", "user/angle": 0.0, "user/throttle": 0.0, "pos/x": 24.216861724853516, "pos/y": -4.326945781707764, "pos/z": -56.98797607421875, "rpy/roll": -1.0203623055612192, "rpy/pitch": 0.04519585668376711, "rpy/yaw": 22.18884341297171, "milliseconds": 76928}