{"cam/image1": "213_cam-image1_.jpg", "user/angle": 0.0, "user/throttle": 0.0, "pos/x": 4.69678258895874, "pos/y": -1.1224826574325562, "pos/z": -23.397106170654297, "rpy/roll": 7.353012952726194, "rpy/pitch": 5.443359579360432, "rpy/yaw": 4.435688926820671, "milliseconds": 33061}