{"cam/image1": "1224_cam-image1_.jpg", "user/angle": 0.0, "user/throttle": 0.0, "pos/x": 48.73151397705078, "pos/y": -7.178123474121094, "pos/z": -93.69196319580078, "rpy/roll": -3.985276239618355, "rpy/pitch": 3.2294597191163668, "rpy/yaw": 32.054789249053556, "milliseconds": 114428}