{"cam/image1": "906_cam-image1_.jpg", "user/angle": 0.0, "user/throttle": 0.0, "pos/x": 34.58978271484375, "pos/y": -4.911009311676025, "pos/z": -81.31584167480469, "rpy/roll": -4.246498591726106, "rpy/pitch": 2.271522798151979, "rpy/yaw": 50.36770843621374, "milliseconds": 98476}