{"cam/image1": "868_cam-image1_.jpg", "user/angle": 0.0, "user/throttle": 0.0, "pos/x": 32.845733642578125, "pos/y": -4.937472820281982, "pos/z": -79.65107727050781, "rpy/roll": -1.9897487570971215, "rpy/pitch": -0.47338717611884396, "rpy/yaw": 39.603205089350475, "milliseconds": 96540}