{"cam/image1": "1078_cam-image1_.jpg", "user/angle": 0.0, "user/throttle": 0.0, "pos/x": 42.74225997924805, "pos/y": -6.260566234588623, "pos/z": -87.84435272216797, "rpy/roll": -0.053909358072474343, "rpy/pitch": 2.7906656613361323, "rpy/yaw": 37.83143131427834, "milliseconds": 107101}