{"cam/image1": "937_cam-image1_.jpg", "user/angle": 0.0, "user/throttle": 0.0, "pos/x": 36.16091537475586, "pos/y": -4.894059181213379, "pos/z": -82.40109252929688, "rpy/roll": -2.291309282013763, "rpy/pitch": 5.000913209682941, "rpy/yaw": 52.20537638743693, "milliseconds": 100030}