{"cam/image1": "363_cam-image1_.jpg", "user/angle": 0.0, "user/throttle": 0.0, "pos/x": 22.191137313842773, "pos/y": -3.0053529739379883, "pos/z": -52.23537063598633, "rpy/roll": 4.4133549415931626, "rpy/pitch": -7.392903018143954, "rpy/yaw": 12.56755324622908, "milliseconds": 71205}