{"cam/image1": "466_cam-image1_.jpg", "user/angle": 0.0, "user/throttle": 0.0, "pos/x": 24.041542053222656, "pos/y": -4.228813648223877, "pos/z": -56.41769027709961, "rpy/roll": -3.374512976190657, "rpy/pitch": 0.19599834718135176, "rpy/yaw": 23.931617394421966, "milliseconds": 76376}