{"cam/image1": "292_cam-image1_.jpg", "user/angle": 0.0, "user/throttle": 0.0, "pos/x": 14.328310012817383, "pos/y": -2.312891721725464, "pos/z": -45.74562454223633, "rpy/roll": 10.63999411608997, "rpy/pitch": 4.7291292186019716, "rpy/yaw": 41.60970631397712, "milliseconds": 57370}