{"cam/image1": "1239_cam-image1_.jpg", "user/angle": 0.0, "user/throttle": 0.0, "pos/x": 48.942806243896484, "pos/y": -7.0898942947387695, "pos/z": -94.19857025146484, "rpy/roll": -6.598559861202558, "rpy/pitch": 0.556449923543113, "rpy/yaw": 9.027603462868967, "milliseconds": 115180}