{"cam/image1": "291_cam-image1_.jpg", "user/angle": 0.0, "user/throttle": 0.0, "pos/x": 14.294336318969727, "pos/y": -2.3108696937561035, "pos/z": -45.71501922607422, "rpy/roll": 9.950848494670101, "rpy/pitch": 5.582303623803128, "rpy/yaw": 41.5463437593746, "milliseconds": 57319}