{"cam/image1": "856_cam-image1_.jpg", "user/angle": 0.0, "user/throttle": 0.0, "pos/x": 32.48186111450195, "pos/y": -4.811622619628906, "pos/z": -79.01827239990234, "rpy/roll": -1.0287031487768188, "rpy/pitch": -0.06470783643780319, "rpy/yaw": 36.48019373105958, "milliseconds": 95937}