{"cam/image1": "1038_cam-image1_.jpg", "user/angle": 0.0, "user/throttle": 0.0, "pos/x": 41.20784378051758, "pos/y": -5.77805757522583, "pos/z": -86.1194076538086, "rpy/roll": -1.1890459735840793, "rpy/pitch": 1.7950071011225985, "rpy/yaw": 42.04907128376296, "milliseconds": 105095}