{"cam/image1": "101_cam-image1_.jpg", "user/angle": 0.0, "user/throttle": 0.0, "pos/x": 2.2732770442962646, "pos/y": -0.7842869758605957, "pos/z": -17.420564651489258, "rpy/roll": 2.51372830627931, "rpy/pitch": 3.155082370542906, "rpy/yaw": 23.19792406666721, "milliseconds": 27452}