{"cam/image1": "990_cam-image1_.jpg", "user/angle": 0.0, "user/throttle": 0.0, "pos/x": 38.898170471191406, "pos/y": -4.974697589874268, "pos/z": -84.33405303955078, "rpy/roll": -0.48867285046028947, "rpy/pitch": 2.016173062099824, "rpy/yaw": 54.98072288191571, "milliseconds": 102688}