{"cam/image1": "1237_cam-image1_.jpg", "user/angle": 0.0, "user/throttle": 0.0, "pos/x": 48.909332275390625, "pos/y": -7.233433723449707, "pos/z": -94.15277862548828, "rpy/roll": -9.334992130369343, "rpy/pitch": 0.6650621613141519, "rpy/yaw": 10.653484672274498, "milliseconds": 115080}