{"cam/image1": "748_cam-image1_.jpg", "user/angle": 0.0, "user/throttle": 0.0, "pos/x": 29.233821868896484, "pos/y": -4.336708068847656, "pos/z": -73.14986419677734, "rpy/roll": 8.189067235196536, "rpy/pitch": -3.1147263834996295, "rpy/yaw": 12.866045447337157, "milliseconds": 90519}