{"cam/image1": "167_cam-image1_.jpg", "user/angle": 0.0, "user/throttle": 0.0, "pos/x": 4.0986809730529785, "pos/y": -1.0835399627685547, "pos/z": -20.922687530517578, "rpy/roll": 7.721961227457191, "rpy/pitch": 1.4161973922976405, "rpy/yaw": 22.38830208533297, "milliseconds": 30749}