{"cam/image1": "840_cam-image1_.jpg", "user/angle": 0.0, "user/throttle": 0.0, "pos/x": 32.04210662841797, "pos/y": -4.746042728424072, "pos/z": -78.18212127685547, "rpy/roll": -6.21069898929002, "rpy/pitch": 2.548363431783221, "rpy/yaw": 33.33393745824443, "milliseconds": 95136}