{"cam/image1": "720_cam-image1_.jpg", "user/angle": 0.0, "user/throttle": 0.0, "pos/x": 28.756921768188477, "pos/y": -4.362065315246582, "pos/z": -71.43513488769531, "rpy/roll": 2.0475886197394493, "rpy/pitch": 0.9781682557497478, "rpy/yaw": 13.121229858300975, "milliseconds": 89115}