{"cam/image1": "767_cam-image1_.jpg", "user/angle": 0.0, "user/throttle": 0.0, "pos/x": 29.708751678466797, "pos/y": -4.203561782836914, "pos/z": -74.28697204589844, "rpy/roll": 4.891464712565396, "rpy/pitch": -1.150878894465121, "rpy/yaw": 20.875281372630795, "milliseconds": 91473}