{"cam/image1": "1310_cam-image1_.jpg", "user/angle": 0.0, "user/throttle": 0.0, "pos/x": 57.46903991699219, "pos/y": -8.774839401245117, "pos/z": -105.24279022216797, "rpy/roll": -5.575038878799719, "rpy/pitch": 3.8918104854657583, "rpy/yaw": 43.53740130142356, "milliseconds": 128815}