{"cam/image1": "665_cam-image1_.jpg", "user/angle": 0.0, "user/throttle": 0.0, "pos/x": 27.62748146057129, "pos/y": -4.7797532081604, "pos/z": -67.86518096923828, "rpy/roll": -6.479009174235099, "rpy/pitch": 0.5455751465425366, "rpy/yaw": 19.201229780779546, "milliseconds": 86354}