{"cam/image1": "1065_cam-image1_.jpg", "user/angle": 0.0, "user/throttle": 0.0, "pos/x": 42.218841552734375, "pos/y": -6.079684734344482, "pos/z": -87.30044555664062, "rpy/roll": -0.0020444170373911156, "rpy/pitch": 0.8304896542968448, "rpy/yaw": 37.50663242067272, "milliseconds": 106448}