{"cam/image1": "1125_cam-image1_.jpg", "user/angle": 0.0, "user/throttle": 0.0, "pos/x": 44.67948913574219, "pos/y": -6.448389530181885, "pos/z": -89.9041748046875, "rpy/roll": 6.6681041446007345, "rpy/pitch": 1.8164185914500377, "rpy/yaw": 39.44152803298372, "milliseconds": 109460}