{"cam/image1": "405_cam-image1_.jpg", "user/angle": 0.0, "user/throttle": 0.0, "pos/x": 22.843454360961914, "pos/y": -3.295618772506714, "pos/z": -53.743751525878906, "rpy/roll": 0.010814373846894144, "rpy/pitch": 0.33459979814679797, "rpy/yaw": 24.99248222922217, "milliseconds": 73312}