{"cam/image1": "825_cam-image1_.jpg", "user/angle": 0.0, "user/throttle": 0.0, "pos/x": 31.485197067260742, "pos/y": -4.485729694366455, "pos/z": -77.5016860961914, "rpy/roll": -10.517888444342084, "rpy/pitch": -1.5338828090591121, "rpy/yaw": 38.794268476546634, "milliseconds": 94391}