{"cam/image1": "982_cam-image1_.jpg", "user/angle": 0.0, "user/throttle": 0.0, "pos/x": 38.5286979675293, "pos/y": -4.987160682678223, "pos/z": -84.01531219482422, "rpy/roll": 1.6773440830756086, "rpy/pitch": -0.2832484207303502, "rpy/yaw": 55.972758547446816, "milliseconds": 102286}