{"cam/image1": "391_cam-image1_.jpg", "user/angle": 0.0, "user/throttle": 0.0, "pos/x": 22.562881469726562, "pos/y": -3.2708792686462402, "pos/z": -53.28396987915039, "rpy/roll": 4.248826766076533, "rpy/pitch": -7.1183168119386035, "rpy/yaw": 18.320243902003522, "milliseconds": 72609}