{"cam/image1": "809_cam-image1_.jpg", "user/angle": 0.0, "user/throttle": 0.0, "pos/x": 30.912532806396484, "pos/y": -4.414813995361328, "pos/z": -76.63491821289062, "rpy/roll": -7.402998104025768, "rpy/pitch": -3.2950745423400845, "rpy/yaw": 26.351668945503135, "milliseconds": 93580}