{"cam/image1": "438_cam-image1_.jpg", "user/angle": 0.0, "user/throttle": 0.0, "pos/x": 23.291044235229492, "pos/y": -3.8264806270599365, "pos/z": -55.20397186279297, "rpy/roll": -0.586038387398448, "rpy/pitch": 0.2612064653196396, "rpy/yaw": 20.673686140916246, "milliseconds": 74980}