{"cam/image1": "1137_cam-image1_.jpg", "user/angle": 0.0, "user/throttle": 0.0, "pos/x": 45.10654067993164, "pos/y": -6.42692232131958, "pos/z": -90.49784851074219, "rpy/roll": 7.156112021275151, "rpy/pitch": 3.602253697333917, "rpy/yaw": 39.05484828930393, "milliseconds": 110070}