{"cam/image1": "1029_cam-image1_.jpg", "user/angle": 0.0, "user/throttle": 0.0, "pos/x": 40.81396484375, "pos/y": -5.776659965515137, "pos/z": -85.81417846679688, "rpy/roll": -10.122315988712884, "rpy/pitch": 1.2519403221276229, "rpy/yaw": 44.110902701536126, "milliseconds": 104643}