{"cam/image1": "737_cam-image1_.jpg", "user/angle": 0.0, "user/throttle": 0.0, "pos/x": 29.06733512878418, "pos/y": -4.282800197601318, "pos/z": -72.4467544555664, "rpy/roll": 6.838856653105595, "rpy/pitch": 0.07067517332758312, "rpy/yaw": 11.503062924814957, "milliseconds": 89968}