{"cam/image1": "646_cam-image1_.jpg", "user/angle": 0.0, "user/throttle": 0.0, "pos/x": 27.325647354125977, "pos/y": -4.822716236114502, "pos/z": -66.60572052001953, "rpy/roll": -1.6128728052520116, "rpy/pitch": 2.327522818044529, "rpy/yaw": 21.292893834066092, "milliseconds": 85403}