{"cam/image1": "1048_cam-image1_.jpg", "user/angle": 0.0, "user/throttle": 0.0, "pos/x": 41.59345626831055, "pos/y": -5.9613871574401855, "pos/z": -86.54598999023438, "rpy/roll": -0.24981663202978197, "rpy/pitch": 2.4284487612030925, "rpy/yaw": 40.090251117627794, "milliseconds": 105596}