{"cam/image1": "277_cam-image1_.jpg", "user/angle": 0.0, "user/throttle": 0.0, "pos/x": 13.80478572845459, "pos/y": -2.292539358139038, "pos/z": -45.07312774658203, "rpy/roll": 6.280618087665089, "rpy/pitch": 4.122172832665891, "rpy/yaw": 34.88909575371056, "milliseconds": 56624}