{"cam/image1": "392_cam-image1_.jpg", "user/angle": 0.0, "user/throttle": 0.0, "pos/x": 22.5786190032959, "pos/y": -3.2691266536712646, "pos/z": -53.311317443847656, "rpy/roll": 3.9173127012549425, "rpy/pitch": -7.468870067154172, "rpy/yaw": 18.804532591163838, "milliseconds": 72660}