{"cam/image1": "65_cam-image1_.jpg", "user/angle": 0.0, "user/throttle": 0.0, "pos/x": 1.4604991674423218, "pos/y": -0.7455678582191467, "pos/z": -15.605011940002441, "rpy/roll": -0.40058030561607433, "rpy/pitch": 1.273726548865549, "rpy/yaw": 19.555766260839015, "milliseconds": 25624}