{"cam/image1": "1126_cam-image1_.jpg", "user/angle": 0.0, "user/throttle": 0.0, "pos/x": 44.72997283935547, "pos/y": -6.437514781951904, "pos/z": -89.9737319946289, "rpy/roll": 7.13210519673913, "rpy/pitch": 2.3762738938517263, "rpy/yaw": 39.673552128789744, "milliseconds": 109516}