{"cam/image1": "1012_cam-image1_.jpg", "user/angle": 0.0, "user/throttle": 0.0, "pos/x": 40.087005615234375, "pos/y": -5.615659236907959, "pos/z": -85.02558898925781, "rpy/roll": -6.6958582582016835, "rpy/pitch": 4.088042275334318, "rpy/yaw": 51.98970877779625, "milliseconds": 103791}