{"cam/image1": "476_cam-image1_.jpg", "user/angle": 0.0, "user/throttle": 0.0, "pos/x": 24.202604293823242, "pos/y": -4.318084716796875, "pos/z": -56.95298767089844, "rpy/roll": -1.230859793245903, "rpy/pitch": -0.36222027370891363, "rpy/yaw": 21.913469934928024, "milliseconds": 76877}