{"cam/image1": "1273_cam-image1_.jpg", "user/angle": 0.0, "user/throttle": 0.0, "pos/x": 49.428871154785156, "pos/y": -7.982215404510498, "pos/z": -94.96410369873047, "rpy/roll": 2.334402402423939, "rpy/pitch": 0.22911046095882168, "rpy/yaw": 47.80876319104269, "milliseconds": 116884}