{"cam/image1": "24_cam-image1_.jpg", "user/angle": 0.0, "user/throttle": 0.0, "pos/x": -0.3877940773963928, "pos/y": -0.1828857958316803, "pos/z": -4.500003337860107, "rpy/roll": -4.628833905256425, "rpy/pitch": 2.697776734391337, "rpy/yaw": -3.612806393163437, "milliseconds": 13393}