{"cam/image1": "433_cam-image1_.jpg", "user/angle": 0.0, "user/throttle": 0.0, "pos/x": 23.250885009765625, "pos/y": -3.7135212421417236, "pos/z": -54.98708724975586, "rpy/roll": 0.4648346810068973, "rpy/pitch": 0.578490268558849, "rpy/yaw": 21.13245668222024, "milliseconds": 74721}