{"cam/image1": "1320_cam-image1_.jpg", "user/angle": 0.0, "user/throttle": 0.0, "pos/x": 57.95911407470703, "pos/y": -8.754063606262207, "pos/z": -105.6256103515625, "rpy/roll": -0.5003030608639398, "rpy/pitch": 2.922715645100235, "rpy/yaw": 45.90466859745291, "milliseconds": 129316}