{"cam/image1": "467_cam-image1_.jpg", "user/angle": 0.0, "user/throttle": 0.0, "pos/x": 24.047718048095703, "pos/y": -4.2357497215271, "pos/z": -56.45380401611328, "rpy/roll": -3.6726483778991614, "rpy/pitch": -0.4101500305440616, "rpy/yaw": 23.34315485912272, "milliseconds": 76427}