{"cam/image1": "839_cam-image1_.jpg", "user/angle": 0.0, "user/throttle": 0.0, "pos/x": 32.02133560180664, "pos/y": -4.743725299835205, "pos/z": -78.14524841308594, "rpy/roll": -6.314480246373251, "rpy/pitch": 1.6902094220143855, "rpy/yaw": 33.35575528542254, "milliseconds": 95084}