{"cam/image1": "553_cam-image1_.jpg", "user/angle": 0.0, "user/throttle": 0.0, "pos/x": 25.744800567626953, "pos/y": -4.271592617034912, "pos/z": -61.109413146972656, "rpy/roll": -9.134152340755765, "rpy/pitch": -1.3869492567326156, "rpy/yaw": 14.53975352778961, "milliseconds": 80740}