{"cam/image1": "724_cam-image1_.jpg", "user/angle": 0.0, "user/throttle": 0.0, "pos/x": 28.876834869384766, "pos/y": -4.372095108032227, "pos/z": -71.66193389892578, "rpy/roll": 2.615185824629493, "rpy/pitch": 0.49413991012344755, "rpy/yaw": 13.380508613957351, "milliseconds": 89316}