{"cam/image1": "956_cam-image1_.jpg", "user/angle": 0.0, "user/throttle": 0.0, "pos/x": 37.21052169799805, "pos/y": -4.866842746734619, "pos/z": -83.09002685546875, "rpy/roll": 2.3890867080858387, "rpy/pitch": 2.927891302509445, "rpy/yaw": 53.81902683203902, "milliseconds": 100991}