{"cam/image1": "10_cam-image1_.jpg", "user/angle": 0.0, "user/throttle": 0.0, "pos/x": -0.36105313897132874, "pos/y": -0.1528506577014923, "pos/z": -3.862612009048462, "rpy/roll": -2.9771517235421174, "rpy/pitch": 2.996099166623238, "rpy/yaw": 3.4886093003250735, "milliseconds": 12691}