{"cam/image1": "482_cam-image1_.jpg", "user/angle": 0.0, "user/throttle": 0.0, "pos/x": 24.307594299316406, "pos/y": -4.2987799644470215, "pos/z": -57.295433044433594, "rpy/roll": -1.967227746529011, "rpy/pitch": 0.06917055867062089, "rpy/yaw": 24.540757683754794, "milliseconds": 77178}