{"cam/image1": "170_cam-image1_.jpg", "user/angle": 0.0, "user/throttle": 0.0, "pos/x": 4.156138896942139, "pos/y": -1.1073424816131592, "pos/z": -21.072189331054688, "rpy/roll": 8.148279381957597, "rpy/pitch": 1.3490324123577413, "rpy/yaw": 21.281115719386783, "milliseconds": 30897}