{"cam/image1": "51_cam-image1_.jpg", "user/angle": 0.0, "user/throttle": 0.0, "pos/x": 1.2144877910614014, "pos/y": -0.7056914567947388, "pos/z": -14.872868537902832, "rpy/roll": 0.5329424978248379, "rpy/pitch": 3.5566079865595293, "rpy/yaw": 15.588505524863152, "milliseconds": 24921}