{"cam/image1": "650_cam-image1_.jpg", "user/angle": 0.0, "user/throttle": 0.0, "pos/x": 27.40395736694336, "pos/y": -4.814144134521484, "pos/z": -66.86272430419922, "rpy/roll": -0.11519568696955854, "rpy/pitch": 0.5185944431332351, "rpy/yaw": 17.993482787004623, "milliseconds": 85604}