{"cam/image1": "237_cam-image1_.jpg", "user/angle": 0.0, "user/throttle": 0.0, "pos/x": 8.291316032409668, "pos/y": -1.5882011651992798, "pos/z": -33.24772262573242, "rpy/roll": 5.20956649891379, "rpy/pitch": 3.876305369167521, "rpy/yaw": 50.0776461931605, "milliseconds": 44435}