{"cam/image1": "517_cam-image1_.jpg", "user/angle": 0.0, "user/throttle": 0.0, "pos/x": 25.132675170898438, "pos/y": -4.083173751831055, "pos/z": -59.11103057861328, "rpy/roll": -7.101019910815843, "rpy/pitch": 1.970339364026147, "rpy/yaw": 19.530206630497204, "milliseconds": 78934}