{"cam/image1": "498_cam-image1_.jpg", "user/angle": 0.0, "user/throttle": 0.0, "pos/x": 24.660621643066406, "pos/y": -4.235790729522705, "pos/z": -58.16246795654297, "rpy/roll": -2.124757158426836, "rpy/pitch": -0.30693895193102955, "rpy/yaw": 23.57505670948337, "milliseconds": 77981}