{"cam/image1": "293_cam-image1_.jpg", "user/angle": 0.0, "user/throttle": 0.0, "pos/x": 14.394513130187988, "pos/y": -2.3172600269317627, "pos/z": -45.7960090637207, "rpy/roll": 12.272138476922636, "rpy/pitch": 3.5606542517917195, "rpy/yaw": 41.98683195327713, "milliseconds": 57419}