{"cam/image1": "1298_cam-image1_.jpg", "user/angle": 0.0, "user/throttle": 0.0, "pos/x": 57.0405158996582, "pos/y": -8.756097793579102, "pos/z": -104.6430892944336, "rpy/roll": 0.5982104449869348, "rpy/pitch": 3.6649076743445685, "rpy/yaw": 39.43770183483312, "milliseconds": 128208}