{"cam/image1": "805_cam-image1_.jpg", "user/angle": 0.0, "user/throttle": 0.0, "pos/x": 30.729005813598633, "pos/y": -4.39658260345459, "pos/z": -76.42985534667969, "rpy/roll": -17.003423652884706, "rpy/pitch": -0.24780813817391834, "rpy/yaw": 26.17240761038675, "milliseconds": 93379}