{"cam/image1": "537_cam-image1_.jpg", "user/angle": 0.0, "user/throttle": 0.0, "pos/x": 25.42858123779297, "pos/y": -4.1554341316223145, "pos/z": -60.21028518676758, "rpy/roll": -13.44816893037136, "rpy/pitch": -0.9676240344199589, "rpy/yaw": 19.709356077949938, "milliseconds": 79937}