{"cam/image1": "410_cam-image1_.jpg", "user/angle": 0.0, "user/throttle": 0.0, "pos/x": 22.83922004699707, "pos/y": -3.40963077545166, "pos/z": -53.98451614379883, "rpy/roll": 1.6977098018636976, "rpy/pitch": -0.5813566806973943, "rpy/yaw": 21.01915499976224, "milliseconds": 73569}