{"cam/image1": "1168_cam-image1_.jpg", "user/angle": 0.0, "user/throttle": 0.0, "pos/x": 46.58885955810547, "pos/y": -6.644184112548828, "pos/z": -91.89990234375, "rpy/roll": 2.366947902105095, "rpy/pitch": 2.0558953418785935, "rpy/yaw": 40.67772234507057, "milliseconds": 111616}