{"cam/image1": "59_cam-image1_.jpg", "user/angle": 0.0, "user/throttle": 0.0, "pos/x": 1.3470759391784668, "pos/y": -0.7231631278991699, "pos/z": -15.286742210388184, "rpy/roll": -0.9299968302719795, "rpy/pitch": 3.142094608214511, "rpy/yaw": 18.454527615083432, "milliseconds": 25329}