{"cam/image1": "994_cam-image1_.jpg", "user/angle": 0.0, "user/throttle": 0.0, "pos/x": 39.11024475097656, "pos/y": -5.042596340179443, "pos/z": -84.47431945800781, "rpy/roll": -2.299389747983824, "rpy/pitch": 3.1629961713858683, "rpy/yaw": 55.392864048600856, "milliseconds": 102889}