{"cam/image1": "188_cam-image1_.jpg", "user/angle": 0.0, "user/throttle": 0.0, "pos/x": 4.459681034088135, "pos/y": -1.1145411729812622, "pos/z": -22.067689895629883, "rpy/roll": 4.617305541677974, "rpy/pitch": 4.217253625066421, "rpy/yaw": 15.249084695116924, "milliseconds": 31814}