{"cam/image1": "949_cam-image1_.jpg", "user/angle": 0.0, "user/throttle": 0.0, "pos/x": 36.834651947021484, "pos/y": -4.868441581726074, "pos/z": -82.8377685546875, "rpy/roll": 3.190522083766003, "rpy/pitch": 3.1823131146922012, "rpy/yaw": 52.23157591882922, "milliseconds": 100632}