{"cam/image1": "54_cam-image1_.jpg", "user/angle": 0.0, "user/throttle": 0.0, "pos/x": 1.2580078840255737, "pos/y": -0.7133193016052246, "pos/z": -15.020010948181152, "rpy/roll": -0.04049838022031105, "rpy/pitch": 1.7593911324931095, "rpy/yaw": 16.78451688049105, "milliseconds": 25082}