{"cam/image1": "677_cam-image1_.jpg", "user/angle": 0.0, "user/throttle": 0.0, "pos/x": 27.948877334594727, "pos/y": -4.79110050201416, "pos/z": -68.63282012939453, "rpy/roll": -10.192264610904893, "rpy/pitch": 0.9339500813050694, "rpy/yaw": 24.380219875340433, "milliseconds": 86957}