{"cam/image1": "97_cam-image1_.jpg", "user/angle": 0.0, "user/throttle": 0.0, "pos/x": 2.1485064029693604, "pos/y": -0.7685191631317139, "pos/z": -17.2033748626709, "rpy/roll": 0.7371403624394074, "rpy/pitch": 5.658615353536639, "rpy/yaw": 24.16009279725704, "milliseconds": 27236}