{"cam/image1": "1018_cam-image1_.jpg", "user/angle": 0.0, "user/throttle": 0.0, "pos/x": 40.38434600830078, "pos/y": -5.670252323150635, "pos/z": -85.26271057128906, "rpy/roll": -1.5954911073784137, "rpy/pitch": 0.8190062961834392, "rpy/yaw": 48.83273535580702, "milliseconds": 104095}