{"cam/image1": "12_cam-image1_.jpg", "user/angle": 0.0, "user/throttle": 0.0, "pos/x": -0.36580613255500793, "pos/y": -0.15523040294647217, "pos/z": -3.953115463256836, "rpy/roll": -3.789379062913945, "rpy/pitch": 4.78989760552995, "rpy/yaw": 2.638280824402898, "milliseconds": 12792}