{"cam/image1": "1145_cam-image1_.jpg", "user/angle": 0.0, "user/throttle": 0.0, "pos/x": 45.46159744262695, "pos/y": -6.466704368591309, "pos/z": -90.85662841796875, "rpy/roll": 6.584332240879021, "rpy/pitch": 2.0130655090623915, "rpy/yaw": 39.80026641556199, "milliseconds": 110463}