{"cam/image1": "919_cam-image1_.jpg", "user/angle": 0.0, "user/throttle": 0.0, "pos/x": 35.2382926940918, "pos/y": -4.934420585632324, "pos/z": -81.74384307861328, "rpy/roll": -5.644841798758085, "rpy/pitch": 4.164686681513999, "rpy/yaw": 55.23465483645779, "milliseconds": 99127}