{"cam/image1": "269_cam-image1_.jpg", "user/angle": 0.0, "user/throttle": 0.0, "pos/x": 13.534927368164062, "pos/y": -2.3405990600585938, "pos/z": -44.702392578125, "rpy/roll": 5.198363781658059, "rpy/pitch": 4.679632176798365, "rpy/yaw": 26.57552820462242, "milliseconds": 56223}