{"cam/image1": "223_cam-image1_.jpg", "user/angle": 0.0, "user/throttle": 0.0, "pos/x": 7.794257164001465, "pos/y": -1.57879638671875, "pos/z": -32.785240173339844, "rpy/roll": 9.095888559151017, "rpy/pitch": 1.736449054221796, "rpy/yaw": 20.63573880458369, "milliseconds": 43722}