{"cam/image1": "773_cam-image1_.jpg", "user/angle": 0.0, "user/throttle": 0.0, "pos/x": 29.901384353637695, "pos/y": -4.2140936851501465, "pos/z": -74.60909271240234, "rpy/roll": -1.316212965058739, "rpy/pitch": -2.3020244422355436, "rpy/yaw": 27.069834523437383, "milliseconds": 91774}