{"cam/image1": "1269_cam-image1_.jpg", "user/angle": 0.0, "user/throttle": 0.0, "pos/x": 49.314727783203125, "pos/y": -7.87085485458374, "pos/z": -94.878662109375, "rpy/roll": 3.1416890392130727, "rpy/pitch": 3.0359125502338262, "rpy/yaw": 43.99616643539549, "milliseconds": 116684}