{"cam/image1": "313_cam-image1_.jpg", "user/angle": 0.0, "user/throttle": 0.0, "pos/x": 21.719501495361328, "pos/y": -2.7230513095855713, "pos/z": -50.826202392578125, "rpy/roll": -1.2299589087527154, "rpy/pitch": -17.39943036514297, "rpy/yaw": 32.850029041571695, "milliseconds": 68698}