{"cam/image1": "349_cam-image1_.jpg", "user/angle": 0.0, "user/throttle": 0.0, "pos/x": 22.048433303833008, "pos/y": -2.907440423965454, "pos/z": -51.80072021484375, "rpy/roll": -1.2101366138344074, "rpy/pitch": -9.909046584035666, "rpy/yaw": 18.178954685100496, "milliseconds": 70504}