{"cam/image1": "1023_cam-image1_.jpg", "user/angle": 0.0, "user/throttle": 0.0, "pos/x": 40.567726135253906, "pos/y": -5.717090606689453, "pos/z": -85.53861236572266, "rpy/roll": -3.525298200710863, "rpy/pitch": 1.5242210813400665, "rpy/yaw": 42.92361271857235, "milliseconds": 104342}