{"cam/image1": "1183_cam-image1_.jpg", "user/angle": 0.0, "user/throttle": 0.0, "pos/x": 47.1023063659668, "pos/y": -6.8560967445373535, "pos/z": -92.69950103759766, "rpy/roll": -0.8170354560139558, "rpy/pitch": 1.7769154058327576, "rpy/yaw": 40.00509425574621, "milliseconds": 112369}