{"cam/image1": "150_cam-image1_.jpg", "user/angle": 0.0, "user/throttle": 0.0, "pos/x": 3.6927237510681152, "pos/y": -0.9978790283203125, "pos/z": -20.032516479492188, "rpy/roll": 13.574872957047827, "rpy/pitch": 0.043260454484646264, "rpy/yaw": 22.5911838133756, "milliseconds": 29895}