{"cam/image1": "115_cam-image1_.jpg", "user/angle": 0.0, "user/throttle": 0.0, "pos/x": 2.703498363494873, "pos/y": -0.8711535334587097, "pos/z": -18.18447494506836, "rpy/roll": 3.441885869917525, "rpy/pitch": 2.1020231443328425, "rpy/yaw": 24.106062390273124, "milliseconds": 28131}