{"cam/image1": "834_cam-image1_.jpg", "user/angle": 0.0, "user/throttle": 0.0, "pos/x": 31.85428810119629, "pos/y": -4.699487686157227, "pos/z": -77.87140655517578, "rpy/roll": -8.340222455870835, "rpy/pitch": 0.7816777254044911, "rpy/yaw": 35.05132965595882, "milliseconds": 94835}