{"cam/image1": "991_cam-image1_.jpg", "user/angle": 0.0, "user/throttle": 0.0, "pos/x": 38.97053146362305, "pos/y": -4.988692760467529, "pos/z": -84.37808990478516, "rpy/roll": -0.8015616507832131, "rpy/pitch": 2.007436394697723, "rpy/yaw": 55.23307726166013, "milliseconds": 102738}