{"cam/image1": "649_cam-image1_.jpg", "user/angle": 0.0, "user/throttle": 0.0, "pos/x": 27.393274307250977, "pos/y": -4.812880516052246, "pos/z": -66.82646942138672, "rpy/roll": -0.45494174170026264, "rpy/pitch": 1.0078571669463827, "rpy/yaw": 18.540887517138824, "milliseconds": 85552}