{"cam/image1": "490_cam-image1_.jpg", "user/angle": 0.0, "user/throttle": 0.0, "pos/x": 24.498428344726562, "pos/y": -4.2514424324035645, "pos/z": -57.729881286621094, "rpy/roll": 1.199434371162488, "rpy/pitch": -2.3697330236561656, "rpy/yaw": 24.87749825694439, "milliseconds": 77580}