{"cam/image1": "792_cam-image1_.jpg", "user/angle": 0.0, "user/throttle": 0.0, "pos/x": 30.393672943115234, "pos/y": -4.343006610870361, "pos/z": -75.65506744384766, "rpy/roll": -0.07782432158840179, "rpy/pitch": 3.541322758649685, "rpy/yaw": 23.169501091522452, "milliseconds": 92728}