{"cam/image1": "671_cam-image1_.jpg", "user/angle": 0.0, "user/throttle": 0.0, "pos/x": 27.763500213623047, "pos/y": -4.801071643829346, "pos/z": -68.2502212524414, "rpy/roll": -7.784637781466234, "rpy/pitch": 0.9246999731337553, "rpy/yaw": 23.080096918909607, "milliseconds": 86656}