{"cam/image1": "21_cam-image1_.jpg", "user/angle": 0.0, "user/throttle": 0.0, "pos/x": -0.3811315894126892, "pos/y": -0.17514848709106445, "pos/z": -4.369572162628174, "rpy/roll": -3.675206482129518, "rpy/pitch": 2.2864668280932845, "rpy/yaw": -3.121768815374312, "milliseconds": 13243}