{"cam/image1": "1102_cam-image1_.jpg", "user/angle": 0.0, "user/throttle": 0.0, "pos/x": 43.77823257446289, "pos/y": -6.406700134277344, "pos/z": -88.8736343383789, "rpy/roll": 6.687345839402329, "rpy/pitch": 2.5462750961868665, "rpy/yaw": 37.85185517593322, "milliseconds": 108306}