{"cam/image1": "341_cam-image1_.jpg", "user/angle": 0.0, "user/throttle": 0.0, "pos/x": 21.97317886352539, "pos/y": -2.882957696914673, "pos/z": -51.55119705200195, "rpy/roll": -3.246364936893424, "rpy/pitch": -11.973331743567245, "rpy/yaw": 22.188452868431376, "milliseconds": 70102}