{"cam/image1": "278_cam-image1_.jpg", "user/angle": 0.0, "user/throttle": 0.0, "pos/x": 13.82607364654541, "pos/y": -2.303635835647583, "pos/z": -45.098541259765625, "rpy/roll": 7.132014335653517, "rpy/pitch": 4.536703095852154, "rpy/yaw": 34.91995519700066, "milliseconds": 56668}