{"cam/image1": "969_cam-image1_.jpg", "user/angle": 0.0, "user/throttle": 0.0, "pos/x": 37.79800796508789, "pos/y": -4.882284641265869, "pos/z": -83.54988098144531, "rpy/roll": 2.0682610085087854, "rpy/pitch": 1.1288121002764484, "rpy/yaw": 55.8410246760597, "milliseconds": 101639}