{"cam/image1": "857_cam-image1_.jpg", "user/angle": 0.0, "user/throttle": 0.0, "pos/x": 32.54151916503906, "pos/y": -4.81537389755249, "pos/z": -79.08781433105469, "rpy/roll": -0.8538974909785244, "rpy/pitch": -0.9620935076429826, "rpy/yaw": 36.3570745050161, "milliseconds": 95987}