{"cam/image1": "429_cam-image1_.jpg", "user/angle": 0.0, "user/throttle": 0.0, "pos/x": 23.15723419189453, "pos/y": -3.6175537109375, "pos/z": -54.795631408691406, "rpy/roll": -1.1374083030777025, "rpy/pitch": 0.023353752439537894, "rpy/yaw": 22.13382563572583, "milliseconds": 74520}