{"cam/image1": "778_cam-image1_.jpg", "user/angle": 0.0, "user/throttle": 0.0, "pos/x": 30.0554141998291, "pos/y": -4.25721549987793, "pos/z": -74.84315490722656, "rpy/roll": 0.38946379486434446, "rpy/pitch": -0.9313213119404135, "rpy/yaw": 26.69710004483395, "milliseconds": 92025}