{"cam/image1": "300_cam-image1_.jpg", "user/angle": 0.0, "user/throttle": 0.0, "pos/x": 21.502967834472656, "pos/y": -2.670515298843384, "pos/z": -50.586341857910156, "rpy/roll": 0.4725108383432212, "rpy/pitch": -21.51136186713546, "rpy/yaw": 40.10804296980338, "milliseconds": 68045}