{"cam/image1": "878_cam-image1_.jpg", "user/angle": 0.0, "user/throttle": 0.0, "pos/x": 33.27341842651367, "pos/y": -5.002743721008301, "pos/z": -80.1376953125, "rpy/roll": -2.962478811601623, "rpy/pitch": 2.1692246578949845, "rpy/yaw": 43.51808333302947, "milliseconds": 97041}