{"cam/image1": "1088_cam-image1_.jpg", "user/angle": 0.0, "user/throttle": 0.0, "pos/x": 43.200538635253906, "pos/y": -6.376028060913086, "pos/z": -88.23640441894531, "rpy/roll": 3.5748688135840485, "rpy/pitch": 2.3364525896765875, "rpy/yaw": 37.21380496759783, "milliseconds": 107606}