{"cam/image1": "1070_cam-image1_.jpg", "user/angle": 0.0, "user/throttle": 0.0, "pos/x": 42.39199447631836, "pos/y": -6.074525356292725, "pos/z": -87.49873352050781, "rpy/roll": 0.008140133114496947, "rpy/pitch": 1.4856608205980146, "rpy/yaw": 35.87985580063972, "milliseconds": 106700}