{"cam/image1": "615_cam-image1_.jpg", "user/angle": 0.0, "user/throttle": 0.0, "pos/x": 26.752595901489258, "pos/y": -4.696784496307373, "pos/z": -64.66598510742188, "rpy/roll": -6.257635289778436, "rpy/pitch": -2.177198479845031, "rpy/yaw": 15.957102513187511, "milliseconds": 83848}