{"cam/image1": "1150_cam-image1_.jpg", "user/angle": 0.0, "user/throttle": 0.0, "pos/x": 45.75288009643555, "pos/y": -6.525539875030518, "pos/z": -91.09503936767578, "rpy/roll": 5.38071338559793, "rpy/pitch": -1.60042323391844, "rpy/yaw": 43.20951798121628, "milliseconds": 110713}