{"cam/image1": "573_cam-image1_.jpg", "user/angle": 0.0, "user/throttle": 0.0, "pos/x": 26.115245819091797, "pos/y": -4.400930404663086, "pos/z": -62.11957931518555, "rpy/roll": -17.451312680663357, "rpy/pitch": -2.3679687392905557, "rpy/yaw": 20.041832694854772, "milliseconds": 81743}