{"cam/image1": "84_cam-image1_.jpg", "user/angle": 0.0, "user/throttle": 0.0, "pos/x": 1.8229632377624512, "pos/y": -0.7584816217422485, "pos/z": -16.60086441040039, "rpy/roll": -4.724517926092595, "rpy/pitch": 3.9237880178652986, "rpy/yaw": 20.6714172840428, "milliseconds": 26576}