{"cam/image1": "910_cam-image1_.jpg", "user/angle": 0.0, "user/throttle": 0.0, "pos/x": 34.78665542602539, "pos/y": -4.9243597984313965, "pos/z": -81.4774169921875, "rpy/roll": -6.758225423942625, "rpy/pitch": 1.1145458018428083, "rpy/yaw": 54.33981611637332, "milliseconds": 98676}