{"cam/image1": "695_cam-image1_.jpg", "user/angle": 0.0, "user/throttle": 0.0, "pos/x": 28.301780700683594, "pos/y": -4.645381450653076, "pos/z": -69.83558654785156, "rpy/roll": -6.833255285918693, "rpy/pitch": 2.7877565027533486, "rpy/yaw": 18.214932308449058, "milliseconds": 87860}