{"cam/image1": "407_cam-image1_.jpg", "user/angle": 0.0, "user/throttle": 0.0, "pos/x": 22.822134017944336, "pos/y": -3.3508307933807373, "pos/z": -53.847713470458984, "rpy/roll": 0.2893341916904873, "rpy/pitch": 1.331864385868141, "rpy/yaw": 23.93661452566783, "milliseconds": 73411}