{"cam/image1": "342_cam-image1_.jpg", "user/angle": 0.0, "user/throttle": 0.0, "pos/x": 21.98111343383789, "pos/y": -2.8849565982818604, "pos/z": -51.596717834472656, "rpy/roll": -3.4783809325558606, "rpy/pitch": -11.577451547571936, "rpy/yaw": 21.52002420479778, "milliseconds": 70152}