{"cam/image1": "1295_cam-image1_.jpg", "user/angle": 0.0, "user/throttle": 0.0, "pos/x": 50.18512725830078, "pos/y": -8.51207447052002, "pos/z": -95.57951354980469, "rpy/roll": 2.1293463218434696, "rpy/pitch": -1.1410405713300023, "rpy/yaw": 35.41491673149992, "milliseconds": 117988}