{"cam/image1": "379_cam-image1_.jpg", "user/angle": 0.0, "user/throttle": 0.0, "pos/x": 22.40011978149414, "pos/y": -3.1198008060455322, "pos/z": -52.77701187133789, "rpy/roll": 3.4911273773374876, "rpy/pitch": -6.161820888740568, "rpy/yaw": 18.945559860980335, "milliseconds": 72008}