{"cam/image1": "271_cam-image1_.jpg", "user/angle": 0.0, "user/throttle": 0.0, "pos/x": 13.597970962524414, "pos/y": -2.327549457550049, "pos/z": -44.80604934692383, "rpy/roll": 3.4651287561190047, "rpy/pitch": 4.2757537319200924, "rpy/yaw": 30.29441557460955, "milliseconds": 56324}