{"cam/image1": "765_cam-image1_.jpg", "user/angle": 0.0, "user/throttle": 0.0, "pos/x": 29.6778621673584, "pos/y": -4.198127269744873, "pos/z": -74.1689453125, "rpy/roll": 8.501271481018604, "rpy/pitch": -0.2748188150192677, "rpy/yaw": 18.824720299264605, "milliseconds": 91373}