{"cam/image1": "440_cam-image1_.jpg", "user/angle": 0.0, "user/throttle": 0.0, "pos/x": 23.324949264526367, "pos/y": -3.897961139678955, "pos/z": -55.28421401977539, "rpy/roll": -0.738571642420092, "rpy/pitch": 0.058228698028509926, "rpy/yaw": 20.556245491538988, "milliseconds": 75081}