{"cam/image1": "22_cam-image1_.jpg", "user/angle": 0.0, "user/throttle": 0.0, "pos/x": -0.3832355737686157, "pos/y": -0.1786632537841797, "pos/z": -4.402094841003418, "rpy/roll": -3.86761950211523, "rpy/pitch": 2.8357294622938802, "rpy/yaw": -3.116699988088186, "milliseconds": 13295}