{"cam/image1": "140_cam-image1_.jpg", "user/angle": 0.0, "user/throttle": 0.0, "pos/x": 3.4527502059936523, "pos/y": -0.977510392665863, "pos/z": -19.5253963470459, "rpy/roll": 10.725014362613695, "rpy/pitch": 0.8342305341932975, "rpy/yaw": 26.29800331707547, "milliseconds": 29393}