{"cam/image1": "832_cam-image1_.jpg", "user/angle": 0.0, "user/throttle": 0.0, "pos/x": 31.77964973449707, "pos/y": -4.700326442718506, "pos/z": -77.7858657836914, "rpy/roll": -9.017789091144454, "rpy/pitch": -0.030794795369323856, "rpy/yaw": 36.12443941966834, "milliseconds": 94734}