{"cam/image1": "743_cam-image1_.jpg", "user/angle": 0.0, "user/throttle": 0.0, "pos/x": 29.15949821472168, "pos/y": -4.2968926429748535, "pos/z": -72.79952239990234, "rpy/roll": 8.333380549061598, "rpy/pitch": 1.3354384634726753, "rpy/yaw": 12.960860767693772, "milliseconds": 90269}