{"cam/image1": "1228_cam-image1_.jpg", "user/angle": 0.0, "user/throttle": 0.0, "pos/x": 48.76585388183594, "pos/y": -7.222325801849365, "pos/z": -93.87129974365234, "rpy/roll": -11.172997783436942, "rpy/pitch": -1.1938784433012126, "rpy/yaw": 23.504328982441464, "milliseconds": 114629}