{"cam/image1": "289_cam-image1_.jpg", "user/angle": 0.0, "user/throttle": 0.0, "pos/x": 14.204580307006836, "pos/y": -2.293868064880371, "pos/z": -45.63811111450195, "rpy/roll": 7.752743763495733, "rpy/pitch": 4.657204283468296, "rpy/yaw": 39.6689663660387, "milliseconds": 57218}