{"cam/image1": "606_cam-image1_.jpg", "user/angle": 0.0, "user/throttle": 0.0, "pos/x": 26.722694396972656, "pos/y": -4.464106559753418, "pos/z": -64.03988647460938, "rpy/roll": -3.9945328454610456, "rpy/pitch": -1.8709064049920996, "rpy/yaw": 19.85153837136656, "milliseconds": 83397}