{"cam/image1": "636_cam-image1_.jpg", "user/angle": 0.0, "user/throttle": 0.0, "pos/x": 27.059139251708984, "pos/y": -4.8031697273254395, "pos/z": -65.99302673339844, "rpy/roll": -1.9727771334009276, "rpy/pitch": 0.1561993760084134, "rpy/yaw": 22.32238045133601, "milliseconds": 84902}