{"cam/image1": "35_cam-image1_.jpg", "user/angle": 0.0, "user/throttle": 0.0, "pos/x": 1.015520691871643, "pos/y": -0.6795344948768616, "pos/z": -14.034870147705078, "rpy/roll": 4.847002609232784, "rpy/pitch": 2.7710085915480223, "rpy/yaw": 16.4790631735447, "milliseconds": 24113}