{"cam/image1": "1223_cam-image1_.jpg", "user/angle": 0.0, "user/throttle": 0.0, "pos/x": 48.74295425415039, "pos/y": -7.175235271453857, "pos/z": -93.65771484375, "rpy/roll": -2.326936284867204, "rpy/pitch": 2.699899180588668, "rpy/yaw": 33.62634335728092, "milliseconds": 114378}