{"cam/image1": "83_cam-image1_.jpg", "user/angle": 0.0, "user/throttle": 0.0, "pos/x": 1.7963286638259888, "pos/y": -0.7662385106086731, "pos/z": -16.533008575439453, "rpy/roll": -4.136685549007628, "rpy/pitch": 4.30606020715816, "rpy/yaw": 20.15262606899635, "milliseconds": 26526}