{"cam/image1": "338_cam-image1_.jpg", "user/angle": 0.0, "user/throttle": 0.0, "pos/x": 21.948625564575195, "pos/y": -2.8683228492736816, "pos/z": -51.46527099609375, "rpy/roll": -2.668029611987394, "rpy/pitch": -12.595518052859454, "rpy/yaw": 23.314235365420508, "milliseconds": 69951}