{"cam/image1": "602_cam-image1_.jpg", "user/angle": 0.0, "user/throttle": 0.0, "pos/x": 26.686874389648438, "pos/y": -4.469005584716797, "pos/z": -63.7999153137207, "rpy/roll": -4.453333612672072, "rpy/pitch": -2.6078118783709816, "rpy/yaw": 22.324555588694718, "milliseconds": 83196}