{"cam/image1": "542_cam-image1_.jpg", "user/angle": 0.0, "user/throttle": 0.0, "pos/x": 25.54119873046875, "pos/y": -4.200015068054199, "pos/z": -60.48189926147461, "rpy/roll": -16.462384484082335, "rpy/pitch": -0.5308524264925155, "rpy/yaw": 21.431501052468686, "milliseconds": 80187}