{"cam/image1": "806_cam-image1_.jpg", "user/angle": 0.0, "user/throttle": 0.0, "pos/x": 30.76297950744629, "pos/y": -4.405250072479248, "pos/z": -76.47110748291016, "rpy/roll": -15.757642956507764, "rpy/pitch": -0.7312069540249488, "rpy/yaw": 26.46081837911806, "milliseconds": 93430}