{"cam/image1": "126_cam-image1_.jpg", "user/angle": 0.0, "user/throttle": 0.0, "pos/x": 3.042762279510498, "pos/y": -0.932879626750946, "pos/z": -18.753068923950195, "rpy/roll": 8.054423843529868, "rpy/pitch": -1.670681873872278, "rpy/yaw": 24.71156554958742, "milliseconds": 28700}