{"cam/image1": "494_cam-image1_.jpg", "user/angle": 0.0, "user/throttle": 0.0, "pos/x": 24.58704376220703, "pos/y": -4.251029968261719, "pos/z": -57.938907623291016, "rpy/roll": 0.7039036779227377, "rpy/pitch": -0.9586022215977477, "rpy/yaw": 24.41953115618569, "milliseconds": 77780}