{"cam/image1": "365_cam-image1_.jpg", "user/angle": 0.0, "user/throttle": 0.0, "pos/x": 22.223474502563477, "pos/y": -3.0374224185943604, "pos/z": -52.337703704833984, "rpy/roll": 5.0116858081936915, "rpy/pitch": -8.330825037206077, "rpy/yaw": 12.672159283739543, "milliseconds": 71306}