{"cam/image1": "1130_cam-image1_.jpg", "user/angle": 0.0, "user/throttle": 0.0, "pos/x": 44.86894226074219, "pos/y": -6.416201114654541, "pos/z": -90.17129516601562, "rpy/roll": 8.597730348536672, "rpy/pitch": 2.665382821588498, "rpy/yaw": 39.62971876411121, "milliseconds": 109710}