{"cam/image1": "731_cam-image1_.jpg", "user/angle": 0.0, "user/throttle": 0.0, "pos/x": 28.98511505126953, "pos/y": -4.28925895690918, "pos/z": -72.08203887939453, "rpy/roll": 5.035265707469051, "rpy/pitch": -0.4246663327739264, "rpy/yaw": 11.501743822553955, "milliseconds": 89667}