{"cam/image1": "782_cam-image1_.jpg", "user/angle": 0.0, "user/throttle": 0.0, "pos/x": 30.182884216308594, "pos/y": -4.30069637298584, "pos/z": -75.06316375732422, "rpy/roll": 2.706133435433974, "rpy/pitch": -3.029020799880511, "rpy/yaw": 25.02251694925633, "milliseconds": 92225}