{"cam/image1": "273_cam-image1_.jpg", "user/angle": 0.0, "user/throttle": 0.0, "pos/x": 13.665383338928223, "pos/y": -2.3098464012145996, "pos/z": -44.88468933105469, "rpy/roll": 3.641079648204875, "rpy/pitch": 5.4469675775294615, "rpy/yaw": 33.046948202554915, "milliseconds": 56424}