{"cam/image1": "950_cam-image1_.jpg", "user/angle": 0.0, "user/throttle": 0.0, "pos/x": 36.908329010009766, "pos/y": -4.872019290924072, "pos/z": -82.88561248779297, "rpy/roll": 2.6748120318193207, "rpy/pitch": 2.4137449607523793, "rpy/yaw": 52.89643911814669, "milliseconds": 100682}