{"cam/image1": "153_cam-image1_.jpg", "user/angle": 0.0, "user/throttle": 0.0, "pos/x": 3.752701997756958, "pos/y": -0.9933968186378479, "pos/z": -20.19169807434082, "rpy/roll": 13.780373399319837, "rpy/pitch": 1.3515383123508624, "rpy/yaw": 21.483969456226255, "milliseconds": 30045}