{"cam/image1": "574_cam-image1_.jpg", "user/angle": 0.0, "user/throttle": 0.0, "pos/x": 26.13962745666504, "pos/y": -4.413761615753174, "pos/z": -62.19182205200195, "rpy/roll": -17.88498191517984, "rpy/pitch": -1.417568862590595, "rpy/yaw": 19.313186875398156, "milliseconds": 81792}