{"cam/image1": "586_cam-image1_.jpg", "user/angle": 0.0, "user/throttle": 0.0, "pos/x": 26.37712287902832, "pos/y": -4.456437587738037, "pos/z": -62.85498046875, "rpy/roll": -3.1113007169424036, "rpy/pitch": -1.8766471641458162, "rpy/yaw": 10.223817650924007, "milliseconds": 82394}