{"cam/image1": "63_cam-image1_.jpg", "user/angle": 0.0, "user/throttle": 0.0, "pos/x": 1.4222891330718994, "pos/y": -0.7403821349143982, "pos/z": -15.498271942138672, "rpy/roll": -0.9672748829961328, "rpy/pitch": 1.8791794053484183, "rpy/yaw": 18.764187648991253, "milliseconds": 25530}