{"cam/image1": "903_cam-image1_.jpg", "user/angle": 0.0, "user/throttle": 0.0, "pos/x": 34.424930572509766, "pos/y": -4.90089750289917, "pos/z": -81.17887878417969, "rpy/roll": -2.056658803400676, "rpy/pitch": 3.2800727714432547, "rpy/yaw": 48.04838381327555, "milliseconds": 98329}