{"cam/image1": "270_cam-image1_.jpg", "user/angle": 0.0, "user/throttle": 0.0, "pos/x": 13.552382469177246, "pos/y": -2.3451988697052, "pos/z": -44.73262023925781, "rpy/roll": 4.939318126923319, "rpy/pitch": 4.905022890813005, "rpy/yaw": 28.116548064932378, "milliseconds": 56265}