{"cam/image1": "698_cam-image1_.jpg", "user/angle": 0.0, "user/throttle": 0.0, "pos/x": 28.41071319580078, "pos/y": -4.558506965637207, "pos/z": -70.0517349243164, "rpy/roll": -3.662185451614281, "rpy/pitch": 0.05878041899705898, "rpy/yaw": 17.00632069512717, "milliseconds": 88019}