{"cam/image1": "525_cam-image1_.jpg", "user/angle": 0.0, "user/throttle": 0.0, "pos/x": 25.257816314697266, "pos/y": -4.148034572601318, "pos/z": -59.54319763183594, "rpy/roll": -6.848431427029852, "rpy/pitch": 2.444068640116911, "rpy/yaw": 18.200974100696083, "milliseconds": 79335}