{"cam/image1": "266_cam-image1_.jpg", "user/angle": 0.0, "user/throttle": 0.0, "pos/x": 13.446625709533691, "pos/y": -2.306767463684082, "pos/z": -44.51454544067383, "rpy/roll": 8.421486558355257, "rpy/pitch": 5.017718018737697, "rpy/yaw": 22.778622471298878, "milliseconds": 56065}