{"cam/image1": "1198_cam-image1_.jpg", "user/angle": 0.0, "user/throttle": 0.0, "pos/x": 47.986759185791016, "pos/y": -6.905666351318359, "pos/z": -93.31211853027344, "rpy/roll": -14.136161177960563, "rpy/pitch": 3.881114630946839, "rpy/yaw": 47.71145568007993, "milliseconds": 113125}