{"cam/image1": "261_cam-image1_.jpg", "user/angle": 0.0, "user/throttle": 0.0, "pos/x": 13.354666709899902, "pos/y": -2.305532217025757, "pos/z": -44.27804946899414, "rpy/roll": 7.195479473708288, "rpy/pitch": 2.7947382044262365, "rpy/yaw": 24.803086137367107, "milliseconds": 55813}