{"cam/image1": "702_cam-image1_.jpg", "user/angle": 0.0, "user/throttle": 0.0, "pos/x": 28.466157913208008, "pos/y": -4.56444787979126, "pos/z": -70.33064270019531, "rpy/roll": -2.2398620985463227, "rpy/pitch": -1.19917683237155, "rpy/yaw": 14.841616365071946, "milliseconds": 88219}