{"cam/image1": "66_cam-image1_.jpg", "user/angle": 0.0, "user/throttle": 0.0, "pos/x": 1.4847506284713745, "pos/y": -0.7519550919532776, "pos/z": -15.673428535461426, "rpy/roll": -0.7139083692368862, "rpy/pitch": 0.006299557176652431, "rpy/yaw": 19.62462016603107, "milliseconds": 25674}