{"cam/image1": "1079_cam-image1_.jpg", "user/angle": 0.0, "user/throttle": 0.0, "pos/x": 42.79996109008789, "pos/y": -6.263429641723633, "pos/z": -87.90367126464844, "rpy/roll": -0.09453130431653982, "rpy/pitch": 2.4955408769860252, "rpy/yaw": 37.92738286539347, "milliseconds": 107150}