{"cam/image1": "859_cam-image1_.jpg", "user/angle": 0.0, "user/throttle": 0.0, "pos/x": 32.59408950805664, "pos/y": -4.782491207122803, "pos/z": -79.19842529296875, "rpy/roll": -1.3135128090778438, "rpy/pitch": -0.9916251613572239, "rpy/yaw": 35.69183825764738, "milliseconds": 96087}