{"cam/image1": "975_cam-image1_.jpg", "user/angle": 0.0, "user/throttle": 0.0, "pos/x": 38.122093200683594, "pos/y": -4.924211025238037, "pos/z": -83.76087951660156, "rpy/roll": 1.280543456868614, "rpy/pitch": 1.1571907785781967, "rpy/yaw": 56.55831347247807, "milliseconds": 101936}