{"cam/image1": "280_cam-image1_.jpg", "user/angle": 0.0, "user/throttle": 0.0, "pos/x": 13.900016784667969, "pos/y": -2.312011957168579, "pos/z": -45.191017150878906, "rpy/roll": 9.38173105222601, "rpy/pitch": 4.063830470775548, "rpy/yaw": 34.55674353030914, "milliseconds": 56768}