{"cam/image1": "1214_cam-image1_.jpg", "user/angle": 0.0, "user/throttle": 0.0, "pos/x": 48.441673278808594, "pos/y": -7.183609485626221, "pos/z": -93.51661682128906, "rpy/roll": -18.977746274204524, "rpy/pitch": 3.121604039000232, "rpy/yaw": 53.694159127907845, "milliseconds": 113926}