{"cam/image1": "1201_cam-image1_.jpg", "user/angle": 0.0, "user/throttle": 0.0, "pos/x": 48.09104537963867, "pos/y": -6.9201507568359375, "pos/z": -93.42390441894531, "rpy/roll": -15.073458603006586, "rpy/pitch": 4.923697437961819, "rpy/yaw": 51.017728520609396, "milliseconds": 113276}