{"cam/image1": "192_cam-image1_.jpg", "user/angle": 0.0, "user/throttle": 0.0, "pos/x": 4.526214122772217, "pos/y": -1.1073851585388184, "pos/z": -22.281768798828125, "rpy/roll": 7.282069575777116, "rpy/pitch": 7.234205921626037, "rpy/yaw": 13.243178266230364, "milliseconds": 32001}