{"cam/image1": "1135_cam-image1_.jpg", "user/angle": 0.0, "user/throttle": 0.0, "pos/x": 45.027889251708984, "pos/y": -6.406172275543213, "pos/z": -90.40023803710938, "rpy/roll": 7.618885514049179, "rpy/pitch": 3.349581650599754, "rpy/yaw": 39.392722757720215, "milliseconds": 109962}