{"cam/image1": "207_cam-image1_.jpg", "user/angle": 0.0, "user/throttle": 0.0, "pos/x": 4.668979167938232, "pos/y": -1.1393821239471436, "pos/z": -23.10584259033203, "rpy/roll": 7.059452901637916, "rpy/pitch": 4.326173807703529, "rpy/yaw": 3.341186270293945, "milliseconds": 32752}