{"cam/image1": "105_cam-image1_.jpg", "user/angle": 0.0, "user/throttle": 0.0, "pos/x": 2.37744140625, "pos/y": -0.7956060171127319, "pos/z": -17.636157989501953, "rpy/roll": 2.9672888084969653, "rpy/pitch": 1.9509003264653133, "rpy/yaw": 23.451348369955465, "milliseconds": 27654}