{"cam/image1": "107_cam-image1_.jpg", "user/angle": 0.0, "user/throttle": 0.0, "pos/x": 2.4289941787719727, "pos/y": -0.7983842492103577, "pos/z": -17.74342155456543, "rpy/roll": 2.604065610466296, "rpy/pitch": 1.5361501477366588, "rpy/yaw": 23.262143994701525, "milliseconds": 27730}