{"cam/image1": "179_cam-image1_.jpg", "user/angle": 0.0, "user/throttle": 0.0, "pos/x": 4.332932949066162, "pos/y": -1.1277507543563843, "pos/z": -21.604938507080078, "rpy/roll": 5.40152980419939, "rpy/pitch": 2.4361616223368547, "rpy/yaw": 17.778010127654564, "milliseconds": 31355}