{"cam/image1": "739_cam-image1_.jpg", "user/angle": 0.0, "user/throttle": 0.0, "pos/x": 29.108440399169922, "pos/y": -4.303988456726074, "pos/z": -72.57909393310547, "rpy/roll": 8.658374927092442, "rpy/pitch": -5.141154155273135, "rpy/yaw": 10.416351174663685, "milliseconds": 90068}