{"cam/image1": "673_cam-image1_.jpg", "user/angle": 0.0, "user/throttle": 0.0, "pos/x": 27.822839736938477, "pos/y": -4.822079181671143, "pos/z": -68.3864974975586, "rpy/roll": -7.981643161790751, "rpy/pitch": 1.2981906943971055, "rpy/yaw": 23.689721268646828, "milliseconds": 86756}