{"cam/image1": "478_cam-image1_.jpg", "user/angle": 0.0, "user/throttle": 0.0, "pos/x": 24.240680694580078, "pos/y": -4.322231769561768, "pos/z": -57.06270217895508, "rpy/roll": -0.5584330073708421, "rpy/pitch": 0.6966494309952563, "rpy/yaw": 22.08199957631267, "milliseconds": 76977}