{"cam/image1": "915_cam-image1_.jpg", "user/angle": 0.0, "user/throttle": 0.0, "pos/x": 35.044010162353516, "pos/y": -4.908513069152832, "pos/z": -81.61445617675781, "rpy/roll": -6.74232213965212, "rpy/pitch": 2.547972090611878, "rpy/yaw": 57.36480355519692, "milliseconds": 98927}