{"cam/image1": "16_cam-image1_.jpg", "user/angle": 0.0, "user/throttle": 0.0, "pos/x": -0.37769263982772827, "pos/y": -0.16033558547496796, "pos/z": -4.116827487945557, "rpy/roll": -4.415929074271497, "rpy/pitch": 3.906629761275017, "rpy/yaw": -0.7187057199857103, "milliseconds": 12992}