{"cam/image1": "890_cam-image1_.jpg", "user/angle": 0.0, "user/throttle": 0.0, "pos/x": 33.84675216674805, "pos/y": -4.9848856925964355, "pos/z": -80.69490051269531, "rpy/roll": -5.995901134781362, "rpy/pitch": 2.02194868912812, "rpy/yaw": 48.51454737835005, "milliseconds": 97678}