{"cam/image1": "521_cam-image1_.jpg", "user/angle": 0.0, "user/throttle": 0.0, "pos/x": 25.196041107177734, "pos/y": -4.108234405517578, "pos/z": -59.333839416503906, "rpy/roll": -7.056098653203477, "rpy/pitch": -0.12366779665007001, "rpy/yaw": 19.407721104000604, "milliseconds": 79135}