{"cam/image1": "1215_cam-image1_.jpg", "user/angle": 0.0, "user/throttle": 0.0, "pos/x": 48.57334899902344, "pos/y": -7.165468692779541, "pos/z": -93.4376449584961, "rpy/roll": -16.589710373588225, "rpy/pitch": 6.805220754432975, "rpy/yaw": 52.721524349204586, "milliseconds": 113977}