{"cam/image1": "220_cam-image1_.jpg", "user/angle": 0.0, "user/throttle": 0.0, "pos/x": 7.721004962921143, "pos/y": -1.5618270635604858, "pos/z": -32.61701202392578, "rpy/roll": 10.04100264905982, "rpy/pitch": 5.7336447001419595, "rpy/yaw": 20.781905384847303, "milliseconds": 43573}