{"cam/image1": "1128_cam-image1_.jpg", "user/angle": 0.0, "user/throttle": 0.0, "pos/x": 44.799320220947266, "pos/y": -6.431701183319092, "pos/z": -90.07186889648438, "rpy/roll": 7.890485551512738, "rpy/pitch": 4.096690861754212, "rpy/yaw": 40.179052389271995, "milliseconds": 109610}