{"cam/image1": "3_cam-image1_.jpg", "user/angle": 0.0, "user/throttle": 0.0, "pos/x": -0.3632206916809082, "pos/y": -0.14719806611537933, "pos/z": -3.488257646560669, "rpy/roll": 0.2664485836154326, "rpy/pitch": 4.860975553853639, "rpy/yaw": 5.182328833773919, "milliseconds": 12339}