{"cam/image1": "598_cam-image1_.jpg", "user/angle": 0.0, "user/throttle": 0.0, "pos/x": 26.597068786621094, "pos/y": -4.441758155822754, "pos/z": -63.56167984008789, "rpy/roll": -7.4085114979872975, "rpy/pitch": -2.4412242742617623, "rpy/yaw": 23.989172942410928, "milliseconds": 82995}