{"cam/image1": "1146_cam-image1_.jpg", "user/angle": 0.0, "user/throttle": 0.0, "pos/x": 45.526039123535156, "pos/y": -6.483546257019043, "pos/z": -90.92119598388672, "rpy/roll": 6.134832564337348, "rpy/pitch": 0.1923602010504263, "rpy/yaw": 40.15423226626894, "milliseconds": 110513}