{"cam/image1": "577_cam-image1_.jpg", "user/angle": 0.0, "user/throttle": 0.0, "pos/x": 26.217174530029297, "pos/y": -4.43144416809082, "pos/z": -62.375999450683594, "rpy/roll": -14.39254726809948, "rpy/pitch": -2.3183922689794296, "rpy/yaw": 17.88564626115513, "milliseconds": 81948}