{"cam/image1": "134_cam-image1_.jpg", "user/angle": 0.0, "user/throttle": 0.0, "pos/x": 3.275677442550659, "pos/y": -0.9491125345230103, "pos/z": -19.202919006347656, "rpy/roll": 7.558450494050937, "rpy/pitch": -1.1166452201865942, "rpy/yaw": 24.999350582661137, "milliseconds": 29093}