{"cam/image1": "113_cam-image1_.jpg", "user/angle": 0.0, "user/throttle": 0.0, "pos/x": 2.5825798511505127, "pos/y": -0.8456838130950928, "pos/z": -18.088054656982422, "rpy/roll": 2.8314366180633876, "rpy/pitch": 1.5313368149012792, "rpy/yaw": 23.25628224360342, "milliseconds": 28030}