{"cam/image1": "1167_cam-image1_.jpg", "user/angle": 0.0, "user/throttle": 0.0, "pos/x": 46.525211334228516, "pos/y": -6.666455268859863, "pos/z": -91.8360824584961, "rpy/roll": 2.5397819084565607, "rpy/pitch": 2.2994275581058523, "rpy/yaw": 41.405544223467544, "milliseconds": 111568}