{"cam/image1": "366_cam-image1_.jpg", "user/angle": 0.0, "user/throttle": 0.0, "pos/x": 22.224445343017578, "pos/y": -3.034675359725952, "pos/z": -52.3629035949707, "rpy/roll": 4.682684100911252, "rpy/pitch": -7.857845302107144, "rpy/yaw": 12.350445409342136, "milliseconds": 71356}