{"cam/image1": "561_cam-image1_.jpg", "user/angle": 0.0, "user/throttle": 0.0, "pos/x": 25.902217864990234, "pos/y": -4.304163932800293, "pos/z": -61.526119232177734, "rpy/roll": -15.270008267593969, "rpy/pitch": -0.32342818937255907, "rpy/yaw": 22.312207662719793, "milliseconds": 81140}