{"cam/image1": "947_cam-image1_.jpg", "user/angle": 0.0, "user/throttle": 0.0, "pos/x": 36.70030212402344, "pos/y": -4.895306587219238, "pos/z": -82.7694091796875, "rpy/roll": 3.961070369691634, "rpy/pitch": 2.476591181656307, "rpy/yaw": 51.216669623814106, "milliseconds": 100532}