{"cam/image1": "601_cam-image1_.jpg", "user/angle": 0.0, "user/throttle": 0.0, "pos/x": 26.680431365966797, "pos/y": -4.465882301330566, "pos/z": -63.75636291503906, "rpy/roll": -5.199518169510316, "rpy/pitch": -1.9965644653511894, "rpy/yaw": 22.50546008601349, "milliseconds": 83146}