{"cam/image1": "1307_cam-image1_.jpg", "user/angle": 0.0, "user/throttle": 0.0, "pos/x": 57.326988220214844, "pos/y": -8.793354034423828, "pos/z": -105.07867431640625, "rpy/roll": -2.0592733919042114, "rpy/pitch": 2.98263838874601, "rpy/yaw": 39.149267652410686, "milliseconds": 128666}