{"cam/image1": "1053_cam-image1_.jpg", "user/angle": 0.0, "user/throttle": 0.0, "pos/x": 41.7821159362793, "pos/y": -5.981661796569824, "pos/z": -86.7760238647461, "rpy/roll": 0.3363019729557748, "rpy/pitch": 4.31198116023716, "rpy/yaw": 39.685592987039094, "milliseconds": 105846}