{"cam/image1": "655_cam-image1_.jpg", "user/angle": 0.0, "user/throttle": 0.0, "pos/x": 27.46613121032715, "pos/y": -4.797709941864014, "pos/z": -67.24971008300781, "rpy/roll": -1.9644593898872167, "rpy/pitch": -1.1891954164262997, "rpy/yaw": 13.942179012064416, "milliseconds": 85853}