{"cam/image1": "600_cam-image1_.jpg", "user/angle": 0.0, "user/throttle": 0.0, "pos/x": 26.656381607055664, "pos/y": -4.481509685516357, "pos/z": -63.675289154052734, "rpy/roll": -6.108740661264992, "rpy/pitch": -2.3571636066464654, "rpy/yaw": 23.308067640233073, "milliseconds": 83096}