{"cam/image1": "831_cam-image1_.jpg", "user/angle": 0.0, "user/throttle": 0.0, "pos/x": 31.753009796142578, "pos/y": -4.696742057800293, "pos/z": -77.75055694580078, "rpy/roll": -9.4924739516357, "rpy/pitch": -1.3004736524380345, "rpy/yaw": 36.42940441124842, "milliseconds": 94683}