{"cam/image1": "618_cam-image1_.jpg", "user/angle": 0.0, "user/throttle": 0.0, "pos/x": 26.778871536254883, "pos/y": -4.735602378845215, "pos/z": -64.84904479980469, "rpy/roll": -5.376421253664155, "rpy/pitch": -1.8805494021296996, "rpy/yaw": 15.004019234522703, "milliseconds": 83998}