{"cam/image1": "1306_cam-image1_.jpg", "user/angle": 0.0, "user/throttle": 0.0, "pos/x": 57.310184478759766, "pos/y": -8.79601764678955, "pos/z": -105.04584503173828, "rpy/roll": -1.3711360065693932, "rpy/pitch": 3.282040994227877, "rpy/yaw": 38.817645793312344, "milliseconds": 128613}