{"cam/image1": "528_cam-image1_.jpg", "user/angle": 0.0, "user/throttle": 0.0, "pos/x": 25.314924240112305, "pos/y": -4.136349201202393, "pos/z": -59.736446380615234, "rpy/roll": -6.293427963452348, "rpy/pitch": -0.6030482278699537, "rpy/yaw": 17.582196621556424, "milliseconds": 79484}