{"cam/image1": "227_cam-image1_.jpg", "user/angle": 0.0, "user/throttle": 0.0, "pos/x": 7.893575191497803, "pos/y": -1.5787315368652344, "pos/z": -32.942867279052734, "rpy/roll": 0.9525988855470566, "rpy/pitch": 3.0025168072700597, "rpy/yaw": 33.46859477425277, "milliseconds": 43921}