{"cam/image1": "177_cam-image1_.jpg", "user/angle": 0.0, "user/throttle": 0.0, "pos/x": 4.290866374969482, "pos/y": -1.1494967937469482, "pos/z": -21.493799209594727, "rpy/roll": 6.865762252615909, "rpy/pitch": 0.9022012666728116, "rpy/yaw": 16.537331393989913, "milliseconds": 31248}