{"cam/image1": "487_cam-image1_.jpg", "user/angle": 0.0, "user/throttle": 0.0, "pos/x": 24.4066104888916, "pos/y": -4.228529930114746, "pos/z": -57.52906036376953, "rpy/roll": -0.4799392853943281, "rpy/pitch": 3.0844900120203023, "rpy/yaw": 25.58592891593157, "milliseconds": 77430}