{"cam/image1": "73_cam-image1_.jpg", "user/angle": 0.0, "user/throttle": 0.0, "pos/x": 1.6186970472335815, "pos/y": -0.755142331123352, "pos/z": -16.00818634033203, "rpy/roll": -2.4444078176719573, "rpy/pitch": 2.4970881860633027, "rpy/yaw": 20.46280672000833, "milliseconds": 26025}