{"cam/image1": "470_cam-image1_.jpg", "user/angle": 0.0, "user/throttle": 0.0, "pos/x": 24.111858367919922, "pos/y": -4.264100551605225, "pos/z": -56.63363265991211, "rpy/roll": -2.1799727998393426, "rpy/pitch": -1.3916082516727037, "rpy/yaw": 23.291286100342173, "milliseconds": 76585}