{"cam/image1": "978_cam-image1_.jpg", "user/angle": 0.0, "user/throttle": 0.0, "pos/x": 38.31089401245117, "pos/y": -4.954556465148926, "pos/z": -83.8726577758789, "rpy/roll": 1.7358962242728588, "rpy/pitch": 1.1166541229148537, "rpy/yaw": 56.96863503376048, "milliseconds": 102085}