{"cam/image1": "418_cam-image1_.jpg", "user/angle": 0.0, "user/throttle": 0.0, "pos/x": 22.930164337158203, "pos/y": -3.470674753189087, "pos/z": -54.32946014404297, "rpy/roll": -1.6126651089586599, "rpy/pitch": -0.4498121029579747, "rpy/yaw": 20.110584760553184, "milliseconds": 73969}