{"cam/image1": "1175_cam-image1_.jpg", "user/angle": 0.0, "user/throttle": 0.0, "pos/x": 46.8193359375, "pos/y": -6.615490436553955, "pos/z": -92.269775390625, "rpy/roll": -0.51915362448218, "rpy/pitch": 0.9789871812182674, "rpy/yaw": 40.71784699336259, "milliseconds": 111970}