{"cam/image1": "1232_cam-image1_.jpg", "user/angle": 0.0, "user/throttle": 0.0, "pos/x": 48.80591583251953, "pos/y": -7.277432918548584, "pos/z": -93.99699401855469, "rpy/roll": -16.052756153372354, "rpy/pitch": -0.4595706033355003, "rpy/yaw": 17.67865012978395, "milliseconds": 114829}