{"cam/image1": "194_cam-image1_.jpg", "user/angle": 0.0, "user/throttle": 0.0, "pos/x": 4.553713321685791, "pos/y": -1.1193926334381104, "pos/z": -22.4132022857666, "rpy/roll": 9.145272744731052, "rpy/pitch": 0.9443178462883115, "rpy/yaw": 11.164573981118004, "milliseconds": 32109}