{"cam/image1": "848_cam-image1_.jpg", "user/angle": 0.0, "user/throttle": 0.0, "pos/x": 32.168426513671875, "pos/y": -4.7603864669799805, "pos/z": -78.61476135253906, "rpy/roll": -5.654145352937692, "rpy/pitch": 3.665510453913844, "rpy/yaw": 34.95770518697138, "milliseconds": 95537}