{"cam/image1": "91_cam-image1_.jpg", "user/angle": 0.0, "user/throttle": 0.0, "pos/x": 1.9708236455917358, "pos/y": -0.7536722421646118, "pos/z": -16.915632247924805, "rpy/roll": -6.134299238252265, "rpy/pitch": 3.880071715966818, "rpy/yaw": 25.06473836928133, "milliseconds": 26928}