{"cam/image1": "1036_cam-image1_.jpg", "user/angle": 0.0, "user/throttle": 0.0, "pos/x": 41.12180709838867, "pos/y": -5.785854816436768, "pos/z": -86.05633544921875, "rpy/roll": -2.6920747591263408, "rpy/pitch": -0.10529460523746162, "rpy/yaw": 41.88906491669024, "milliseconds": 104994}