{"cam/image1": "250_cam-image1_.jpg", "user/angle": 0.0, "user/throttle": 0.0, "pos/x": 8.754067420959473, "pos/y": -1.5903918743133545, "pos/z": -33.79241180419922, "rpy/roll": -0.6343500207195906, "rpy/pitch": 3.509688421061009, "rpy/yaw": 37.5943277949946, "milliseconds": 45079}