{"cam/image1": "1016_cam-image1_.jpg", "user/angle": 0.0, "user/throttle": 0.0, "pos/x": 40.27546691894531, "pos/y": -5.643385410308838, "pos/z": -85.18123626708984, "rpy/roll": -3.1644066541572204, "rpy/pitch": 2.4381800108768505, "rpy/yaw": 50.148132509526015, "milliseconds": 103992}