{"cam/image1": "1013_cam-image1_.jpg", "user/angle": 0.0, "user/throttle": 0.0, "pos/x": 40.1489143371582, "pos/y": -5.626928329467773, "pos/z": -85.07110595703125, "rpy/roll": -5.593577982617066, "rpy/pitch": 4.502743607753229, "rpy/yaw": 51.95047183402742, "milliseconds": 103841}