{"cam/image1": "1234_cam-image1_.jpg", "user/angle": 0.0, "user/throttle": 0.0, "pos/x": 48.86632537841797, "pos/y": -7.2347822189331055, "pos/z": -94.03523254394531, "rpy/roll": -14.864999424363603, "rpy/pitch": 1.533256323779366, "rpy/yaw": 14.980231493897639, "milliseconds": 114929}