{"cam/image1": "1165_cam-image1_.jpg", "user/angle": 0.0, "user/throttle": 0.0, "pos/x": 46.42750549316406, "pos/y": -6.684067249298096, "pos/z": -91.74893188476562, "rpy/roll": 3.134732793756911, "rpy/pitch": 1.2571497278706272, "rpy/yaw": 41.80459715418465, "milliseconds": 111467}