{"cam/image1": "744_cam-image1_.jpg", "user/angle": 0.0, "user/throttle": 0.0, "pos/x": 29.173017501831055, "pos/y": -4.268863201141357, "pos/z": -72.8908920288086, "rpy/roll": 8.487054145139105, "rpy/pitch": 0.7080033302080151, "rpy/yaw": 13.542871876000682, "milliseconds": 90318}