{"cam/image1": "1170_cam-image1_.jpg", "user/angle": 0.0, "user/throttle": 0.0, "pos/x": 46.650997161865234, "pos/y": -6.642776966094971, "pos/z": -92.01014709472656, "rpy/roll": 1.4878227685253218, "rpy/pitch": 1.8551650040937018, "rpy/yaw": 40.49709212386648, "milliseconds": 111716}