{"cam/image1": "977_cam-image1_.jpg", "user/angle": 0.0, "user/throttle": 0.0, "pos/x": 38.23450469970703, "pos/y": -4.950408935546875, "pos/z": -83.82763671875, "rpy/roll": 1.3084143943340443, "rpy/pitch": 1.5518210010169475, "rpy/yaw": 56.77782093075054, "milliseconds": 102037}