{"cam/image1": "1143_cam-image1_.jpg", "user/angle": 0.0, "user/throttle": 0.0, "pos/x": 45.34435272216797, "pos/y": -6.506275177001953, "pos/z": -90.76669311523438, "rpy/roll": 7.176166232711769, "rpy/pitch": 6.130236074767881, "rpy/yaw": 40.27686727326275, "milliseconds": 110363}