{"cam/image1": "413_cam-image1_.jpg", "user/angle": 0.0, "user/throttle": 0.0, "pos/x": 22.86240005493164, "pos/y": -3.4584076404571533, "pos/z": -54.14251708984375, "rpy/roll": -0.44443059215066444, "rpy/pitch": -0.44501773881330964, "rpy/yaw": 20.626611415629267, "milliseconds": 73718}