{"cam/image1": "729_cam-image1_.jpg", "user/angle": 0.0, "user/throttle": 0.0, "pos/x": 28.95220375061035, "pos/y": -4.312315940856934, "pos/z": -71.95291137695312, "rpy/roll": 3.7102055864487116, "rpy/pitch": 0.7483742036047861, "rpy/yaw": 12.31122385244293, "milliseconds": 89568}