{"cam/image1": "694_cam-image1_.jpg", "user/angle": 0.0, "user/throttle": 0.0, "pos/x": 28.294666290283203, "pos/y": -4.652589797973633, "pos/z": -69.78446197509766, "rpy/roll": -7.303724757541251, "rpy/pitch": 2.1162893687783266, "rpy/yaw": 18.64917197168747, "milliseconds": 87810}