{"cam/image1": "637_cam-image1_.jpg", "user/angle": 0.0, "user/throttle": 0.0, "pos/x": 27.096115112304688, "pos/y": -4.804422855377197, "pos/z": -66.0649642944336, "rpy/roll": -2.7068171004028785, "rpy/pitch": -0.4168810436746151, "rpy/yaw": 22.758213929510347, "milliseconds": 84951}