{"cam/image1": "784_cam-image1_.jpg", "user/angle": 0.0, "user/throttle": 0.0, "pos/x": 30.243104934692383, "pos/y": -4.310745716094971, "pos/z": -75.16475677490234, "rpy/roll": 3.2609064737572377, "rpy/pitch": 0.034246249203865, "rpy/yaw": 25.064936028865137, "milliseconds": 92325}