{"cam/image1": "137_cam-image1_.jpg", "user/angle": 0.0, "user/throttle": 0.0, "pos/x": 3.3715319633483887, "pos/y": -0.960821807384491, "pos/z": -19.345321655273438, "rpy/roll": 9.31806074092422, "rpy/pitch": -1.0061669025618696, "rpy/yaw": 25.444141302712165, "milliseconds": 29252}