{"cam/image1": "681_cam-image1_.jpg", "user/angle": 0.0, "user/throttle": 0.0, "pos/x": 28.04646110534668, "pos/y": -4.716683387756348, "pos/z": -68.868896484375, "rpy/roll": -10.22959944030258, "rpy/pitch": 1.9866282134059923, "rpy/yaw": 23.83240517589424, "milliseconds": 87158}