{"cam/image1": "14_cam-image1_.jpg", "user/angle": 0.0, "user/throttle": 0.0, "pos/x": -0.3681514859199524, "pos/y": -0.1617041677236557, "pos/z": -4.033329963684082, "rpy/roll": -3.9219910543644665, "rpy/pitch": 2.1347327706112935, "rpy/yaw": 0.4734865101413241, "milliseconds": 12892}