{"cam/image1": "186_cam-image1_.jpg", "user/angle": 0.0, "user/throttle": 0.0, "pos/x": 4.435789108276367, "pos/y": -1.105314016342163, "pos/z": -21.975971221923828, "rpy/roll": 3.530838154852047, "rpy/pitch": 2.554280468570519, "rpy/yaw": 17.849264286959137, "milliseconds": 31706}