{"cam/image1": "18_cam-image1_.jpg", "user/angle": 0.0, "user/throttle": 0.0, "pos/x": -0.3833228647708893, "pos/y": -0.15782658755779266, "pos/z": -4.215968132019043, "rpy/roll": -4.562348658431755, "rpy/pitch": 1.6087081926111302, "rpy/yaw": -1.6042247795508255, "milliseconds": 13092}