{"cam/image1": "27_cam-image1_.jpg", "user/angle": 0.0, "user/throttle": 0.0, "pos/x": -0.404989629983902, "pos/y": -0.19231364130973816, "pos/z": -4.661013603210449, "rpy/roll": -6.28171067615213, "rpy/pitch": 2.8025870519206304, "rpy/yaw": -4.837817679750378, "milliseconds": 23748}