{"cam/image1": "515_cam-image1_.jpg", "user/angle": 0.0, "user/throttle": 0.0, "pos/x": 25.10983657836914, "pos/y": -4.077683448791504, "pos/z": -59.003662109375, "rpy/roll": -5.187042107244598, "rpy/pitch": -1.3989323121839998, "rpy/yaw": 20.678782987424423, "milliseconds": 78834}