{"cam/image1": "286_cam-image1_.jpg", "user/angle": 0.0, "user/throttle": 0.0, "pos/x": 14.083662033081055, "pos/y": -2.3011350631713867, "pos/z": -45.49662780761719, "rpy/roll": 7.779256944136819, "rpy/pitch": 2.0537788229440865, "rpy/yaw": 34.8994348275406, "milliseconds": 57069}