{"cam/image1": "620_cam-image1_.jpg", "user/angle": 0.0, "user/throttle": 0.0, "pos/x": 26.80716896057129, "pos/y": -4.764988422393799, "pos/z": -64.96742248535156, "rpy/roll": -4.355571324844586, "rpy/pitch": -1.0658146392506034, "rpy/yaw": 14.527545751561878, "milliseconds": 84098}