{"cam/image1": "709_cam-image1_.jpg", "user/angle": 0.0, "user/throttle": 0.0, "pos/x": 28.60932731628418, "pos/y": -4.432762622833252, "pos/z": -70.72818756103516, "rpy/roll": -1.1962358033237448, "rpy/pitch": 0.17560474700269427, "rpy/yaw": 13.950180822052387, "milliseconds": 88562}