{"cam/image1": "696_cam-image1_.jpg", "user/angle": 0.0, "user/throttle": 0.0, "pos/x": 28.312843322753906, "pos/y": -4.631118297576904, "pos/z": -69.88412475585938, "rpy/roll": -6.397057207010934, "rpy/pitch": 3.146720949274087, "rpy/yaw": 18.218424530964164, "milliseconds": 87912}