{"cam/image1": "432_cam-image1_.jpg", "user/angle": 0.0, "user/throttle": 0.0, "pos/x": 23.221269607543945, "pos/y": -3.693770170211792, "pos/z": -54.92976379394531, "rpy/roll": 0.028784324145638474, "rpy/pitch": 0.1634192191376573, "rpy/yaw": 21.21441664306172, "milliseconds": 74672}