{"cam/image1": "1089_cam-image1_.jpg", "user/angle": 0.0, "user/throttle": 0.0, "pos/x": 43.25294494628906, "pos/y": -6.370580196380615, "pos/z": -88.29243469238281, "rpy/roll": 3.7045356103719307, "rpy/pitch": 2.922610770771346, "rpy/yaw": 37.50490093691492, "milliseconds": 107654}