{"cam/image1": "595_cam-image1_.jpg", "user/angle": 0.0, "user/throttle": 0.0, "pos/x": 26.537073135375977, "pos/y": -4.407745361328125, "pos/z": -63.41752243041992, "rpy/roll": -7.463363534858679, "rpy/pitch": -3.70991843884672, "rpy/yaw": 20.780315633260646, "milliseconds": 82845}