{"cam/image1": "1283_cam-image1_.jpg", "user/angle": 0.0, "user/throttle": 0.0, "pos/x": 49.676551818847656, "pos/y": -8.247859954833984, "pos/z": -95.21351623535156, "rpy/roll": 2.713677336554319, "rpy/pitch": 4.767256201330895, "rpy/yaw": 37.922317319697164, "milliseconds": 117385}