{"cam/image1": "180_cam-image1_.jpg", "user/angle": 0.0, "user/throttle": 0.0, "pos/x": 4.3468780517578125, "pos/y": -1.1170274019241333, "pos/z": -21.643335342407227, "rpy/roll": 4.148406177068546, "rpy/pitch": 3.345696127414573, "rpy/yaw": 17.540533205992542, "milliseconds": 31399}