{"cam/image1": "793_cam-image1_.jpg", "user/angle": 0.0, "user/throttle": 0.0, "pos/x": 30.419240951538086, "pos/y": -4.326845169067383, "pos/z": -75.75668334960938, "rpy/roll": -1.7966678973225036, "rpy/pitch": 2.632654390012326, "rpy/yaw": 21.40789085151046, "milliseconds": 92786}