{"cam/image1": "472_cam-image1_.jpg", "user/angle": 0.0, "user/throttle": 0.0, "pos/x": 24.142824172973633, "pos/y": -4.272079944610596, "pos/z": -56.7396240234375, "rpy/roll": -1.8794266319468897, "rpy/pitch": -0.7427821823461606, "rpy/yaw": 23.08396002334254, "milliseconds": 76677}