{"cam/image1": "1006_cam-image1_.jpg", "user/angle": 0.0, "user/throttle": 0.0, "pos/x": 39.750152587890625, "pos/y": -5.317429542541504, "pos/z": -84.84423065185547, "rpy/roll": -7.934657853350318, "rpy/pitch": 5.686260409883229, "rpy/yaw": 52.7234415819221, "milliseconds": 103490}