{"cam/image1": "296_cam-image1_.jpg", "user/angle": 0.0, "user/throttle": 0.0, "pos/x": 21.445005416870117, "pos/y": -2.676910161972046, "pos/z": -50.50271224975586, "rpy/roll": 1.3864636037645712, "rpy/pitch": -22.32092399997015, "rpy/yaw": 40.02421144857538, "milliseconds": 67844}