{"cam/image1": "1254_cam-image1_.jpg", "user/angle": 0.0, "user/throttle": 0.0, "pos/x": 48.899314880371094, "pos/y": -7.596643924713135, "pos/z": -94.59156036376953, "rpy/roll": -3.3388431986448706, "rpy/pitch": 3.648644875704377, "rpy/yaw": 21.009922471730913, "milliseconds": 115933}