{"cam/image1": "412_cam-image1_.jpg", "user/angle": 0.0, "user/throttle": 0.0, "pos/x": 22.853078842163086, "pos/y": -3.44814133644104, "pos/z": -54.082237243652344, "rpy/roll": 0.9530107631280879, "rpy/pitch": -0.7630474060519234, "rpy/yaw": 20.622960230945065, "milliseconds": 73676}