{"cam/image1": "178_cam-image1_.jpg", "user/angle": 0.0, "user/throttle": 0.0, "pos/x": 4.304771900177002, "pos/y": -1.1503885984420776, "pos/z": -21.532045364379883, "rpy/roll": 6.8158479284097915, "rpy/pitch": 1.0106264638869364, "rpy/yaw": 16.832224067925257, "milliseconds": 31299}