{"cam/image1": "513_cam-image1_.jpg", "user/angle": 0.0, "user/throttle": 0.0, "pos/x": 25.07716178894043, "pos/y": -4.057650089263916, "pos/z": -58.913673400878906, "rpy/roll": -3.7467657551207503, "rpy/pitch": 0.3620016669111137, "rpy/yaw": 20.822183003363374, "milliseconds": 78734}