{"cam/image1": "431_cam-image1_.jpg", "user/angle": 0.0, "user/throttle": 0.0, "pos/x": 23.20720863342285, "pos/y": -3.6776931285858154, "pos/z": -54.897422790527344, "rpy/roll": -0.10949643422461233, "rpy/pitch": -0.6398768563575522, "rpy/yaw": 21.782419046519106, "milliseconds": 74620}