{"cam/image1": "968_cam-image1_.jpg", "user/angle": 0.0, "user/throttle": 0.0, "pos/x": 37.76236343383789, "pos/y": -4.8854594230651855, "pos/z": -83.52334594726562, "rpy/roll": 2.320867677490703, "rpy/pitch": 1.6773977477473554, "rpy/yaw": 55.934707484210264, "milliseconds": 101584}