{"cam/image1": "642_cam-image1_.jpg", "user/angle": 0.0, "user/throttle": 0.0, "pos/x": 27.227951049804688, "pos/y": -4.814358711242676, "pos/z": -66.36243438720703, "rpy/roll": -2.092299346663592, "rpy/pitch": -0.032146126093972764, "rpy/yaw": 23.446370763638853, "milliseconds": 85202}