{"cam/image1": "165_cam-image1_.jpg", "user/angle": 0.0, "user/throttle": 0.0, "pos/x": 4.053438663482666, "pos/y": -1.0675655603408813, "pos/z": -20.822832107543945, "rpy/roll": 8.018225602764735, "rpy/pitch": 1.2836270345247274, "rpy/yaw": 23.502658689925163, "milliseconds": 30646}