{"cam/image1": "42_cam-image1_.jpg", "user/angle": 0.0, "user/throttle": 0.0, "pos/x": 1.1189844608306885, "pos/y": -0.6889458894729614, "pos/z": -14.401288032531738, "rpy/roll": 5.989854649875198, "rpy/pitch": 1.9948476713002408, "rpy/yaw": 14.406998809772636, "milliseconds": 24464}