{"cam/image1": "420_cam-image1_.jpg", "user/angle": 0.0, "user/throttle": 0.0, "pos/x": 22.953908920288086, "pos/y": -3.469015598297119, "pos/z": -54.41301727294922, "rpy/roll": -3.2741585174671384, "rpy/pitch": 0.7094728392335896, "rpy/yaw": 21.065045155886942, "milliseconds": 74070}