{"cam/image1": "1311_cam-image1_.jpg", "user/angle": 0.0, "user/throttle": 0.0, "pos/x": 57.497596740722656, "pos/y": -8.770721435546875, "pos/z": -105.26678466796875, "rpy/roll": -6.1046505878918, "rpy/pitch": 3.908923507069691, "rpy/yaw": 44.05565020050668, "milliseconds": 128867}