{"cam/image1": "930_cam-image1_.jpg", "user/angle": 0.0, "user/throttle": 0.0, "pos/x": 35.81574630737305, "pos/y": -4.877502918243408, "pos/z": -82.17604064941406, "rpy/roll": -8.769388585047903, "rpy/pitch": 4.243123399064859, "rpy/yaw": 53.5387549471613, "milliseconds": 99679}