{"cam/image1": "45_cam-image1_.jpg", "user/angle": 0.0, "user/throttle": 0.0, "pos/x": 1.1502776145935059, "pos/y": -0.6847549676895142, "pos/z": -14.555473327636719, "rpy/roll": 3.3162992593098473, "rpy/pitch": 1.8849799141802248, "rpy/yaw": 14.514278497849123, "milliseconds": 24613}