{"cam/image1": "785_cam-image1_.jpg", "user/angle": 0.0, "user/throttle": 0.0, "pos/x": 30.285802841186523, "pos/y": -4.323160648345947, "pos/z": -75.25553131103516, "rpy/roll": 3.6588742927228712, "rpy/pitch": -0.6693699540512494, "rpy/yaw": 23.796270090482235, "milliseconds": 92375}