{"cam/image1": "1173_cam-image1_.jpg", "user/angle": 0.0, "user/throttle": 0.0, "pos/x": 46.767581939697266, "pos/y": -6.6276092529296875, "pos/z": -92.14549255371094, "rpy/roll": -0.2035672293399448, "rpy/pitch": 2.5251786613245297, "rpy/yaw": 40.480103875473475, "milliseconds": 111875}