{"cam/image1": "1266_cam-image1_.jpg", "user/angle": 0.0, "user/throttle": 0.0, "pos/x": 49.29907989501953, "pos/y": -7.7361369132995605, "pos/z": -94.80046844482422, "rpy/roll": 0.22197781522201618, "rpy/pitch": 1.2011667547863314, "rpy/yaw": 39.105850669445, "milliseconds": 116535}