{"cam/image1": "1235_cam-image1_.jpg", "user/angle": 0.0, "user/throttle": 0.0, "pos/x": 48.88356018066406, "pos/y": -7.234692573547363, "pos/z": -94.08924102783203, "rpy/roll": -12.968020676063674, "rpy/pitch": 1.313548970033424, "rpy/yaw": 13.162181457854723, "milliseconds": 114987}