{"cam/image1": "175_cam-image1_.jpg", "user/angle": 0.0, "user/throttle": 0.0, "pos/x": 4.259294033050537, "pos/y": -1.1406909227371216, "pos/z": -21.37537956237793, "rpy/roll": 7.90381625132963, "rpy/pitch": 0.5777171334985658, "rpy/yaw": 16.871068400814398, "milliseconds": 31154}