{"cam/image1": "82_cam-image1_.jpg", "user/angle": 0.0, "user/throttle": 0.0, "pos/x": 1.783950686454773, "pos/y": -0.765790581703186, "pos/z": -16.500621795654297, "rpy/roll": -4.097945824385041, "rpy/pitch": 5.112234098855287, "rpy/yaw": 20.06976819263683, "milliseconds": 26483}