{"cam/image1": "1185_cam-image1_.jpg", "user/angle": 0.0, "user/throttle": 0.0, "pos/x": 47.19331359863281, "pos/y": -6.828607082366943, "pos/z": -92.79388427734375, "rpy/roll": -0.23817361173613755, "rpy/pitch": 1.5670809607750893, "rpy/yaw": 40.28190980485953, "milliseconds": 112470}