{"cam/image1": "589_cam-image1_.jpg", "user/angle": 0.0, "user/throttle": 0.0, "pos/x": 26.446575164794922, "pos/y": -4.458369731903076, "pos/z": -63.05536651611328, "rpy/roll": -2.8461497635557125, "rpy/pitch": -3.211314442538178, "rpy/yaw": 11.725083659273007, "milliseconds": 82544}