{"cam/image1": "941_cam-image1_.jpg", "user/angle": 0.0, "user/throttle": 0.0, "pos/x": 36.38896942138672, "pos/y": -4.890159606933594, "pos/z": -82.54528045654297, "rpy/roll": 1.02904638977892, "rpy/pitch": 3.0403856383368884, "rpy/yaw": 51.72618029105504, "milliseconds": 100231}