{"cam/image1": "510_cam-image1_.jpg", "user/angle": 0.0, "user/throttle": 0.0, "pos/x": 24.984664916992188, "pos/y": -4.036852836608887, "pos/z": -58.78517150878906, "rpy/roll": -2.970578983988701, "rpy/pitch": -0.029132447561484455, "rpy/yaw": 21.027045970397374, "milliseconds": 78583}