{"cam/image1": "1144_cam-image1_.jpg", "user/angle": 0.0, "user/throttle": 0.0, "pos/x": 45.425537109375, "pos/y": -6.480124473571777, "pos/z": -90.82616424560547, "rpy/roll": 7.178957296388692, "rpy/pitch": 2.653859107258053, "rpy/yaw": 39.82755135933743, "milliseconds": 110412}