{"cam/image1": "306_cam-image1_.jpg", "user/angle": 0.0, "user/throttle": 0.0, "pos/x": 21.556774139404297, "pos/y": -2.6715588569641113, "pos/z": -50.72388458251953, "rpy/roll": -2.4572105802930486, "rpy/pitch": -18.35878176865704, "rpy/yaw": 37.26784749462476, "milliseconds": 68347}