{"cam/image1": "283_cam-image1_.jpg", "user/angle": 0.0, "user/throttle": 0.0, "pos/x": 13.997966766357422, "pos/y": -2.289011240005493, "pos/z": -45.36708068847656, "rpy/roll": 7.876717268225485, "rpy/pitch": 2.266980979651502, "rpy/yaw": 33.97130460591588, "milliseconds": 56917}