{"cam/image1": "1071_cam-image1_.jpg", "user/angle": 0.0, "user/throttle": 0.0, "pos/x": 42.44663619995117, "pos/y": -6.15971040725708, "pos/z": -87.56758117675781, "rpy/roll": -0.07844362756263484, "rpy/pitch": 2.230369902789889, "rpy/yaw": 36.27940514908852, "milliseconds": 106749}