{"cam/image1": "321_cam-image1_.jpg", "user/angle": 0.0, "user/throttle": 0.0, "pos/x": 21.790483474731445, "pos/y": -2.757256269454956, "pos/z": -50.952945709228516, "rpy/roll": 1.1257840696047936, "rpy/pitch": -13.10385077635793, "rpy/yaw": 28.099618739166793, "milliseconds": 69100}