{"cam/image1": "1040_cam-image1_.jpg", "user/angle": 0.0, "user/throttle": 0.0, "pos/x": 41.2806282043457, "pos/y": -5.790487289428711, "pos/z": -86.20613861083984, "rpy/roll": -1.3341454947338347, "rpy/pitch": 1.1559934710976867, "rpy/yaw": 42.35299819246504, "milliseconds": 105195}