{"cam/image1": "427_cam-image1_.jpg", "user/angle": 0.0, "user/throttle": 0.0, "pos/x": 23.105140686035156, "pos/y": -3.566450595855713, "pos/z": -54.69510269165039, "rpy/roll": -2.511108422253242, "rpy/pitch": 1.4032148377716263, "rpy/yaw": 22.356134861641323, "milliseconds": 74427}