{"cam/image1": "1076_cam-image1_.jpg", "user/angle": 0.0, "user/throttle": 0.0, "pos/x": 42.6555290222168, "pos/y": -6.252902030944824, "pos/z": -87.7688980102539, "rpy/roll": -0.22395831877004685, "rpy/pitch": 1.2260791028814015, "rpy/yaw": 36.97404769493316, "milliseconds": 107000}