{"cam/image1": "1026_cam-image1_.jpg", "user/angle": 0.0, "user/throttle": 0.0, "pos/x": 40.65821838378906, "pos/y": -5.75996732711792, "pos/z": -85.67538452148438, "rpy/roll": -10.19084377145602, "rpy/pitch": 3.8382383895500403, "rpy/yaw": 42.6203842923011, "milliseconds": 104493}