{"cam/image1": "384_cam-image1_.jpg", "user/angle": 0.0, "user/throttle": 0.0, "pos/x": 22.449670791625977, "pos/y": -3.1736273765563965, "pos/z": -52.96925735473633, "rpy/roll": 4.743201048145982, "rpy/pitch": -6.615009634560263, "rpy/yaw": 17.85383133304955, "milliseconds": 72265}