{"cam/image1": "939_cam-image1_.jpg", "user/angle": 0.0, "user/throttle": 0.0, "pos/x": 36.27263259887695, "pos/y": -4.89763879776001, "pos/z": -82.47087860107422, "rpy/roll": -0.1625179198287627, "rpy/pitch": 4.389907192105545, "rpy/yaw": 51.897642372724626, "milliseconds": 100130}