{"cam/image1": "654_cam-image1_.jpg", "user/angle": 0.0, "user/throttle": 0.0, "pos/x": 27.452482223510742, "pos/y": -4.813720703125, "pos/z": -67.14840698242188, "rpy/roll": -1.090487816252963, "rpy/pitch": -1.2040573090439761, "rpy/yaw": 14.049119249332971, "milliseconds": 85804}