{"cam/image1": "260_cam-image1_.jpg", "user/angle": 0.0, "user/throttle": 0.0, "pos/x": 13.307258605957031, "pos/y": -2.292593002319336, "pos/z": -44.1949577331543, "rpy/roll": 5.833506298084564, "rpy/pitch": 3.0056188785605458, "rpy/yaw": 26.66645686271405, "milliseconds": 55762}