{"cam/image1": "112_cam-image1_.jpg", "user/angle": 0.0, "user/throttle": 0.0, "pos/x": 2.564786911010742, "pos/y": -0.8400091528892517, "pos/z": -18.048931121826172, "rpy/roll": 2.7413428116660996, "rpy/pitch": 0.8632131088945588, "rpy/yaw": 22.934158662660064, "milliseconds": 27986}