{"cam/image1": "258_cam-image1_.jpg", "user/angle": 0.0, "user/throttle": 0.0, "pos/x": 8.967495918273926, "pos/y": -1.6103168725967407, "pos/z": -34.148284912109375, "rpy/roll": -3.0881714602094164, "rpy/pitch": 4.253502379281071, "rpy/yaw": 30.468735192860265, "milliseconds": 45480}