{"cam/image1": "572_cam-image1_.jpg", "user/angle": 0.0, "user/throttle": 0.0, "pos/x": 26.105899810791016, "pos/y": -4.388002395629883, "pos/z": -62.08065414428711, "rpy/roll": -17.440422333221566, "rpy/pitch": -2.463745851726037, "rpy/yaw": 20.10746605162983, "milliseconds": 81692}