{"cam/image1": "416_cam-image1_.jpg", "user/angle": 0.0, "user/throttle": 0.0, "pos/x": 22.90147590637207, "pos/y": -3.456928253173828, "pos/z": -54.24864196777344, "rpy/roll": -1.634704950215981, "rpy/pitch": -0.12923100043144006, "rpy/yaw": 20.3563096568225, "milliseconds": 73869}