{"cam/image1": "243_cam-image1_.jpg", "user/angle": 0.0, "user/throttle": 0.0, "pos/x": 8.504329681396484, "pos/y": -1.599400281906128, "pos/z": -33.50048828125, "rpy/roll": -1.6301545769795236, "rpy/pitch": 2.8486922215049253, "rpy/yaw": 48.33299914588719, "milliseconds": 44727}