{"cam/image1": "316_cam-image1_.jpg", "user/angle": 0.0, "user/throttle": 0.0, "pos/x": 21.75314712524414, "pos/y": -2.738884210586548, "pos/z": -50.87949752807617, "rpy/roll": -0.47658991132220285, "rpy/pitch": -14.429027262878234, "rpy/yaw": 30.24919805822338, "milliseconds": 68853}