{"cam/image1": "309_cam-image1_.jpg", "user/angle": 0.0, "user/throttle": 0.0, "pos/x": 21.673675537109375, "pos/y": -2.6896421909332275, "pos/z": -50.74625015258789, "rpy/roll": -2.0286493384809563, "rpy/pitch": -17.337650538004976, "rpy/yaw": 35.42116282052757, "milliseconds": 68497}