{"cam/image1": "169_cam-image1_.jpg", "user/angle": 0.0, "user/throttle": 0.0, "pos/x": 4.142524242401123, "pos/y": -1.1040382385253906, "pos/z": -21.034175872802734, "rpy/roll": 8.398797601406885, "rpy/pitch": 0.9296495663300189, "rpy/yaw": 21.880448032299093, "milliseconds": 30851}