{"cam/image1": "102_cam-image1_.jpg", "user/angle": 0.0, "user/throttle": 0.0, "pos/x": 2.308751344680786, "pos/y": -0.7906612157821655, "pos/z": -17.484376907348633, "rpy/roll": 3.531838313906122, "rpy/pitch": 1.5202916693949617, "rpy/yaw": 23.715761913132837, "milliseconds": 27478}