{"cam/image1": "863_cam-image1_.jpg", "user/angle": 0.0, "user/throttle": 0.0, "pos/x": 32.4303092956543, "pos/y": -4.817190647125244, "pos/z": -79.50194549560547, "rpy/roll": -0.5935914005026887, "rpy/pitch": -1.3302056228519428, "rpy/yaw": 36.17330442486286, "milliseconds": 96288}