{"cam/image1": "48_cam-image1_.jpg", "user/angle": 0.0, "user/throttle": 0.0, "pos/x": 1.17267906665802, "pos/y": -0.6985238194465637, "pos/z": -14.704346656799316, "rpy/roll": 2.293599501453246, "rpy/pitch": 0.7684890382162776, "rpy/yaw": 14.400008578641874, "milliseconds": 24778}