{"cam/image1": "127_cam-image1_.jpg", "user/angle": 0.0, "user/throttle": 0.0, "pos/x": 3.071859121322632, "pos/y": -0.9383479952812195, "pos/z": -18.82333755493164, "rpy/roll": 7.447968396604805, "rpy/pitch": 0.22796898313817543, "rpy/yaw": 24.90186931139324, "milliseconds": 28742}