{"cam/image1": "758_cam-image1_.jpg", "user/angle": 0.0, "user/throttle": 0.0, "pos/x": 29.454370498657227, "pos/y": -4.148825168609619, "pos/z": -73.77123260498047, "rpy/roll": 8.587428743752325, "rpy/pitch": -1.537032126959902, "rpy/yaw": 18.343131564047106, "milliseconds": 91022}