{"cam/image1": "422_cam-image1_.jpg", "user/angle": 0.0, "user/throttle": 0.0, "pos/x": 22.98822784423828, "pos/y": -3.494288682937622, "pos/z": -54.49103927612305, "rpy/roll": -4.8229260116836645, "rpy/pitch": -0.01947662597384357, "rpy/yaw": 22.33939982792593, "milliseconds": 74170}