{"cam/image1": "161_cam-image1_.jpg", "user/angle": 0.0, "user/throttle": 0.0, "pos/x": 3.936239242553711, "pos/y": -1.051377534866333, "pos/z": -20.61049461364746, "rpy/roll": 8.842814275099506, "rpy/pitch": 1.370752047625788, "rpy/yaw": 22.39727761230004, "milliseconds": 30446}