{"cam/image1": "609_cam-image1_.jpg", "user/angle": 0.0, "user/throttle": 0.0, "pos/x": 26.705684661865234, "pos/y": -4.505540370941162, "pos/z": -64.26802062988281, "rpy/roll": -5.268329224112573, "rpy/pitch": -2.2079895870208746, "rpy/yaw": 18.007044550112884, "milliseconds": 83550}