{"cam/image1": "1030_cam-image1_.jpg", "user/angle": 0.0, "user/throttle": 0.0, "pos/x": 40.84501266479492, "pos/y": -5.779123306274414, "pos/z": -85.83573150634766, "rpy/roll": -10.791948475111734, "rpy/pitch": 1.9639679682394577, "rpy/yaw": 43.657955710807435, "milliseconds": 104693}