{"cam/image1": "1172_cam-image1_.jpg", "user/angle": 0.0, "user/throttle": 0.0, "pos/x": 46.74664306640625, "pos/y": -6.636668682098389, "pos/z": -92.10609436035156, "rpy/roll": 0.043517325440163186, "rpy/pitch": 2.145310684831651, "rpy/yaw": 40.27342507629073, "milliseconds": 111816}