{"cam/image1": "938_cam-image1_.jpg", "user/angle": 0.0, "user/throttle": 0.0, "pos/x": 36.23796081542969, "pos/y": -4.900749206542969, "pos/z": -82.44709014892578, "rpy/roll": -0.8809131725691756, "rpy/pitch": 4.982148465898364, "rpy/yaw": 51.98853840407132, "milliseconds": 100080}