{"cam/image1": "353_cam-image1_.jpg", "user/angle": 0.0, "user/throttle": 0.0, "pos/x": 22.075424194335938, "pos/y": -2.9414913654327393, "pos/z": -51.93104934692383, "rpy/roll": -1.2342342835291535, "rpy/pitch": -9.204646544346113, "rpy/yaw": 15.852364093070126, "milliseconds": 70705}