{"cam/image1": "364_cam-image1_.jpg", "user/angle": 0.0, "user/throttle": 0.0, "pos/x": 22.211408615112305, "pos/y": -3.023801565170288, "pos/z": -52.291961669921875, "rpy/roll": 4.685307375853219, "rpy/pitch": -8.101320405731162, "rpy/yaw": 12.492415398742883, "milliseconds": 71255}