{"cam/image1": "1294_cam-image1_.jpg", "user/angle": 0.0, "user/throttle": 0.0, "pos/x": 50.154781341552734, "pos/y": -8.456238746643066, "pos/z": -95.56132507324219, "rpy/roll": 1.7139686055002021, "rpy/pitch": 0.13240326410759454, "rpy/yaw": 35.832431200974554, "milliseconds": 117938}