{"cam/image1": "214_cam-image1_.jpg", "user/angle": 0.0, "user/throttle": 0.0, "pos/x": 4.702507019042969, "pos/y": -1.1188693046569824, "pos/z": -23.434886932373047, "rpy/roll": 7.943434055288346, "rpy/pitch": 5.208699789490572, "rpy/yaw": 4.877637477459753, "milliseconds": 33105}