{"cam/image1": "103_cam-image1_.jpg", "user/angle": 0.0, "user/throttle": 0.0, "pos/x": 2.3263251781463623, "pos/y": -0.7869709730148315, "pos/z": -17.52247428894043, "rpy/roll": 3.1352866800959482, "rpy/pitch": 2.0858591091125347, "rpy/yaw": 23.661043733117552, "milliseconds": 27538}