{"cam/image1": "1138_cam-image1_.jpg", "user/angle": 0.0, "user/throttle": 0.0, "pos/x": 45.15802764892578, "pos/y": -6.439115524291992, "pos/z": -90.570556640625, "rpy/roll": 6.983380658677841, "rpy/pitch": 3.173889777812277, "rpy/yaw": 38.421286888861545, "milliseconds": 110111}