{"cam/image1": "1127_cam-image1_.jpg", "user/angle": 0.0, "user/throttle": 0.0, "pos/x": 44.752140045166016, "pos/y": -6.426307678222656, "pos/z": -90.00450897216797, "rpy/roll": 7.441567080300566, "rpy/pitch": 2.7215990894252324, "rpy/yaw": 39.765302581616446, "milliseconds": 109561}