{"cam/image1": "754_cam-image1_.jpg", "user/angle": 0.0, "user/throttle": 0.0, "pos/x": 29.31454849243164, "pos/y": -4.26256799697876, "pos/z": -73.54366302490234, "rpy/roll": 6.588716601500059, "rpy/pitch": -4.0231573787044095, "rpy/yaw": 18.196540660304247, "milliseconds": 90820}