{"cam/image1": "827_cam-image1_.jpg", "user/angle": 0.0, "user/throttle": 0.0, "pos/x": 31.592382431030273, "pos/y": -4.648434162139893, "pos/z": -77.57476043701172, "rpy/roll": -9.96705462980172, "rpy/pitch": -3.0174611470609345, "rpy/yaw": 39.0664840914705, "milliseconds": 94488}