{"cam/image1": "460_cam-image1_.jpg", "user/angle": 0.0, "user/throttle": 0.0, "pos/x": 23.906858444213867, "pos/y": -4.212249755859375, "pos/z": -56.113929748535156, "rpy/roll": -0.7214839218484761, "rpy/pitch": -0.3833666266123561, "rpy/yaw": 24.94145521047889, "milliseconds": 76075}