{"cam/image1": "587_cam-image1_.jpg", "user/angle": 0.0, "user/throttle": 0.0, "pos/x": 26.412647247314453, "pos/y": -4.4588141441345215, "pos/z": -62.92985153198242, "rpy/roll": -2.665947035071714, "rpy/pitch": -2.305212949861163, "rpy/yaw": 9.829072487822948, "milliseconds": 82443}