{"cam/image1": "1196_cam-image1_.jpg", "user/angle": 0.0, "user/throttle": 0.0, "pos/x": 47.915252685546875, "pos/y": -6.866567134857178, "pos/z": -93.22110748291016, "rpy/roll": -12.379557471617423, "rpy/pitch": 3.378709575020063, "rpy/yaw": 46.330367929509556, "milliseconds": 113024}