{"cam/image1": "155_cam-image1_.jpg", "user/angle": 0.0, "user/throttle": 0.0, "pos/x": 3.7982985973358154, "pos/y": -0.9940373301506042, "pos/z": -20.30247688293457, "rpy/roll": 11.572711289772593, "rpy/pitch": -0.12894820747464406, "rpy/yaw": 21.766572919595813, "milliseconds": 30145}