{"cam/image1": "389_cam-image1_.jpg", "user/angle": 0.0, "user/throttle": 0.0, "pos/x": 22.5263729095459, "pos/y": -3.241379499435425, "pos/z": -53.20476531982422, "rpy/roll": 4.934833052935779, "rpy/pitch": -7.876655579208671, "rpy/yaw": 17.147438317048824, "milliseconds": 72509}