{"cam/image1": "336_cam-image1_.jpg", "user/angle": 0.0, "user/throttle": 0.0, "pos/x": 21.936553955078125, "pos/y": -2.851346492767334, "pos/z": -51.39356994628906, "rpy/roll": -1.915720173946727, "rpy/pitch": -12.460778754428057, "rpy/yaw": 23.575890040745634, "milliseconds": 69851}