{"cam/image1": "1290_cam-image1_.jpg", "user/angle": 0.0, "user/throttle": 0.0, "pos/x": 50.00111389160156, "pos/y": -8.465499877929688, "pos/z": -95.42098236083984, "rpy/roll": -0.20745089797281754, "rpy/pitch": -0.3299571238748512, "rpy/yaw": 34.60311108687689, "milliseconds": 117737}