{"cam/image1": "960_cam-image1_.jpg", "user/angle": 0.0, "user/throttle": 0.0, "pos/x": 37.39642333984375, "pos/y": -4.88115119934082, "pos/z": -83.23408508300781, "rpy/roll": 2.657084872747586, "rpy/pitch": 3.168159430247128, "rpy/yaw": 55.018875652138185, "milliseconds": 101183}