{"cam/image1": "697_cam-image1_.jpg", "user/angle": 0.0, "user/throttle": 0.0, "pos/x": 28.361526489257812, "pos/y": -4.583507061004639, "pos/z": -69.96072387695312, "rpy/roll": -5.290367212195072, "rpy/pitch": 2.2815577588821623, "rpy/yaw": 17.921858084228067, "milliseconds": 87960}