{"cam/image1": "1225_cam-image1_.jpg", "user/angle": 0.0, "user/throttle": 0.0, "pos/x": 48.740501403808594, "pos/y": -7.199468612670898, "pos/z": -93.7654037475586, "rpy/roll": -7.364766474343342, "rpy/pitch": 1.3060412149180898, "rpy/yaw": 28.53636957620425, "milliseconds": 114478}