{"cam/image1": "932_cam-image1_.jpg", "user/angle": 0.0, "user/throttle": 0.0, "pos/x": 35.91654968261719, "pos/y": -4.882412910461426, "pos/z": -82.25407409667969, "rpy/roll": -7.674790999600578, "rpy/pitch": 4.290218087546369, "rpy/yaw": 53.07664774038737, "milliseconds": 99779}