{"cam/image1": "361_cam-image1_.jpg", "user/angle": 0.0, "user/throttle": 0.0, "pos/x": 22.166810989379883, "pos/y": -2.9861745834350586, "pos/z": -52.159912109375, "rpy/roll": 3.5016711840372183, "rpy/pitch": -6.955796513059183, "rpy/yaw": 13.021689240222816, "milliseconds": 71105}