{"cam/image1": "1177_cam-image1_.jpg", "user/angle": 0.0, "user/throttle": 0.0, "pos/x": 46.88222122192383, "pos/y": -6.666627407073975, "pos/z": -92.37627410888672, "rpy/roll": -1.3977770683168511, "rpy/pitch": 1.9140322379837602, "rpy/yaw": 40.58496112724767, "milliseconds": 112069}