{"cam/image1": "152_cam-image1_.jpg", "user/angle": 0.0, "user/throttle": 0.0, "pos/x": 3.7320473194122314, "pos/y": -0.9940626621246338, "pos/z": -20.12876319885254, "rpy/roll": 14.126053620725605, "rpy/pitch": -0.4762393882221833, "rpy/yaw": 21.4185797229586, "milliseconds": 29999}