{"cam/image1": "90_cam-image1_.jpg", "user/angle": 0.0, "user/throttle": 0.0, "pos/x": 1.9552412033081055, "pos/y": -0.7517467141151428, "pos/z": -16.892345428466797, "rpy/roll": -6.509025168627547, "rpy/pitch": 4.121428349315606, "rpy/yaw": 24.821952415537258, "milliseconds": 26883}