{"cam/image1": "288_cam-image1_.jpg", "user/angle": 0.0, "user/throttle": 0.0, "pos/x": 14.1450834274292, "pos/y": -2.2955777645111084, "pos/z": -45.58387756347656, "rpy/roll": 8.131243362744854, "rpy/pitch": 2.613371797523274, "rpy/yaw": 36.77770344886381, "milliseconds": 57169}