{"cam/image1": "72_cam-image1_.jpg", "user/angle": 0.0, "user/throttle": 0.0, "pos/x": 1.6037930250167847, "pos/y": -0.7556535005569458, "pos/z": -15.971691131591797, "rpy/roll": -2.1193061163627944, "rpy/pitch": 2.2008407603719204, "rpy/yaw": 20.60188203985383, "milliseconds": 25975}