{"cam/image1": "996_cam-image1_.jpg", "user/angle": 0.0, "user/throttle": 0.0, "pos/x": 39.20111846923828, "pos/y": -5.0376996994018555, "pos/z": -84.5518798828125, "rpy/roll": -3.2645936428362963, "rpy/pitch": 4.806222562223891, "rpy/yaw": 54.96493011251541, "milliseconds": 102989}