{"cam/image1": "1250_cam-image1_.jpg", "user/angle": 0.0, "user/throttle": 0.0, "pos/x": 48.89574432373047, "pos/y": -7.46981143951416, "pos/z": -94.48214721679688, "rpy/roll": -3.9129494336711392, "rpy/pitch": 2.9763466017091895, "rpy/yaw": 16.813874288127625, "milliseconds": 115731}