{"cam/image1": "1119_cam-image1_.jpg", "user/angle": 0.0, "user/throttle": 0.0, "pos/x": 44.44706344604492, "pos/y": -6.431832790374756, "pos/z": -89.60832977294922, "rpy/roll": 7.4654181271825815, "rpy/pitch": 0.37177721980845435, "rpy/yaw": 39.81625345528582, "milliseconds": 109160}