{"cam/image1": "281_cam-image1_.jpg", "user/angle": 0.0, "user/throttle": 0.0, "pos/x": 13.943050384521484, "pos/y": -2.2867109775543213, "pos/z": -45.245697021484375, "rpy/roll": 10.070260935181153, "rpy/pitch": 5.652804230542297, "rpy/yaw": 35.30150093723211, "milliseconds": 56817}