{"cam/image1": "496_cam-image1_.jpg", "user/angle": 0.0, "user/throttle": 0.0, "pos/x": 24.623788833618164, "pos/y": -4.285494327545166, "pos/z": -58.06513214111328, "rpy/roll": -0.6755101956017581, "rpy/pitch": -1.421706700028271, "rpy/yaw": 23.99241780566318, "milliseconds": 77880}