{"cam/image1": "458_cam-image1_.jpg", "user/angle": 0.0, "user/throttle": 0.0, "pos/x": 23.856569290161133, "pos/y": -4.212584495544434, "pos/z": -56.01469421386719, "rpy/roll": -0.07493726476951271, "rpy/pitch": 0.017810348306757037, "rpy/yaw": 24.81501038532391, "milliseconds": 75975}