{"cam/image1": "576_cam-image1_.jpg", "user/angle": 0.0, "user/throttle": 0.0, "pos/x": 26.18319320678711, "pos/y": -4.426729202270508, "pos/z": -62.30276107788086, "rpy/roll": -16.521146134518915, "rpy/pitch": -2.067902748662431, "rpy/yaw": 18.466263863078225, "milliseconds": 81892}