{"cam/image1": "961_cam-image1_.jpg", "user/angle": 0.0, "user/throttle": 0.0, "pos/x": 37.425697326660156, "pos/y": -4.875401496887207, "pos/z": -83.26091003417969, "rpy/roll": 2.900857504997929, "rpy/pitch": 2.8015310748023685, "rpy/yaw": 55.04424701629105, "milliseconds": 101235}