{"cam/image1": "761_cam-image1_.jpg", "user/angle": 0.0, "user/throttle": 0.0, "pos/x": 29.594058990478516, "pos/y": -4.179640293121338, "pos/z": -73.9185791015625, "rpy/roll": 9.411735088106434, "rpy/pitch": 0.8186564335407646, "rpy/yaw": 18.525961493413817, "milliseconds": 91173}