{"cam/image1": "562_cam-image1_.jpg", "user/angle": 0.0, "user/throttle": 0.0, "pos/x": 25.916522979736328, "pos/y": -4.303440570831299, "pos/z": -61.55756759643555, "rpy/roll": -15.36112052221043, "rpy/pitch": -0.42538562984768913, "rpy/yaw": 22.077969774548603, "milliseconds": 81198}