{"cam/image1": "1275_cam-image1_.jpg", "user/angle": 0.0, "user/throttle": 0.0, "pos/x": 49.48188400268555, "pos/y": -8.051482200622559, "pos/z": -95.00452423095703, "rpy/roll": 2.2088960475945663, "rpy/pitch": -1.4219374185791758, "rpy/yaw": 48.81183093147559, "milliseconds": 116984}