{"cam/image1": "398_cam-image1_.jpg", "user/angle": 0.0, "user/throttle": 0.0, "pos/x": 22.72539710998535, "pos/y": -3.261303663253784, "pos/z": -53.51924514770508, "rpy/roll": -0.9781470171122856, "rpy/pitch": -4.744480876384462, "rpy/yaw": 24.354201908322423, "milliseconds": 72961}