{"cam/image1": "519_cam-image1_.jpg", "user/angle": 0.0, "user/throttle": 0.0, "pos/x": 25.162742614746094, "pos/y": -4.098691940307617, "pos/z": -59.22097396850586, "rpy/roll": -7.907783086634874, "rpy/pitch": 0.6362008843589048, "rpy/yaw": 19.378753485007458, "milliseconds": 79035}