{"cam/image1": "1110_cam-image1_.jpg", "user/angle": 0.0, "user/throttle": 0.0, "pos/x": 44.10536193847656, "pos/y": -6.408060550689697, "pos/z": -89.20648956298828, "rpy/roll": 7.938253150789154, "rpy/pitch": 2.6854002759777376, "rpy/yaw": 39.04229807772569, "milliseconds": 108708}