{"cam/image1": "619_cam-image1_.jpg", "user/angle": 0.0, "user/throttle": 0.0, "pos/x": 26.806867599487305, "pos/y": -4.753684043884277, "pos/z": -64.92057800292969, "rpy/roll": -4.940824624751321, "rpy/pitch": -1.9767536191803907, "rpy/yaw": 14.425532098318751, "milliseconds": 84048}