{"cam/image1": "196_cam-image1_.jpg", "user/angle": 0.0, "user/throttle": 0.0, "pos/x": 4.565091609954834, "pos/y": -1.1159381866455078, "pos/z": -22.523035049438477, "rpy/roll": 4.794761772039948, "rpy/pitch": 1.5206860762552326, "rpy/yaw": 10.050507182217324, "milliseconds": 32201}