{"cam/image1": "516_cam-image1_.jpg", "user/angle": 0.0, "user/throttle": 0.0, "pos/x": 25.121288299560547, "pos/y": -4.079008102416992, "pos/z": -59.07352828979492, "rpy/roll": -6.6817362003770375, "rpy/pitch": 1.788315070627137, "rpy/yaw": 19.68295788551802, "milliseconds": 78890}