{"cam/image1": "1113_cam-image1_.jpg", "user/angle": 0.0, "user/throttle": 0.0, "pos/x": 44.220619201660156, "pos/y": -6.414885520935059, "pos/z": -89.33326721191406, "rpy/roll": 8.512253670399936, "rpy/pitch": 1.9244932122445264, "rpy/yaw": 38.49771571779061, "milliseconds": 108858}