{"cam/image1": "686_cam-image1_.jpg", "user/angle": 0.0, "user/throttle": 0.0, "pos/x": 28.16666603088379, "pos/y": -4.706776142120361, "pos/z": -69.2360610961914, "rpy/roll": -10.527838324136612, "rpy/pitch": 2.0693489528913065, "rpy/yaw": 21.966119221761577, "milliseconds": 87409}