{"cam/image1": "904_cam-image1_.jpg", "user/angle": 0.0, "user/throttle": 0.0, "pos/x": 34.47945785522461, "pos/y": -4.8925395011901855, "pos/z": -81.2282943725586, "rpy/roll": -2.2040416792047552, "rpy/pitch": 3.390461905682128, "rpy/yaw": 48.380374871076114, "milliseconds": 98375}