{"cam/image1": "310_cam-image1_.jpg", "user/angle": 0.0, "user/throttle": 0.0, "pos/x": 21.68828010559082, "pos/y": -2.6975386142730713, "pos/z": -50.77320861816406, "rpy/roll": -1.9914705751945003, "rpy/pitch": -16.048599289633284, "rpy/yaw": 34.702797782897775, "milliseconds": 68547}