{"cam/image1": "1052_cam-image1_.jpg", "user/angle": 0.0, "user/throttle": 0.0, "pos/x": 41.74909973144531, "pos/y": -5.966036319732666, "pos/z": -86.71489715576172, "rpy/roll": 0.2561887252600134, "rpy/pitch": 3.2027436375027576, "rpy/yaw": 40.277191154693675, "milliseconds": 105796}