{"cam/image1": "955_cam-image1_.jpg", "user/angle": 0.0, "user/throttle": 0.0, "pos/x": 37.14642333984375, "pos/y": -4.868051052093506, "pos/z": -83.03778839111328, "rpy/roll": 2.786864909968053, "rpy/pitch": 3.883262133308914, "rpy/yaw": 53.76885397049119, "milliseconds": 100934}