{"cam/image1": "148_cam-image1_.jpg", "user/angle": 0.0, "user/throttle": 0.0, "pos/x": 3.649538278579712, "pos/y": -0.9905414581298828, "pos/z": -19.930267333984375, "rpy/roll": 13.06494274881816, "rpy/pitch": 0.263338443048519, "rpy/yaw": 24.122794376679888, "milliseconds": 29802}