{"cam/image1": "1041_cam-image1_.jpg", "user/angle": 0.0, "user/throttle": 0.0, "pos/x": 41.334129333496094, "pos/y": -5.814232349395752, "pos/z": -86.26107788085938, "rpy/roll": -1.5817997792957845, "rpy/pitch": 1.424177988353148, "rpy/yaw": 42.13098824333717, "milliseconds": 105248}