{"cam/image1": "795_cam-image1_.jpg", "user/angle": 0.0, "user/throttle": 0.0, "pos/x": 30.454174041748047, "pos/y": -4.3218231201171875, "pos/z": -75.86168670654297, "rpy/roll": -3.487451555262378, "rpy/pitch": 0.042828535703203635, "rpy/yaw": 20.407311897939728, "milliseconds": 92878}