{"cam/image1": "1156_cam-image1_.jpg", "user/angle": 0.0, "user/throttle": 0.0, "pos/x": 46.06032943725586, "pos/y": -6.622748851776123, "pos/z": -91.31993103027344, "rpy/roll": 1.3543918019897425, "rpy/pitch": 0.5120947202779309, "rpy/yaw": 47.83275917413891, "milliseconds": 111014}