{"cam/image1": "29_cam-image1_.jpg", "user/angle": 0.0, "user/throttle": 0.0, "pos/x": 0.9333844780921936, "pos/y": -0.6674969792366028, "pos/z": -13.774375915527344, "rpy/roll": 3.9941214711033814, "rpy/pitch": 2.3768115926627362, "rpy/yaw": 10.41080639139761, "milliseconds": 23812}