{"cam/image1": "53_cam-image1_.jpg", "user/angle": 0.0, "user/throttle": 0.0, "pos/x": 1.2472063302993774, "pos/y": -0.7118393182754517, "pos/z": -14.98351001739502, "rpy/roll": 0.005808171301404255, "rpy/pitch": 2.196629798591958, "rpy/yaw": 16.33137746989078, "milliseconds": 25021}