{"cam/image1": "508_cam-image1_.jpg", "user/angle": 0.0, "user/throttle": 0.0, "pos/x": 24.90741539001465, "pos/y": -4.037153720855713, "pos/z": -58.683921813964844, "rpy/roll": -2.1782114959589287, "rpy/pitch": 1.281226337055863, "rpy/yaw": 21.535808684503714, "milliseconds": 78482}