{"cam/image1": "314_cam-image1_.jpg", "user/angle": 0.0, "user/throttle": 0.0, "pos/x": 21.731555938720703, "pos/y": -2.7269089221954346, "pos/z": -50.84456253051758, "rpy/roll": -1.07290718154907, "rpy/pitch": -14.61537552288631, "rpy/yaw": 31.747382980374827, "milliseconds": 68748}