{"cam/image1": "580_cam-image1_.jpg", "user/angle": 0.0, "user/throttle": 0.0, "pos/x": 26.256893157958984, "pos/y": -4.433476448059082, "pos/z": -62.51403045654297, "rpy/roll": -9.831048918585662, "rpy/pitch": -1.2997283685244458, "rpy/yaw": 14.220874052491954, "milliseconds": 82093}