{"cam/image1": "43_cam-image1_.jpg", "user/angle": 0.0, "user/throttle": 0.0, "pos/x": 1.1311805248260498, "pos/y": -0.6880940198898315, "pos/z": -14.463970184326172, "rpy/roll": 4.79421744513637, "rpy/pitch": 2.7509339311189622, "rpy/yaw": 14.484227926146973, "milliseconds": 24521}