{"cam/image1": "607_cam-image1_.jpg", "user/angle": 0.0, "user/throttle": 0.0, "pos/x": 26.718238830566406, "pos/y": -4.4872355461120605, "pos/z": -64.13720703125, "rpy/roll": -4.05746680251478, "rpy/pitch": -1.580505091571647, "rpy/yaw": 19.066845528870367, "milliseconds": 83446}