{"cam/image1": "1248_cam-image1_.jpg", "user/angle": 0.0, "user/throttle": 0.0, "pos/x": 48.8376579284668, "pos/y": -7.421710968017578, "pos/z": -94.4538803100586, "rpy/roll": -4.968658158597952, "rpy/pitch": 2.435991523820041, "rpy/yaw": 14.240826239482663, "milliseconds": 115632}