{"cam/image1": "396_cam-image1_.jpg", "user/angle": 0.0, "user/throttle": 0.0, "pos/x": 22.67201042175293, "pos/y": -3.2715518474578857, "pos/z": -53.45532989501953, "rpy/roll": -0.7455155328655493, "rpy/pitch": -5.563768509984859, "rpy/yaw": 23.21535019115965, "milliseconds": 72861}