{"cam/image1": "133_cam-image1_.jpg", "user/angle": 0.0, "user/throttle": 0.0, "pos/x": 3.2525956630706787, "pos/y": -0.9473324418067932, "pos/z": -19.16277503967285, "rpy/roll": 7.426276853845586, "rpy/pitch": -0.7918650307509958, "rpy/yaw": 25.26881173391329, "milliseconds": 29049}