{"cam/image1": "279_cam-image1_.jpg", "user/angle": 0.0, "user/throttle": 0.0, "pos/x": 13.872638702392578, "pos/y": -2.3055596351623535, "pos/z": -45.165855407714844, "rpy/roll": 8.481925900460844, "rpy/pitch": 3.5184230994494405, "rpy/yaw": 34.31361863343851, "milliseconds": 56717}