{"cam/image1": "46_cam-image1_.jpg", "user/angle": 0.0, "user/throttle": 0.0, "pos/x": 1.1557097434997559, "pos/y": -0.6886343955993652, "pos/z": -14.590731620788574, "rpy/roll": 2.9449907822085635, "rpy/pitch": 1.655649998890016, "rpy/yaw": 14.410757811905938, "milliseconds": 24673}