{"cam/image1": "567_cam-image1_.jpg", "user/angle": 0.0, "user/throttle": 0.0, "pos/x": 26.031776428222656, "pos/y": -4.335248947143555, "pos/z": -61.826744079589844, "rpy/roll": -15.623898638545626, "rpy/pitch": -1.8448953833517256, "rpy/yaw": 20.881312772496095, "milliseconds": 81441}