{"cam/image1": "57_cam-image1_.jpg", "user/angle": 0.0, "user/throttle": 0.0, "pos/x": 1.3167164325714111, "pos/y": -0.7201517820358276, "pos/z": -15.189188003540039, "rpy/roll": -0.7967166619711623, "rpy/pitch": 1.9959176231127025, "rpy/yaw": 18.345521161093373, "milliseconds": 25222}