{"cam/image1": "504_cam-image1_.jpg", "user/angle": 0.0, "user/throttle": 0.0, "pos/x": 24.792461395263672, "pos/y": -4.113699913024902, "pos/z": -58.468692779541016, "rpy/roll": -2.852316100772767, "rpy/pitch": 1.7160998662424771, "rpy/yaw": 22.450634412657298, "milliseconds": 78282}