{"cam/image1": "13_cam-image1_.jpg", "user/angle": 0.0, "user/throttle": 0.0, "pos/x": -0.3688793182373047, "pos/y": -0.15869379043579102, "pos/z": -4.0139570236206055, "rpy/roll": -3.6977273150015324, "rpy/pitch": 2.2946468384598684, "rpy/yaw": 0.8321734338319048, "milliseconds": 12842}