{"cam/image1": "747_cam-image1_.jpg", "user/angle": 0.0, "user/throttle": 0.0, "pos/x": 29.207298278808594, "pos/y": -4.288851261138916, "pos/z": -73.0675048828125, "rpy/roll": 7.871036618488154, "rpy/pitch": -1.9561865468207347, "rpy/yaw": 12.975068879184832, "milliseconds": 90470}