{"cam/image1": "1279_cam-image1_.jpg", "user/angle": 0.0, "user/throttle": 0.0, "pos/x": 49.593631744384766, "pos/y": -8.260570526123047, "pos/z": -95.07366180419922, "rpy/roll": 3.439060125419505, "rpy/pitch": 5.186731234793723, "rpy/yaw": 45.22475653311319, "milliseconds": 117185}