{"cam/image1": "972_cam-image1_.jpg", "user/angle": 0.0, "user/throttle": 0.0, "pos/x": 37.97134017944336, "pos/y": -4.930452823638916, "pos/z": -83.67081451416016, "rpy/roll": 1.5096644607217202, "rpy/pitch": 1.3623791420365263, "rpy/yaw": 56.25692839416952, "milliseconds": 101785}