{"cam/image1": "812_cam-image1_.jpg", "user/angle": 0.0, "user/throttle": 0.0, "pos/x": 31.00859832763672, "pos/y": -4.463086128234863, "pos/z": -76.78461456298828, "rpy/roll": -3.411328723602605, "rpy/pitch": -3.444152292059915, "rpy/yaw": 26.005955595146148, "milliseconds": 93731}