{"cam/image1": "1304_cam-image1_.jpg", "user/angle": 0.0, "user/throttle": 0.0, "pos/x": 57.2447395324707, "pos/y": -8.798827171325684, "pos/z": -104.9395523071289, "rpy/roll": -0.38408402432878824, "rpy/pitch": 3.9609419176693437, "rpy/yaw": 37.93483017970767, "milliseconds": 128510}