{"cam/image1": "118_cam-image1_.jpg", "user/angle": 0.0, "user/throttle": 0.0, "pos/x": 2.809687852859497, "pos/y": -0.9094007611274719, "pos/z": -18.3367977142334, "rpy/roll": 2.9187081883329418, "rpy/pitch": 2.8274579622492495, "rpy/yaw": 25.5626905900948, "milliseconds": 28282}