{"cam/image1": "334_cam-image1_.jpg", "user/angle": 0.0, "user/throttle": 0.0, "pos/x": 21.917097091674805, "pos/y": -2.8318796157836914, "pos/z": -51.325706481933594, "rpy/roll": -1.8167279830275322, "rpy/pitch": -11.841825274909096, "rpy/yaw": 24.21873893188107, "milliseconds": 69751}