{"cam/image1": "1129_cam-image1_.jpg", "user/angle": 0.0, "user/throttle": 0.0, "pos/x": 44.820762634277344, "pos/y": -6.430663108825684, "pos/z": -90.10562896728516, "rpy/roll": 8.172991130130145, "rpy/pitch": 4.221731224777013, "rpy/yaw": 40.13800003064344, "milliseconds": 109661}