{"cam/image1": "923_cam-image1_.jpg", "user/angle": 0.0, "user/throttle": 0.0, "pos/x": 35.42036819458008, "pos/y": -4.918767929077148, "pos/z": -81.91129302978516, "rpy/roll": -6.398588944960965, "rpy/pitch": 4.064326521477278, "rpy/yaw": 54.391962998467434, "milliseconds": 99328}