{"cam/image1": "541_cam-image1_.jpg", "user/angle": 0.0, "user/throttle": 0.0, "pos/x": 25.520246505737305, "pos/y": -4.191677093505859, "pos/z": -60.4151725769043, "rpy/roll": -16.363293591011942, "rpy/pitch": -0.8026736738206832, "rpy/yaw": 22.627911750632094, "milliseconds": 80138}