{"cam/image1": "128_cam-image1_.jpg", "user/angle": 0.0, "user/throttle": 0.0, "pos/x": 3.0867602825164795, "pos/y": -0.94399094581604, "pos/z": -18.857023239135742, "rpy/roll": 7.439318778665698, "rpy/pitch": 0.5901053363479398, "rpy/yaw": 24.939964760385564, "milliseconds": 28799}