{"cam/image1": "582_cam-image1_.jpg", "user/angle": 0.0, "user/throttle": 0.0, "pos/x": 26.286619186401367, "pos/y": -4.4301252365112305, "pos/z": -62.62582778930664, "rpy/roll": -7.482798531908392, "rpy/pitch": -0.5457298151136943, "rpy/yaw": 11.922240880041093, "milliseconds": 82193}