{"cam/image1": "543_cam-image1_.jpg", "user/angle": 0.0, "user/throttle": 0.0, "pos/x": 25.5574893951416, "pos/y": -4.198635578155518, "pos/z": -60.5162467956543, "rpy/roll": -16.323208788218423, "rpy/pitch": -0.09372922517912485, "rpy/yaw": 21.087687593733484, "milliseconds": 80239}