{"cam/image1": "581_cam-image1_.jpg", "user/angle": 0.0, "user/throttle": 0.0, "pos/x": 26.275293350219727, "pos/y": -4.43331241607666, "pos/z": -62.591312408447266, "rpy/roll": -8.0501513119058, "rpy/pitch": -1.1444719223655027, "rpy/yaw": 12.681488695176071, "milliseconds": 82142}