{"cam/image1": "397_cam-image1_.jpg", "user/angle": 0.0, "user/throttle": 0.0, "pos/x": 22.707416534423828, "pos/y": -3.2677791118621826, "pos/z": -53.49787521362305, "rpy/roll": -1.0286339743502402, "rpy/pitch": -5.051091506114791, "rpy/yaw": 24.171658227481604, "milliseconds": 72919}