{"cam/image1": "217_cam-image1_.jpg", "user/angle": 0.0, "user/throttle": 0.0, "pos/x": 4.711781024932861, "pos/y": -1.0980671644210815, "pos/z": -23.609050750732422, "rpy/roll": 6.563701817620343, "rpy/pitch": 4.3325859244301075, "rpy/yaw": 5.231227182534473, "milliseconds": 43457}