{"cam/image1": "1264_cam-image1_.jpg", "user/angle": 0.0, "user/throttle": 0.0, "pos/x": 49.21400451660156, "pos/y": -7.674440383911133, "pos/z": -94.78410339355469, "rpy/roll": 0.0070771770456889435, "rpy/pitch": 2.718363613840334, "rpy/yaw": 36.553611917146824, "milliseconds": 116434}