{"cam/image1": "436_cam-image1_.jpg", "user/angle": 0.0, "user/throttle": 0.0, "pos/x": 23.28626251220703, "pos/y": -3.7654964923858643, "pos/z": -55.10673904418945, "rpy/roll": -0.3214431760590139, "rpy/pitch": 1.2056082788971034, "rpy/yaw": 20.05763007074157, "milliseconds": 74873}