{"cam/image1": "651_cam-image1_.jpg", "user/angle": 0.0, "user/throttle": 0.0, "pos/x": 27.428022384643555, "pos/y": -4.8086724281311035, "pos/z": -66.96479034423828, "rpy/roll": 0.5368297978206088, "rpy/pitch": 0.1922001402476686, "rpy/yaw": 16.922345078895766, "milliseconds": 85653}