{"cam/image1": "887_cam-image1_.jpg", "user/angle": 0.0, "user/throttle": 0.0, "pos/x": 33.68221664428711, "pos/y": -4.966319561004639, "pos/z": -80.55426025390625, "rpy/roll": -5.102791562791322, "rpy/pitch": 1.6318019893224063, "rpy/yaw": 47.36274102677322, "milliseconds": 97523}