{"cam/image1": "921_cam-image1_.jpg", "user/angle": 0.0, "user/throttle": 0.0, "pos/x": 35.33988571166992, "pos/y": -4.934967041015625, "pos/z": -81.8212890625, "rpy/roll": -5.704335902597744, "rpy/pitch": 4.218872526190499, "rpy/yaw": 55.43283856306797, "milliseconds": 99228}