{"cam/image1": "139_cam-image1_.jpg", "user/angle": 0.0, "user/throttle": 0.0, "pos/x": 3.4315288066864014, "pos/y": -0.9754241704940796, "pos/z": -19.487302780151367, "rpy/roll": 10.540993888480102, "rpy/pitch": 0.5450331400466045, "rpy/yaw": 26.263120185179353, "milliseconds": 29350}