{"cam/image1": "889_cam-image1_.jpg", "user/angle": 0.0, "user/throttle": 0.0, "pos/x": 33.77537536621094, "pos/y": -4.992023944854736, "pos/z": -80.64136505126953, "rpy/roll": -5.58634952847372, "rpy/pitch": 1.372464275636241, "rpy/yaw": 47.91102323507644, "milliseconds": 97623}