{"cam/image1": "1302_cam-image1_.jpg", "user/angle": 0.0, "user/throttle": 0.0, "pos/x": 57.19111633300781, "pos/y": -8.7701416015625, "pos/z": -104.85009765625, "rpy/roll": 0.2036053795311905, "rpy/pitch": 3.2906767529065815, "rpy/yaw": 38.581362471082286, "milliseconds": 128409}