{"cam/image1": "93_cam-image1_.jpg", "user/angle": 0.0, "user/throttle": 0.0, "pos/x": 2.035259962081909, "pos/y": -0.7621220946311951, "pos/z": -17.015928268432617, "rpy/roll": -3.8845901787237866, "rpy/pitch": 4.352724310735812, "rpy/yaw": 24.90876614632212, "milliseconds": 27028}