{"cam/image1": "675_cam-image1_.jpg", "user/angle": 0.0, "user/throttle": 0.0, "pos/x": 27.887454986572266, "pos/y": -4.810295104980469, "pos/z": -68.51343536376953, "rpy/roll": -9.111189431987027, "rpy/pitch": 1.5968538689350797, "rpy/yaw": 24.471471241535557, "milliseconds": 86856}