{"cam/image1": "151_cam-image1_.jpg", "user/angle": 0.0, "user/throttle": 0.0, "pos/x": 3.719022035598755, "pos/y": -0.9945483207702637, "pos/z": -20.097305297851562, "rpy/roll": 13.633570171105797, "rpy/pitch": -0.049550728996600714, "rpy/yaw": 21.58790712300085, "milliseconds": 29945}