{"cam/image1": "183_cam-image1_.jpg", "user/angle": 0.0, "user/throttle": 0.0, "pos/x": 4.399823188781738, "pos/y": -1.1310938596725464, "pos/z": -21.83338737487793, "rpy/roll": 1.6086384130465643, "rpy/pitch": 2.575800934549804, "rpy/yaw": 17.692216648182743, "milliseconds": 31549}