{"cam/image1": "1064_cam-image1_.jpg", "user/angle": 0.0, "user/throttle": 0.0, "pos/x": 42.181488037109375, "pos/y": -6.052689075469971, "pos/z": -87.23800659179688, "rpy/roll": 0.6143601621055095, "rpy/pitch": 0.762167090024621, "rpy/yaw": 37.5791508737526, "milliseconds": 106399}