{"cam/image1": "1308_cam-image1_.jpg", "user/angle": 0.0, "user/throttle": 0.0, "pos/x": 57.382320404052734, "pos/y": -8.793819427490234, "pos/z": -105.1505355834961, "rpy/roll": -3.6732867145918755, "rpy/pitch": 3.8609837061801615, "rpy/yaw": 41.182940032034004, "milliseconds": 128714}