{"cam/image1": "916_cam-image1_.jpg", "user/angle": 0.0, "user/throttle": 0.0, "pos/x": 35.12820053100586, "pos/y": -4.916609287261963, "pos/z": -81.65583038330078, "rpy/roll": -6.490197129725265, "rpy/pitch": 2.749026279123086, "rpy/yaw": 57.104855276184416, "milliseconds": 98977}