{"cam/image1": "100_cam-image1_.jpg", "user/angle": 0.0, "user/throttle": 0.0, "pos/x": 2.2543342113494873, "pos/y": -0.7828332185745239, "pos/z": -17.38847541809082, "rpy/roll": 2.2191258210785203, "rpy/pitch": 4.298879108271479, "rpy/yaw": 23.180344025182517, "milliseconds": 27378}