{"cam/image1": "7_cam-image1_.jpg", "user/angle": 0.0, "user/throttle": 0.0, "pos/x": -0.35583388805389404, "pos/y": -0.15276825428009033, "pos/z": -3.732168674468994, "rpy/roll": -1.4849932336774947, "rpy/pitch": 3.9397112920486816, "rpy/yaw": 4.28476594206258, "milliseconds": 12541}