{"cam/image1": "489_cam-image1_.jpg", "user/angle": 0.0, "user/throttle": 0.0, "pos/x": 24.46746253967285, "pos/y": -4.229000091552734, "pos/z": -57.65515899658203, "rpy/roll": 0.7770471163167623, "rpy/pitch": -2.053873842477519, "rpy/yaw": 25.10972253118386, "milliseconds": 77530}