{"cam/image1": "557_cam-image1_.jpg", "user/angle": 0.0, "user/throttle": 0.0, "pos/x": 25.817134857177734, "pos/y": -4.298691749572754, "pos/z": -61.3321647644043, "rpy/roll": -13.228837636764293, "rpy/pitch": -2.5222786926518346, "rpy/yaw": 19.941929728467645, "milliseconds": 80940}