{"cam/image1": "1011_cam-image1_.jpg", "user/angle": 0.0, "user/throttle": 0.0, "pos/x": 40.04358673095703, "pos/y": -5.602130889892578, "pos/z": -85.00323486328125, "rpy/roll": -7.044262571732318, "rpy/pitch": 4.340451519987585, "rpy/yaw": 52.31415653236874, "milliseconds": 103741}