{"cam/image1": "725_cam-image1_.jpg", "user/angle": 0.0, "user/throttle": 0.0, "pos/x": 28.877853393554688, "pos/y": -4.364607334136963, "pos/z": -71.70562744140625, "rpy/roll": 2.67927754616405, "rpy/pitch": 0.7413134781242339, "rpy/yaw": 13.325176212705793, "milliseconds": 89375}