{"cam/image1": "154_cam-image1_.jpg", "user/angle": 0.0, "user/throttle": 0.0, "pos/x": 3.7685046195983887, "pos/y": -0.9941031336784363, "pos/z": -20.23087501525879, "rpy/roll": 12.849005223372215, "rpy/pitch": 0.8726012834437967, "rpy/yaw": 21.50565350367032, "milliseconds": 30096}