{"cam/image1": "790_cam-image1_.jpg", "user/angle": 0.0, "user/throttle": 0.0, "pos/x": 30.36591148376465, "pos/y": -4.355027675628662, "pos/z": -75.56158447265625, "rpy/roll": 1.9504605702742495, "rpy/pitch": -4.95795652025524, "rpy/yaw": 22.361845087650234, "milliseconds": 92626}