{"cam/image1": "984_cam-image1_.jpg", "user/angle": 0.0, "user/throttle": 0.0, "pos/x": 38.64460754394531, "pos/y": -4.996079921722412, "pos/z": -84.0854721069336, "rpy/roll": 1.6796600941373625, "rpy/pitch": 0.47121672808436055, "rpy/yaw": 56.037508070850485, "milliseconds": 102391}