{"cam/image1": "892_cam-image1_.jpg", "user/angle": 0.0, "user/throttle": 0.0, "pos/x": 33.939186096191406, "pos/y": -4.967367649078369, "pos/z": -80.77104949951172, "rpy/roll": -6.409814520774264, "rpy/pitch": 1.9403468180243653, "rpy/yaw": 49.41722273425786, "milliseconds": 97774}