{"cam/image1": "67_cam-image1_.jpg", "user/angle": 0.0, "user/throttle": 0.0, "pos/x": 1.4961159229278564, "pos/y": -0.7519690990447998, "pos/z": -15.706259727478027, "rpy/roll": -1.1268849011867312, "rpy/pitch": 0.7207258387104635, "rpy/yaw": 19.769075785521217, "milliseconds": 25739}