{"cam/image1": "884_cam-image1_.jpg", "user/angle": 0.0, "user/throttle": 0.0, "pos/x": 33.54161071777344, "pos/y": -4.957866191864014, "pos/z": -80.403564453125, "rpy/roll": -3.9956567683030317, "rpy/pitch": 1.7851172608399457, "rpy/yaw": 46.114756751827265, "milliseconds": 97374}