{"cam/image1": "70_cam-image1_.jpg", "user/angle": 0.0, "user/throttle": 0.0, "pos/x": 1.5649296045303345, "pos/y": -0.7533763647079468, "pos/z": -15.87297534942627, "rpy/roll": -1.8891091665749027, "rpy/pitch": 1.5893824884665149, "rpy/yaw": 20.23375361753101, "milliseconds": 25875}