{"cam/image1": "371_cam-image1_.jpg", "user/angle": 0.0, "user/throttle": 0.0, "pos/x": 22.288070678710938, "pos/y": -3.077152729034424, "pos/z": -52.53062057495117, "rpy/roll": 2.197934186851935, "rpy/pitch": -6.937247462840795, "rpy/yaw": 16.34778331297894, "milliseconds": 71607}