{"cam/image1": "1096_cam-image1_.jpg", "user/angle": 0.0, "user/throttle": 0.0, "pos/x": 43.531036376953125, "pos/y": -6.388424873352051, "pos/z": -88.6177749633789, "rpy/roll": 3.5541664110109776, "rpy/pitch": 2.805726254886033, "rpy/yaw": 38.12658621979408, "milliseconds": 108006}