{"cam/image1": "333_cam-image1_.jpg", "user/angle": 0.0, "user/throttle": 0.0, "pos/x": 21.9106388092041, "pos/y": -2.8167357444763184, "pos/z": -51.281795501708984, "rpy/roll": -1.0476039294683566, "rpy/pitch": -11.924251683888805, "rpy/yaw": 24.75386533987675, "milliseconds": 69702}