{"cam/image1": "244_cam-image1_.jpg", "user/angle": 0.0, "user/throttle": 0.0, "pos/x": 8.551366806030273, "pos/y": -1.5952939987182617, "pos/z": -33.54696273803711, "rpy/roll": -1.9470029419644916, "rpy/pitch": 4.978563321043966, "rpy/yaw": 48.113832856976764, "milliseconds": 44777}