{"cam/image1": "49_cam-image1_.jpg", "user/angle": 0.0, "user/throttle": 0.0, "pos/x": 1.1868886947631836, "pos/y": -0.7007359862327576, "pos/z": -14.770906448364258, "rpy/roll": 1.32392219260099, "rpy/pitch": 1.472468352438206, "rpy/yaw": 14.554306722545638, "milliseconds": 24821}