{"cam/image1": "735_cam-image1_.jpg", "user/angle": 0.0, "user/throttle": 0.0, "pos/x": 29.043418884277344, "pos/y": -4.312617778778076, "pos/z": -72.3202133178711, "rpy/roll": 6.803062234608995, "rpy/pitch": 0.6131541815930709, "rpy/yaw": 10.78090209457424, "milliseconds": 89868}