{"cam/image1": "459_cam-image1_.jpg", "user/angle": 0.0, "user/throttle": 0.0, "pos/x": 23.87468719482422, "pos/y": -4.210493087768555, "pos/z": -56.05012130737305, "rpy/roll": -0.37376194308941496, "rpy/pitch": 0.16728656144884163, "rpy/yaw": 24.678947770050655, "milliseconds": 76035}