{"cam/image1": "376_cam-image1_.jpg", "user/angle": 0.0, "user/throttle": 0.0, "pos/x": 22.35984992980957, "pos/y": -3.090351104736328, "pos/z": -52.66535186767578, "rpy/roll": 2.0705849999674313, "rpy/pitch": -7.813378674461995, "rpy/yaw": 19.24318925510901, "milliseconds": 71857}