{"cam/image1": "1256_cam-image1_.jpg", "user/angle": 0.0, "user/throttle": 0.0, "pos/x": 48.9552116394043, "pos/y": -7.67765998840332, "pos/z": -94.61345672607422, "rpy/roll": -3.3339064507465674, "rpy/pitch": 8.367279627520453, "rpy/yaw": 23.43051043477785, "milliseconds": 116033}