{"cam/image1": "669_cam-image1_.jpg", "user/angle": 0.0, "user/throttle": 0.0, "pos/x": 27.716032028198242, "pos/y": -4.8011627197265625, "pos/z": -68.1165542602539, "rpy/roll": -6.649700000794424, "rpy/pitch": 0.4131357247500495, "rpy/yaw": 22.017480116882528, "milliseconds": 86555}