{"cam/image1": "5_cam-image1_.jpg", "user/angle": 0.0, "user/throttle": 0.0, "pos/x": -0.35907694697380066, "pos/y": -0.1494031697511673, "pos/z": -3.5805180072784424, "rpy/roll": -0.3278385887284092, "rpy/pitch": 5.00324650039994, "rpy/yaw": 4.440374255644273, "milliseconds": 12441}