{"cam/image1": "108_cam-image1_.jpg", "user/angle": 0.0, "user/throttle": 0.0, "pos/x": 2.465806722640991, "pos/y": -0.799189031124115, "pos/z": -17.816364288330078, "rpy/roll": 2.7899459349923075, "rpy/pitch": 0.522148949808887, "rpy/yaw": 23.108816762877762, "milliseconds": 27780}