{"cam/image1": "935_cam-image1_.jpg", "user/angle": 0.0, "user/throttle": 0.0, "pos/x": 36.05060577392578, "pos/y": -4.898532867431641, "pos/z": -82.33680725097656, "rpy/roll": -4.872115823364625, "rpy/pitch": 4.632385749357765, "rpy/yaw": 52.26263394985915, "milliseconds": 99931}