{"cam/image1": "303_cam-image1_.jpg", "user/angle": 0.0, "user/throttle": 0.0, "pos/x": 21.533891677856445, "pos/y": -2.6768410205841064, "pos/z": -50.65542221069336, "rpy/roll": -3.4138037121033156, "rpy/pitch": -20.82463563135874, "rpy/yaw": 39.04068160582553, "milliseconds": 68205}