{"cam/image1": "1305_cam-image1_.jpg", "user/angle": 0.0, "user/throttle": 0.0, "pos/x": 57.271385192871094, "pos/y": -8.795788764953613, "pos/z": -104.96626281738281, "rpy/roll": -0.588378938806127, "rpy/pitch": 4.090324821033083, "rpy/yaw": 38.1855839547723, "milliseconds": 128565}