{"cam/image1": "648_cam-image1_.jpg", "user/angle": 0.0, "user/throttle": 0.0, "pos/x": 27.36722755432129, "pos/y": -4.807936191558838, "pos/z": -66.7308349609375, "rpy/roll": -0.48501968173720517, "rpy/pitch": 0.5967869748154009, "rpy/yaw": 19.701923325269366, "milliseconds": 85503}