{"cam/image1": "612_cam-image1_.jpg", "user/angle": 0.0, "user/throttle": 0.0, "pos/x": 26.738725662231445, "pos/y": -4.616326808929443, "pos/z": -64.43977355957031, "rpy/roll": -5.895613481467976, "rpy/pitch": -2.2856449484316883, "rpy/yaw": 16.946909945833134, "milliseconds": 83697}