{"cam/image1": "630_cam-image1_.jpg", "user/angle": 0.0, "user/throttle": 0.0, "pos/x": 26.915550231933594, "pos/y": -4.812982559204102, "pos/z": -65.62480926513672, "rpy/roll": 0.45179452649961754, "rpy/pitch": -0.2996944621457072, "rpy/yaw": 14.77401083372166, "milliseconds": 84601}