{"cam/image1": "796_cam-image1_.jpg", "user/angle": 0.0, "user/throttle": 0.0, "pos/x": 30.467607498168945, "pos/y": -4.325314998626709, "pos/z": -75.90457916259766, "rpy/roll": -5.124993279439984, "rpy/pitch": -0.2624705952623199, "rpy/yaw": 18.639028353041944, "milliseconds": 92928}