{"cam/image1": "1160_cam-image1_.jpg", "user/angle": 0.0, "user/throttle": 0.0, "pos/x": 46.256980895996094, "pos/y": -6.615689754486084, "pos/z": -91.50102996826172, "rpy/roll": 1.5883480734908415, "rpy/pitch": 0.7823709527037296, "rpy/yaw": 46.134193797151745, "milliseconds": 111216}