{"cam/image1": "239_cam-image1_.jpg", "user/angle": 0.0, "user/throttle": 0.0, "pos/x": 8.364994049072266, "pos/y": -1.5863274335861206, "pos/z": -33.32162094116211, "rpy/roll": 3.928717444862763, "rpy/pitch": 2.8948992291393485, "rpy/yaw": 49.509463551417554, "milliseconds": 44536}