{"cam/image1": "451_cam-image1_.jpg", "user/angle": 0.0, "user/throttle": 0.0, "pos/x": 23.6890869140625, "pos/y": -4.212246417999268, "pos/z": -55.671043395996094, "rpy/roll": -2.739073747793482, "rpy/pitch": 1.2055778591611828, "rpy/yaw": 28.16153184718477, "milliseconds": 75623}