{"cam/image1": "895_cam-image1_.jpg", "user/angle": 0.0, "user/throttle": 0.0, "pos/x": 34.05782699584961, "pos/y": -4.975734710693359, "pos/z": -80.87287902832031, "rpy/roll": -5.450821667768379, "rpy/pitch": 2.604243836010252, "rpy/yaw": 49.89794839725954, "milliseconds": 97925}