{"cam/image1": "828_cam-image1_.jpg", "user/angle": 0.0, "user/throttle": 0.0, "pos/x": 31.644548416137695, "pos/y": -4.653058052062988, "pos/z": -77.59436798095703, "rpy/roll": -9.755513475560942, "rpy/pitch": -2.68396540318686, "rpy/yaw": 38.91971258386855, "milliseconds": 94534}