{"cam/image1": "1293_cam-image1_.jpg", "user/angle": 0.0, "user/throttle": 0.0, "pos/x": 50.08894729614258, "pos/y": -8.428016662597656, "pos/z": -95.50874328613281, "rpy/roll": 0.4631561004019955, "rpy/pitch": 1.3916085029604905, "rpy/yaw": 35.89350603518134, "milliseconds": 117888}