{"cam/image1": "551_cam-image1_.jpg", "user/angle": 0.0, "user/throttle": 0.0, "pos/x": 25.711240768432617, "pos/y": -4.253410339355469, "pos/z": -61.000247955322266, "rpy/roll": -8.397253806812536, "rpy/pitch": -0.44502751031243243, "rpy/yaw": 13.508283158892237, "milliseconds": 80639}