{"cam/image1": "1132_cam-image1_.jpg", "user/angle": 0.0, "user/throttle": 0.0, "pos/x": 44.93629837036133, "pos/y": -6.415708541870117, "pos/z": -90.27027130126953, "rpy/roll": 7.763753938994939, "rpy/pitch": 3.785879512409432, "rpy/yaw": 39.701190732706706, "milliseconds": 109811}