{"cam/image1": "1094_cam-image1_.jpg", "user/angle": 0.0, "user/throttle": 0.0, "pos/x": 43.44965744018555, "pos/y": -6.376043319702148, "pos/z": -88.53549194335938, "rpy/roll": 3.263186662031617, "rpy/pitch": 2.8604134826351895, "rpy/yaw": 38.15559445068221, "milliseconds": 107914}