{"cam/image1": "1300_cam-image1_.jpg", "user/angle": 0.0, "user/throttle": 0.0, "pos/x": 57.12318801879883, "pos/y": -8.759221076965332, "pos/z": -104.74443054199219, "rpy/roll": 0.5598997266324761, "rpy/pitch": 3.87675887779109, "rpy/yaw": 38.934909801016055, "milliseconds": 128309}