{"cam/image1": "756_cam-image1_.jpg", "user/angle": 0.0, "user/throttle": 0.0, "pos/x": 29.364782333374023, "pos/y": -4.22308874130249, "pos/z": -73.68348693847656, "rpy/roll": 7.189654089555457, "rpy/pitch": -2.224156108353132, "rpy/yaw": 18.594377867860587, "milliseconds": 90920}