{"cam/image1": "315_cam-image1_.jpg", "user/angle": 0.0, "user/throttle": 0.0, "pos/x": 21.741287231445312, "pos/y": -2.72985577583313, "pos/z": -50.85708236694336, "rpy/roll": -0.7886654394942102, "rpy/pitch": -14.741625839598187, "rpy/yaw": 31.213071876630615, "milliseconds": 68798}