{"cam/image1": "1199_cam-image1_.jpg", "user/angle": 0.0, "user/throttle": 0.0, "pos/x": 48.049598693847656, "pos/y": -6.909095287322998, "pos/z": -93.3632583618164, "rpy/roll": -14.443584103415308, "rpy/pitch": 4.191046598858402, "rpy/yaw": 49.54755360328649, "milliseconds": 113174}