{"cam/image1": "1081_cam-image1_.jpg", "user/angle": 0.0, "user/throttle": 0.0, "pos/x": 42.89412307739258, "pos/y": -6.28012752532959, "pos/z": -87.98462677001953, "rpy/roll": 0.8876068526105145, "rpy/pitch": 2.3591331196951426, "rpy/yaw": 37.83592345806874, "milliseconds": 107251}