{"cam/image1": "1240_cam-image1_.jpg", "user/angle": 0.0, "user/throttle": 0.0, "pos/x": 48.9386100769043, "pos/y": -7.067155361175537, "pos/z": -94.21696472167969, "rpy/roll": -6.552168833158632, "rpy/pitch": 1.0539699941128404, "rpy/yaw": 8.657824779033568, "milliseconds": 115230}