{"cam/image1": "851_cam-image1_.jpg", "user/angle": 0.0, "user/throttle": 0.0, "pos/x": 32.309471130371094, "pos/y": -4.763859272003174, "pos/z": -78.78459930419922, "rpy/roll": -3.1562588742179396, "rpy/pitch": 0.7238978786903596, "rpy/yaw": 35.74967008683996, "milliseconds": 95685}