{"cam/image1": "202_cam-image1_.jpg", "user/angle": 0.0, "user/throttle": 0.0, "pos/x": 4.629538536071777, "pos/y": -1.1319166421890259, "pos/z": -22.844093322753906, "rpy/roll": 5.625929577037124, "rpy/pitch": 2.7330812536602473, "rpy/yaw": 5.878839099017439, "milliseconds": 32510}