{"cam/image1": "285_cam-image1_.jpg", "user/angle": 0.0, "user/throttle": 0.0, "pos/x": 14.06506061553955, "pos/y": -2.3009226322174072, "pos/z": -45.46831130981445, "rpy/roll": 7.734863678928401, "rpy/pitch": 1.2757909318298748, "rpy/yaw": 34.31327337762954, "milliseconds": 57017}