{"cam/image1": "638_cam-image1_.jpg", "user/angle": 0.0, "user/throttle": 0.0, "pos/x": 27.111108779907227, "pos/y": -4.803762912750244, "pos/z": -66.09867858886719, "rpy/roll": -2.7738422224693577, "rpy/pitch": 0.18460274734239973, "rpy/yaw": 23.38388005489937, "milliseconds": 85001}