{"cam/image1": "853_cam-image1_.jpg", "user/angle": 0.0, "user/throttle": 0.0, "pos/x": 32.37885665893555, "pos/y": -4.766854286193848, "pos/z": -78.87460327148438, "rpy/roll": -2.564525663727001, "rpy/pitch": 0.4623480298806049, "rpy/yaw": 35.814471829302775, "milliseconds": 95786}