{"cam/image1": "6_cam-image1_.jpg", "user/angle": 0.0, "user/throttle": 0.0, "pos/x": -0.3563683331012726, "pos/y": -0.15144909918308258, "pos/z": -3.6480610370635986, "rpy/roll": -0.6469927228900823, "rpy/pitch": 5.130706493662473, "rpy/yaw": 4.320349240703683, "milliseconds": 12498}