{"cam/image1": "811_cam-image1_.jpg", "user/angle": 0.0, "user/throttle": 0.0, "pos/x": 30.98832130432129, "pos/y": -4.440175533294678, "pos/z": -76.74854278564453, "rpy/roll": -3.7161305849015718, "rpy/pitch": -4.846372792325075, "rpy/yaw": 26.428267934153016, "milliseconds": 93681}