{"cam/image1": "1202_cam-image1_.jpg", "user/angle": 0.0, "user/throttle": 0.0, "pos/x": 48.13551712036133, "pos/y": -6.935579776763916, "pos/z": -93.48986053466797, "rpy/roll": -16.977127937376004, "rpy/pitch": 4.415480879492398, "rpy/yaw": 54.12611959770303, "milliseconds": 113324}