{"cam/image1": "836_cam-image1_.jpg", "user/angle": 0.0, "user/throttle": 0.0, "pos/x": 31.922054290771484, "pos/y": -4.688571453094482, "pos/z": -77.9745101928711, "rpy/roll": -6.45322661163099, "rpy/pitch": -0.5129997985456768, "rpy/yaw": 34.343950613688165, "milliseconds": 94935}