{"cam/image1": "1142_cam-image1_.jpg", "user/angle": 0.0, "user/throttle": 0.0, "pos/x": 45.31560134887695, "pos/y": -6.513676166534424, "pos/z": -90.73794555664062, "rpy/roll": 6.8051751762695085, "rpy/pitch": 6.593791660588765, "rpy/yaw": 39.72523608352214, "milliseconds": 110312}