{"cam/image1": "225_cam-image1_.jpg", "user/angle": 0.0, "user/throttle": 0.0, "pos/x": 7.831278324127197, "pos/y": -1.5815093517303467, "pos/z": -32.852569580078125, "rpy/roll": 5.411522468827467, "rpy/pitch": 5.980866129733295, "rpy/yaw": 27.013250988172175, "milliseconds": 43822}