{"cam/image1": "231_cam-image1_.jpg", "user/angle": 0.0, "user/throttle": 0.0, "pos/x": 8.046067237854004, "pos/y": -1.5830278396606445, "pos/z": -33.08148956298828, "rpy/roll": -2.1438211875320032, "rpy/pitch": 2.736713780196372, "rpy/yaw": 47.52278274661274, "milliseconds": 44134}