{"cam/image1": "717_cam-image1_.jpg", "user/angle": 0.0, "user/throttle": 0.0, "pos/x": 28.716135025024414, "pos/y": -4.39852237701416, "pos/z": -71.23458862304688, "rpy/roll": 1.5778455828282931, "rpy/pitch": 0.7094875132643472, "rpy/yaw": 13.475688859857755, "milliseconds": 88965}