{"cam/image1": "687_cam-image1_.jpg", "user/angle": 0.0, "user/throttle": 0.0, "pos/x": 28.175888061523438, "pos/y": -4.696010112762451, "pos/z": -69.27841186523438, "rpy/roll": -10.426959438329053, "rpy/pitch": 1.5498463577488615, "rpy/yaw": 22.238515249343877, "milliseconds": 87459}