{"cam/image1": "268_cam-image1_.jpg", "user/angle": 0.0, "user/throttle": 0.0, "pos/x": 13.493712425231934, "pos/y": -2.297822952270508, "pos/z": -44.63098907470703, "rpy/roll": 6.579881003915722, "rpy/pitch": 3.4992430532791667, "rpy/yaw": 24.48077102947412, "milliseconds": 56165}