{"cam/image1": "1136_cam-image1_.jpg", "user/angle": 0.0, "user/throttle": 0.0, "pos/x": 45.0848388671875, "pos/y": -6.422562122344971, "pos/z": -90.46865844726562, "rpy/roll": 7.222500328075256, "rpy/pitch": 2.62119672427914, "rpy/yaw": 39.013659672374686, "milliseconds": 110011}