{"cam/image1": "866_cam-image1_.jpg", "user/angle": 0.0, "user/throttle": 0.0, "pos/x": 32.49521255493164, "pos/y": -4.842103481292725, "pos/z": -79.67501068115234, "rpy/roll": -1.1075290747515294, "rpy/pitch": -1.0666211326914323, "rpy/yaw": 38.09615535470929, "milliseconds": 96439}