{"cam/image1": "639_cam-image1_.jpg", "user/angle": 0.0, "user/throttle": 0.0, "pos/x": 27.14974021911621, "pos/y": -4.807998180389404, "pos/z": -66.19397735595703, "rpy/roll": -2.8005805540306627, "rpy/pitch": 0.48615844970316535, "rpy/yaw": 24.640938861895027, "milliseconds": 85053}