{"cam/image1": "1216_cam-image1_.jpg", "user/angle": 0.0, "user/throttle": 0.0, "pos/x": 48.64080810546875, "pos/y": -7.119761943817139, "pos/z": -93.40428161621094, "rpy/roll": -14.729000067498271, "rpy/pitch": 9.32209368873753, "rpy/yaw": 51.61764218614193, "milliseconds": 114027}