{"cam/image1": "667_cam-image1_.jpg", "user/angle": 0.0, "user/throttle": 0.0, "pos/x": 27.673751831054688, "pos/y": -4.780061721801758, "pos/z": -67.98960876464844, "rpy/roll": -6.185479858894228, "rpy/pitch": 0.16045055034852482, "rpy/yaw": 20.924415302741103, "milliseconds": 86455}