{"cam/image1": "77_cam-image1_.jpg", "user/angle": 0.0, "user/throttle": 0.0, "pos/x": 1.6959114074707031, "pos/y": -0.7553187012672424, "pos/z": -16.20733642578125, "rpy/roll": -2.260812327042633, "rpy/pitch": 3.6729174113186627, "rpy/yaw": 20.842809232126903, "milliseconds": 26225}