{"cam/image1": "15_cam-image1_.jpg", "user/angle": 0.0, "user/throttle": 0.0, "pos/x": -0.3764035999774933, "pos/y": -0.15839725732803345, "pos/z": -4.091092586517334, "rpy/roll": -4.263427850022978, "rpy/pitch": 3.104437383717579, "rpy/yaw": -0.4169376531968096, "milliseconds": 12948}