{"cam/image1": "922_cam-image1_.jpg", "user/angle": 0.0, "user/throttle": 0.0, "pos/x": 35.405330657958984, "pos/y": -4.938596248626709, "pos/z": -81.87945556640625, "rpy/roll": -6.31904834842701, "rpy/pitch": 4.2393775791685355, "rpy/yaw": 54.5494859285899, "milliseconds": 99278}