{"cam/image1": "81_cam-image1_.jpg", "user/angle": 0.0, "user/throttle": 0.0, "pos/x": 1.7587227821350098, "pos/y": -0.7657718062400818, "pos/z": -16.425893783569336, "rpy/roll": -3.685681294797751, "rpy/pitch": 3.5436437946405457, "rpy/yaw": 19.962210505970994, "milliseconds": 26427}