{"cam/image1": "241_cam-image1_.jpg", "user/angle": 0.0, "user/throttle": 0.0, "pos/x": 8.430214881896973, "pos/y": -1.595993995666504, "pos/z": -33.411556243896484, "rpy/roll": 1.7745825683582415, "rpy/pitch": 3.0605035139963266, "rpy/yaw": 48.94655789368521, "milliseconds": 44627}