{"cam/image1": "320_cam-image1_.jpg", "user/angle": 0.0, "user/throttle": 0.0, "pos/x": 21.785112380981445, "pos/y": -2.754535675048828, "pos/z": -50.943058013916016, "rpy/roll": 0.8162032167989363, "rpy/pitch": -13.417321368048631, "rpy/yaw": 28.28812621816901, "milliseconds": 69049}