{"cam/image1": "159_cam-image1_.jpg", "user/angle": 0.0, "user/throttle": 0.0, "pos/x": 3.899266242980957, "pos/y": -1.0221502780914307, "pos/z": -20.5043888092041, "rpy/roll": 11.364504854821773, "rpy/pitch": -1.4386278786697462, "rpy/yaw": 22.078793661936352, "milliseconds": 30345}