{"cam/image1": "210_cam-image1_.jpg", "user/angle": 0.0, "user/throttle": 0.0, "pos/x": 4.66957950592041, "pos/y": -1.1365832090377808, "pos/z": -23.2278995513916, "rpy/roll": 7.39205867085238, "rpy/pitch": 6.536249172613541, "rpy/yaw": 3.300857156990432, "milliseconds": 32903}