{"cam/image1": "979_cam-image1_.jpg", "user/angle": 0.0, "user/throttle": 0.0, "pos/x": 38.342918395996094, "pos/y": -4.954466819763184, "pos/z": -83.8935775756836, "rpy/roll": 1.49451169832577, "rpy/pitch": 0.8702649976741579, "rpy/yaw": 56.54680692619645, "milliseconds": 102137}