{"cam/image1": "957_cam-image1_.jpg", "user/angle": 0.0, "user/throttle": 0.0, "pos/x": 37.24663162231445, "pos/y": -4.867612838745117, "pos/z": -83.1097412109375, "rpy/roll": 2.682134431321349, "rpy/pitch": 1.8932131455864187, "rpy/yaw": 54.23340456207858, "milliseconds": 101035}