{"cam/image1": "719_cam-image1_.jpg", "user/angle": 0.0, "user/throttle": 0.0, "pos/x": 28.728769302368164, "pos/y": -4.369128704071045, "pos/z": -71.35928344726562, "rpy/roll": 2.20129810394705, "rpy/pitch": 1.1022481011243086, "rpy/yaw": 13.384250915726927, "milliseconds": 89066}