{"cam/image1": "1034_cam-image1_.jpg", "user/angle": 0.0, "user/throttle": 0.0, "pos/x": 41.03624725341797, "pos/y": -5.767637252807617, "pos/z": -85.986572265625, "rpy/roll": -6.364156610343373, "rpy/pitch": -0.8768456352848757, "rpy/yaw": 41.48580991839328, "milliseconds": 104894}