{"cam/image1": "475_cam-image1_.jpg", "user/angle": 0.0, "user/throttle": 0.0, "pos/x": 24.17948341369629, "pos/y": -4.2955002784729, "pos/z": -56.883140563964844, "rpy/roll": -1.5346263654628949, "rpy/pitch": 0.664687153911435, "rpy/yaw": 22.339093992666395, "milliseconds": 76827}