{"cam/image1": "902_cam-image1_.jpg", "user/angle": 0.0, "user/throttle": 0.0, "pos/x": 34.388389587402344, "pos/y": -4.887897491455078, "pos/z": -81.15691375732422, "rpy/roll": -2.07143481411089, "rpy/pitch": 2.8079346889270864, "rpy/yaw": 47.95049404567963, "milliseconds": 98275}