{"cam/image1": "1272_cam-image1_.jpg", "user/angle": 0.0, "user/throttle": 0.0, "pos/x": 49.36165237426758, "pos/y": -7.959439277648926, "pos/z": -94.9549789428711, "rpy/roll": 2.550351689476703, "rpy/pitch": 0.9939472580453523, "rpy/yaw": 46.77659346255486, "milliseconds": 116834}