{"cam/image1": "533_cam-image1_.jpg", "user/angle": 0.0, "user/throttle": 0.0, "pos/x": 25.368968963623047, "pos/y": -4.150753498077393, "pos/z": -59.98360824584961, "rpy/roll": -6.923591812334919, "rpy/pitch": 0.7006581021145414, "rpy/yaw": 16.68032362970904, "milliseconds": 79739}