{"cam/image1": "356_cam-image1_.jpg", "user/angle": 0.0, "user/throttle": 0.0, "pos/x": 22.114538192749023, "pos/y": -2.9603962898254395, "pos/z": -52.02119064331055, "rpy/roll": 0.2878476286696257, "rpy/pitch": -8.458276363225036, "rpy/yaw": 14.42620261368627, "milliseconds": 70854}