{"cam/image1": "1253_cam-image1_.jpg", "user/angle": 0.0, "user/throttle": 0.0, "pos/x": 48.90903091430664, "pos/y": -7.547429084777832, "pos/z": -94.57598876953125, "rpy/roll": -2.5518872873844876, "rpy/pitch": 3.015269568184576, "rpy/yaw": 20.802184424363496, "milliseconds": 115881}