{"cam/image1": "715_cam-image1_.jpg", "user/angle": 0.0, "user/throttle": 0.0, "pos/x": 28.692466735839844, "pos/y": -4.397959232330322, "pos/z": -71.10179901123047, "rpy/roll": 0.704724926655624, "rpy/pitch": 1.3575153656083752, "rpy/yaw": 13.764314681575277, "milliseconds": 88863}