{"cam/image1": "481_cam-image1_.jpg", "user/angle": 0.0, "user/throttle": 0.0, "pos/x": 24.28765106201172, "pos/y": -4.309328556060791, "pos/z": -57.22638702392578, "rpy/roll": -1.575036050278938, "rpy/pitch": -1.3706314014021588, "rpy/yaw": 22.971592569541816, "milliseconds": 77129}