{"cam/image1": "1024_cam-image1_.jpg", "user/angle": 0.0, "user/throttle": 0.0, "pos/x": 40.58317184448242, "pos/y": -5.729511737823486, "pos/z": -85.56936645507812, "rpy/roll": -5.5019869597611955, "rpy/pitch": 2.1802360447200884, "rpy/yaw": 42.25138780535706, "milliseconds": 104393}