{"cam/image1": "660_cam-image1_.jpg", "user/angle": 0.0, "user/throttle": 0.0, "pos/x": 27.514196395874023, "pos/y": -4.786877632141113, "pos/z": -67.54450988769531, "rpy/roll": -4.16707657872249, "rpy/pitch": 0.22523638451274264, "rpy/yaw": 14.848486010708658, "milliseconds": 86113}