{"cam/image1": "788_cam-image1_.jpg", "user/angle": 0.0, "user/throttle": 0.0, "pos/x": 30.324491500854492, "pos/y": -4.3671464920043945, "pos/z": -75.43643188476562, "rpy/roll": 1.0303874578680612, "rpy/pitch": -2.392153605138946, "rpy/yaw": 22.164865323589854, "milliseconds": 92526}