{"cam/image1": "308_cam-image1_.jpg", "user/angle": 0.0, "user/throttle": 0.0, "pos/x": 21.665769577026367, "pos/y": -2.683220148086548, "pos/z": -50.73090744018555, "rpy/roll": -1.7895718039568682, "rpy/pitch": -17.462725571688217, "rpy/yaw": 35.839696921361146, "milliseconds": 68447}