{"cam/image1": "625_cam-image1_.jpg", "user/angle": 0.0, "user/throttle": 0.0, "pos/x": 26.892654418945312, "pos/y": -4.7798991203308105, "pos/z": -65.30064392089844, "rpy/roll": -1.4465395605443527, "rpy/pitch": -0.5604768024778002, "rpy/yaw": 14.006868631626748, "milliseconds": 84349}