{"cam/image1": "597_cam-image1_.jpg", "user/angle": 0.0, "user/throttle": 0.0, "pos/x": 26.57782554626465, "pos/y": -4.437063694000244, "pos/z": -63.52518844604492, "rpy/roll": -7.622185514885295, "rpy/pitch": -2.0408072577030367, "rpy/yaw": 23.289162623450725, "milliseconds": 82945}