{"cam/image1": "430_cam-image1_.jpg", "user/angle": 0.0, "user/throttle": 0.0, "pos/x": 23.172664642333984, "pos/y": -3.638770580291748, "pos/z": -54.83298873901367, "rpy/roll": -0.6688048997028808, "rpy/pitch": -0.8322626257663364, "rpy/yaw": 21.938233134543587, "milliseconds": 74571}