{"cam/image1": "1285_cam-image1_.jpg", "user/angle": 0.0, "user/throttle": 0.0, "pos/x": 49.71172332763672, "pos/y": -8.311480522155762, "pos/z": -95.29747009277344, "rpy/roll": 2.224941451391169, "rpy/pitch": 2.43130777543061, "rpy/yaw": 35.957102517524696, "milliseconds": 117485}