{"cam/image1": "40_cam-image1_.jpg", "user/angle": 0.0, "user/throttle": 0.0, "pos/x": 1.1033844947814941, "pos/y": -0.6924501657485962, "pos/z": -14.291911125183105, "rpy/roll": 7.76019947806237, "rpy/pitch": 2.15296285831424, "rpy/yaw": 14.849720001706729, "milliseconds": 24364}