{"cam/image1": "1263_cam-image1_.jpg", "user/angle": 0.0, "user/throttle": 0.0, "pos/x": 49.17571258544922, "pos/y": -7.604106903076172, "pos/z": -94.77986907958984, "rpy/roll": 5.477780760677618e-05, "rpy/pitch": 2.021555734631163, "rpy/yaw": 35.352959143767656, "milliseconds": 116383}