{"cam/image1": "800_cam-image1_.jpg", "user/angle": 0.0, "user/throttle": 0.0, "pos/x": 30.562788009643555, "pos/y": -4.349126815795898, "pos/z": -76.15727233886719, "rpy/roll": -12.911782819217894, "rpy/pitch": -5.657507747925811, "rpy/yaw": 23.55013797211196, "milliseconds": 93129}