{"cam/image1": "257_cam-image1_.jpg", "user/angle": 0.0, "user/throttle": 0.0, "pos/x": 8.925247192382812, "pos/y": -1.6088676452636719, "pos/z": -34.080814361572266, "rpy/roll": -4.227270907036419, "rpy/pitch": 4.400933775835444, "rpy/yaw": 32.99363627201353, "milliseconds": 45429}