{"cam/image1": "822_cam-image1_.jpg", "user/angle": 0.0, "user/throttle": 0.0, "pos/x": 31.353620529174805, "pos/y": -4.525094032287598, "pos/z": -77.34497833251953, "rpy/roll": -6.765504923949116, "rpy/pitch": -4.086129126951575, "rpy/yaw": 32.87482879281753, "milliseconds": 94233}