{"cam/image1": "1229_cam-image1_.jpg", "user/angle": 0.0, "user/throttle": 0.0, "pos/x": 48.76657485961914, "pos/y": -7.1986894607543945, "pos/z": -93.92936706542969, "rpy/roll": -13.519203777936978, "rpy/pitch": -1.6922748504029779, "rpy/yaw": 21.46584048724478, "milliseconds": 114679}