{"cam/image1": "640_cam-image1_.jpg", "user/angle": 0.0, "user/throttle": 0.0, "pos/x": 27.167964935302734, "pos/y": -4.808244228363037, "pos/z": -66.23236846923828, "rpy/roll": -2.7273127135774113, "rpy/pitch": -0.8069242870704916, "rpy/yaw": 24.726932025856865, "milliseconds": 85102}