{"cam/image1": "689_cam-image1_.jpg", "user/angle": 0.0, "user/throttle": 0.0, "pos/x": 28.216968536376953, "pos/y": -4.680411338806152, "pos/z": -69.4229507446289, "rpy/roll": -9.943507183803478, "rpy/pitch": 0.0673798400900568, "rpy/yaw": 21.781594051463138, "milliseconds": 87559}