{"cam/image1": "590_cam-image1_.jpg", "user/angle": 0.0, "user/throttle": 0.0, "pos/x": 26.45443344116211, "pos/y": -4.461889266967773, "pos/z": -63.096492767333984, "rpy/roll": -3.512484794539362, "rpy/pitch": -2.9028587155219063, "rpy/yaw": 13.090181367121776, "milliseconds": 82594}