{"cam/image1": "385_cam-image1_.jpg", "user/angle": 0.0, "user/throttle": 0.0, "pos/x": 22.46581268310547, "pos/y": -3.186006546020508, "pos/z": -53.03498840332031, "rpy/roll": 4.939920362603365, "rpy/pitch": -8.573121371420697, "rpy/yaw": 17.475137765185416, "milliseconds": 72309}