{"cam/image1": "858_cam-image1_.jpg", "user/angle": 0.0, "user/throttle": 0.0, "pos/x": 32.56252670288086, "pos/y": -4.812708377838135, "pos/z": -79.12501525878906, "rpy/roll": -0.6864162181013473, "rpy/pitch": -1.6416563047088255, "rpy/yaw": 36.23258491168924, "milliseconds": 96038}