{"cam/image1": "1190_cam-image1_.jpg", "user/angle": 0.0, "user/throttle": 0.0, "pos/x": 47.61726379394531, "pos/y": -6.82937479019165, "pos/z": -92.97505187988281, "rpy/roll": -1.8008182782726336, "rpy/pitch": 1.3818749894577056, "rpy/yaw": 39.21065932674618, "milliseconds": 112724}