{"cam/image1": "1090_cam-image1_.jpg", "user/angle": 0.0, "user/throttle": 0.0, "pos/x": 43.333213806152344, "pos/y": -6.37814474105835, "pos/z": -88.33808898925781, "rpy/roll": 3.6332953475559373, "rpy/pitch": 2.3579984831682026, "rpy/yaw": 37.11120143011916, "milliseconds": 107713}