{"cam/image1": "1062_cam-image1_.jpg", "user/angle": 0.0, "user/throttle": 0.0, "pos/x": 42.102359771728516, "pos/y": -5.992016792297363, "pos/z": -87.1453628540039, "rpy/roll": 1.5450574467727842, "rpy/pitch": 1.7706552694886744, "rpy/yaw": 37.826181442189046, "milliseconds": 106307}