{"cam/image1": "1180_cam-image1_.jpg", "user/angle": 0.0, "user/throttle": 0.0, "pos/x": 47.007266998291016, "pos/y": -6.806759834289551, "pos/z": -92.53996276855469, "rpy/roll": -1.8819677731266933, "rpy/pitch": 3.292158115432276, "rpy/yaw": 40.045794130218106, "milliseconds": 112217}