{"cam/image1": "682_cam-image1_.jpg", "user/angle": 0.0, "user/throttle": 0.0, "pos/x": 28.081396102905273, "pos/y": -4.6982951164245605, "pos/z": -68.95797729492188, "rpy/roll": -9.773618993167817, "rpy/pitch": 1.8362625760747648, "rpy/yaw": 23.272960208562974, "milliseconds": 87207}