{"cam/image1": "548_cam-image1_.jpg", "user/angle": 0.0, "user/throttle": 0.0, "pos/x": 25.66107177734375, "pos/y": -4.251564979553223, "pos/z": -60.81991958618164, "rpy/roll": -9.009198209792368, "rpy/pitch": -1.6014245465156853, "rpy/yaw": 14.638437439963575, "milliseconds": 80487}