{"cam/image1": "909_cam-image1_.jpg", "user/angle": 0.0, "user/throttle": 0.0, "pos/x": 34.71061325073242, "pos/y": -4.931933403015137, "pos/z": -81.42652893066406, "rpy/roll": -6.449060418309308, "rpy/pitch": 3.3138083981912954, "rpy/yaw": 52.494480233592256, "milliseconds": 98626}