{"cam/image1": "813_cam-image1_.jpg", "user/angle": 0.0, "user/throttle": 0.0, "pos/x": 31.038646697998047, "pos/y": -4.4769792556762695, "pos/z": -76.85136413574219, "rpy/roll": -2.655028523964822, "rpy/pitch": -3.2747140560739743, "rpy/yaw": 25.154378663621728, "milliseconds": 93781}