{"cam/image1": "749_cam-image1_.jpg", "user/angle": 0.0, "user/throttle": 0.0, "pos/x": 29.239919662475586, "pos/y": -4.328197956085205, "pos/z": -73.1814193725586, "rpy/roll": 8.503762755242368, "rpy/pitch": -2.4824828149604574, "rpy/yaw": 13.351958535564435, "milliseconds": 90570}