{"cam/image1": "201_cam-image1_.jpg", "user/angle": 0.0, "user/throttle": 0.0, "pos/x": 4.624131202697754, "pos/y": -1.1275944709777832, "pos/z": -22.81073760986328, "rpy/roll": 5.462906556074006, "rpy/pitch": 2.624742760446512, "rpy/yaw": 6.009287727200903, "milliseconds": 32451}