{"cam/image1": "483_cam-image1_.jpg", "user/angle": 0.0, "user/throttle": 0.0, "pos/x": 24.319780349731445, "pos/y": -4.283687114715576, "pos/z": -57.33489990234375, "rpy/roll": -2.086341878155121, "rpy/pitch": 1.1710255807636092, "rpy/yaw": 24.834712176579497, "milliseconds": 77229}