{"cam/image1": "1112_cam-image1_.jpg", "user/angle": 0.0, "user/throttle": 0.0, "pos/x": 44.19058609008789, "pos/y": -6.41682243347168, "pos/z": -89.2982406616211, "rpy/roll": 8.672228692209575, "rpy/pitch": 1.7625552981399606, "rpy/yaw": 39.01751933683174, "milliseconds": 108808}