{"cam/image1": "704_cam-image1_.jpg", "user/angle": 0.0, "user/throttle": 0.0, "pos/x": 28.4865665435791, "pos/y": -4.498003005981445, "pos/z": -70.45555114746094, "rpy/roll": -1.9146441298997765, "rpy/pitch": 0.9194981691805916, "rpy/yaw": 14.652657897219395, "milliseconds": 88312}