{"cam/image1": "989_cam-image1_.jpg", "user/angle": 0.0, "user/throttle": 0.0, "pos/x": 38.85926818847656, "pos/y": -4.976883411407471, "pos/z": -84.31229400634766, "rpy/roll": 0.02685758637453924, "rpy/pitch": 1.2640878938324789, "rpy/yaw": 55.16608017546866, "milliseconds": 102639}