{"cam/image1": "520_cam-image1_.jpg", "user/angle": 0.0, "user/throttle": 0.0, "pos/x": 25.18583869934082, "pos/y": -4.099369049072266, "pos/z": -59.291221618652344, "rpy/roll": -7.755806674516525, "rpy/pitch": 0.49513389371565675, "rpy/yaw": 18.6894847059794, "milliseconds": 79085}