{"cam/image1": "844_cam-image1_.jpg", "user/angle": 0.0, "user/throttle": 0.0, "pos/x": 32.0467643737793, "pos/y": -4.753743648529053, "pos/z": -78.43204498291016, "rpy/roll": -5.2726618479010146, "rpy/pitch": 2.0347280805461767, "rpy/yaw": 33.01734191142693, "milliseconds": 95344}