{"cam/image1": "1072_cam-image1_.jpg", "user/angle": 0.0, "user/throttle": 0.0, "pos/x": 42.49110794067383, "pos/y": -6.214217185974121, "pos/z": -87.58731842041016, "rpy/roll": -0.08433478430521552, "rpy/pitch": 2.2835297453466628, "rpy/yaw": 36.64043095918426, "milliseconds": 106802}