{"cam/image1": "647_cam-image1_.jpg", "user/angle": 0.0, "user/throttle": 0.0, "pos/x": 27.355886459350586, "pos/y": -4.814903259277344, "pos/z": -66.68932342529297, "rpy/roll": -0.26193215156194005, "rpy/pitch": 1.023308100801374, "rpy/yaw": 20.134475417582358, "milliseconds": 85452}