{"cam/image1": "876_cam-image1_.jpg", "user/angle": 0.0, "user/throttle": 0.0, "pos/x": 33.18367004394531, "pos/y": -5.003993034362793, "pos/z": -80.04276275634766, "rpy/roll": -3.1299301435136835, "rpy/pitch": 1.7212316038101267, "rpy/yaw": 43.025311294740106, "milliseconds": 96940}