{"cam/image1": "1109_cam-image1_.jpg", "user/angle": 0.0, "user/throttle": 0.0, "pos/x": 44.0499153137207, "pos/y": -6.399134159088135, "pos/z": -89.15026092529297, "rpy/roll": 7.58779344815216, "rpy/pitch": 2.3699498442054168, "rpy/yaw": 38.80292226053299, "milliseconds": 108658}