{"cam/image1": "1267_cam-image1_.jpg", "user/angle": 0.0, "user/throttle": 0.0, "pos/x": 49.30809783935547, "pos/y": -7.753223896026611, "pos/z": -94.82687377929688, "rpy/roll": 1.5018818413167583, "rpy/pitch": 2.04011027775706, "rpy/yaw": 41.110162515180676, "milliseconds": 116583}