{"cam/image1": "855_cam-image1_.jpg", "user/angle": 0.0, "user/throttle": 0.0, "pos/x": 32.460227966308594, "pos/y": -4.800420761108398, "pos/z": -78.98506927490234, "rpy/roll": -1.0118283291495505, "rpy/pitch": -0.6650655189968596, "rpy/yaw": 36.54061527162723, "milliseconds": 95887}