{"cam/image1": "263_cam-image1_.jpg", "user/angle": 0.0, "user/throttle": 0.0, "pos/x": 13.397439956665039, "pos/y": -2.3234987258911133, "pos/z": -44.38219451904297, "rpy/roll": 8.458879033914881, "rpy/pitch": 2.9627631476393668, "rpy/yaw": 23.268564712971394, "milliseconds": 55914}