{"cam/image1": "221_cam-image1_.jpg", "user/angle": 0.0, "user/throttle": 0.0, "pos/x": 7.750243663787842, "pos/y": -1.5752378702163696, "pos/z": -32.683570861816406, "rpy/roll": 11.082937956041828, "rpy/pitch": 5.312676304907346, "rpy/yaw": 19.681969491347555, "milliseconds": 43621}