{"cam/image1": "457_cam-image1_.jpg", "user/angle": 0.0, "user/throttle": 0.0, "pos/x": 23.836462020874023, "pos/y": -4.2068328857421875, "pos/z": -55.94314956665039, "rpy/roll": 0.1702154157594219, "rpy/pitch": 1.4430488167998785, "rpy/yaw": 25.6385304921376, "milliseconds": 75932}