{"cam/image1": "76_cam-image1_.jpg", "user/angle": 0.0, "user/throttle": 0.0, "pos/x": 1.684844732284546, "pos/y": -0.7508728504180908, "pos/z": -16.173595428466797, "rpy/roll": -2.1349792179229428, "rpy/pitch": 3.4511258136646847, "rpy/yaw": 20.77219929212385, "milliseconds": 26176}