{"cam/image1": "611_cam-image1_.jpg", "user/angle": 0.0, "user/throttle": 0.0, "pos/x": 26.740726470947266, "pos/y": -4.579320907592773, "pos/z": -64.38874053955078, "rpy/roll": -5.8512753007635805, "rpy/pitch": -2.301243602353537, "rpy/yaw": 17.178507620792693, "milliseconds": 83655}