{"cam/image1": "1282_cam-image1_.jpg", "user/angle": 0.0, "user/throttle": 0.0, "pos/x": 49.64983367919922, "pos/y": -8.215252876281738, "pos/z": -95.16300964355469, "rpy/roll": 3.1858379733078905, "rpy/pitch": 4.669140824138412, "rpy/yaw": 40.090519777338336, "milliseconds": 117336}