{"cam/image1": "125_cam-image1_.jpg", "user/angle": 0.0, "user/throttle": 0.0, "pos/x": 3.021287441253662, "pos/y": -0.9297808408737183, "pos/z": -18.723434448242188, "rpy/roll": 7.108670603226216, "rpy/pitch": -0.9921247862690338, "rpy/yaw": 23.929141593853704, "milliseconds": 28646}