{"cam/image1": "988_cam-image1_.jpg", "user/angle": 0.0, "user/throttle": 0.0, "pos/x": 38.807132720947266, "pos/y": -4.9837799072265625, "pos/z": -84.25818634033203, "rpy/roll": 0.6914559913374443, "rpy/pitch": 0.6931474574426787, "rpy/yaw": 54.87554156371972, "milliseconds": 102588}