{"cam/image1": "98_cam-image1_.jpg", "user/angle": 0.0, "user/throttle": 0.0, "pos/x": 2.1994845867156982, "pos/y": -0.7770932912826538, "pos/z": -17.286718368530273, "rpy/roll": 1.3307653776955584, "rpy/pitch": 3.4475994784269437, "rpy/yaw": 23.467772552680692, "milliseconds": 27278}