{"cam/image1": "1083_cam-image1_.jpg", "user/angle": 0.0, "user/throttle": 0.0, "pos/x": 42.99433898925781, "pos/y": -6.305827617645264, "pos/z": -88.05998229980469, "rpy/roll": 1.9379100609263076, "rpy/pitch": 2.6423194297406356, "rpy/yaw": 37.895702294521115, "milliseconds": 107351}