{"cam/image1": "762_cam-image1_.jpg", "user/angle": 0.0, "user/throttle": 0.0, "pos/x": 29.609508514404297, "pos/y": -4.182684421539307, "pos/z": -73.95866394042969, "rpy/roll": 9.587968144884197, "rpy/pitch": 1.1820830251568237, "rpy/yaw": 18.704219731302988, "milliseconds": 91222}