{"cam/image1": "1209_cam-image1_.jpg", "user/angle": 0.0, "user/throttle": 0.0, "pos/x": 48.258201599121094, "pos/y": -7.14700984954834, "pos/z": -93.63958740234375, "rpy/roll": -20.76826601823312, "rpy/pitch": 0.4288326534409696, "rpy/yaw": 53.86179032343648, "milliseconds": 113676}