{"cam/image1": "911_cam-image1_.jpg", "user/angle": 0.0, "user/throttle": 0.0, "pos/x": 34.82485580444336, "pos/y": -4.940906524658203, "pos/z": -81.49437713623047, "rpy/roll": -7.419727216879601, "rpy/pitch": 2.079929031702751, "rpy/yaw": 54.59250679905694, "milliseconds": 98726}