{"cam/image1": "1211_cam-image1_.jpg", "user/angle": 0.0, "user/throttle": 0.0, "pos/x": 48.284690856933594, "pos/y": -7.144830703735352, "pos/z": -93.61288452148438, "rpy/roll": -20.470536939906548, "rpy/pitch": 1.8454459551620175, "rpy/yaw": 53.16259475947679, "milliseconds": 113776}