{"cam/image1": "156_cam-image1_.jpg", "user/angle": 0.0, "user/throttle": 0.0, "pos/x": 3.8169569969177246, "pos/y": -0.9941842555999756, "pos/z": -20.335838317871094, "rpy/roll": 11.24525322005378, "rpy/pitch": 0.7313737787631945, "rpy/yaw": 22.66918263319376, "milliseconds": 30205}