{"cam/image1": "265_cam-image1_.jpg", "user/angle": 0.0, "user/throttle": 0.0, "pos/x": 13.438369750976562, "pos/y": -2.3090662956237793, "pos/z": -44.48222351074219, "rpy/roll": 8.478845006266114, "rpy/pitch": 4.768009030008394, "rpy/yaw": 22.819877252639756, "milliseconds": 56023}