{"cam/image1": "123_cam-image1_.jpg", "user/angle": 0.0, "user/throttle": 0.0, "pos/x": 2.959684133529663, "pos/y": -0.9255965352058411, "pos/z": -18.611543655395508, "rpy/roll": 5.933356152127769, "rpy/pitch": 0.28727880537796086, "rpy/yaw": 24.795891558479624, "milliseconds": 28541}