{"cam/image1": "1227_cam-image1_.jpg", "user/angle": 0.0, "user/throttle": 0.0, "pos/x": 48.75225830078125, "pos/y": -7.215288162231445, "pos/z": -93.85225677490234, "rpy/roll": -10.339990503700406, "rpy/pitch": -0.331671072675942, "rpy/yaw": 24.370510643337987, "milliseconds": 114578}