{"cam/image1": "39_cam-image1_.jpg", "user/angle": 0.0, "user/throttle": 0.0, "pos/x": 1.0915530920028687, "pos/y": -0.6895179152488708, "pos/z": -14.249074935913086, "rpy/roll": 7.92970333330647, "rpy/pitch": 3.110452757046855, "rpy/yaw": 15.279233764752174, "milliseconds": 24320}