{"cam/image1": "1207_cam-image1_.jpg", "user/angle": 0.0, "user/throttle": 0.0, "pos/x": 48.23712158203125, "pos/y": -7.120426177978516, "pos/z": -93.62397766113281, "rpy/roll": -18.917277295154914, "rpy/pitch": 1.071698228165413, "rpy/yaw": 54.55670227247459, "milliseconds": 113575}