{"cam/image1": "963_cam-image1_.jpg", "user/angle": 0.0, "user/throttle": 0.0, "pos/x": 37.515342712402344, "pos/y": -4.881746292114258, "pos/z": -83.33419036865234, "rpy/roll": 3.0794629019162545, "rpy/pitch": 3.3829611670610507, "rpy/yaw": 55.25560684408701, "milliseconds": 101334}