{"cam/image1": "1318_cam-image1_.jpg", "user/angle": 0.0, "user/throttle": 0.0, "pos/x": 57.89231872558594, "pos/y": -8.758474349975586, "pos/z": -105.52522277832031, "rpy/roll": -1.5249458004693262, "rpy/pitch": 2.61602914230084, "rpy/yaw": 46.50121735536544, "milliseconds": 129216}