{"cam/image1": "1210_cam-image1_.jpg", "user/angle": 0.0, "user/throttle": 0.0, "pos/x": 48.255455017089844, "pos/y": -7.1485724449157715, "pos/z": -93.64130401611328, "rpy/roll": -20.905077694871988, "rpy/pitch": 0.47150258924620125, "rpy/yaw": 53.73230863590568, "milliseconds": 113726}