{"cam/image1": "92_cam-image1_.jpg", "user/angle": 0.0, "user/throttle": 0.0, "pos/x": 2.012404203414917, "pos/y": -0.7563464641571045, "pos/z": -16.980825424194336, "rpy/roll": -4.623302623871253, "rpy/pitch": 5.208353050320039, "rpy/yaw": 25.263197963716024, "milliseconds": 26977}