{"cam/image1": "368_cam-image1_.jpg", "user/angle": 0.0, "user/throttle": 0.0, "pos/x": 22.24481201171875, "pos/y": -3.048987627029419, "pos/z": -52.43218231201172, "rpy/roll": 3.94545944506483, "rpy/pitch": -7.484808997492852, "rpy/yaw": 12.401767157722023, "milliseconds": 71456}