{"cam/image1": "983_cam-image1_.jpg", "user/angle": 0.0, "user/throttle": 0.0, "pos/x": 38.57035446166992, "pos/y": -4.983393669128418, "pos/z": -84.04010772705078, "rpy/roll": 1.7003569037903972, "rpy/pitch": 0.09540595654761838, "rpy/yaw": 56.050626043068824, "milliseconds": 102337}