{"cam/image1": "953_cam-image1_.jpg", "user/angle": 0.0, "user/throttle": 0.0, "pos/x": 37.05335235595703, "pos/y": -4.87552547454834, "pos/z": -82.97503662109375, "rpy/roll": 2.534435225185182, "rpy/pitch": 3.6107176236737843, "rpy/yaw": 53.49670580703824, "milliseconds": 100834}