{"cam/image1": "1162_cam-image1_.jpg", "user/angle": 0.0, "user/throttle": 0.0, "pos/x": 46.33189010620117, "pos/y": -6.67488431930542, "pos/z": -91.61207580566406, "rpy/roll": 3.3614796541928498, "rpy/pitch": -0.78685980138321, "rpy/yaw": 43.53569427200499, "milliseconds": 111315}