{"cam/image1": "914_cam-image1_.jpg", "user/angle": 0.0, "user/throttle": 0.0, "pos/x": 35.01534652709961, "pos/y": -4.923611640930176, "pos/z": -81.59646606445312, "rpy/roll": -6.88580723467544, "rpy/pitch": 2.565276308412076, "rpy/yaw": 57.17423662336626, "milliseconds": 98877}