{"cam/image1": "708_cam-image1_.jpg", "user/angle": 0.0, "user/throttle": 0.0, "pos/x": 28.587488174438477, "pos/y": -4.461354732513428, "pos/z": -70.68865203857422, "rpy/roll": -1.3427313002614276, "rpy/pitch": 0.3365005989479983, "rpy/yaw": 14.116758800295063, "milliseconds": 88511}