{"cam/image1": "604_cam-image1_.jpg", "user/angle": 0.0, "user/throttle": 0.0, "pos/x": 26.712730407714844, "pos/y": -4.460097312927246, "pos/z": -63.90721893310547, "rpy/roll": -4.2979783430801834, "rpy/pitch": -0.4124517860909312, "rpy/yaw": 21.003174274119253, "milliseconds": 83297}