{"cam/image1": "1051_cam-image1_.jpg", "user/angle": 0.0, "user/throttle": 0.0, "pos/x": 41.72920227050781, "pos/y": -5.987292766571045, "pos/z": -86.68191528320312, "rpy/roll": -0.5871714056362476, "rpy/pitch": 3.258240358242416, "rpy/yaw": 40.21017696570791, "milliseconds": 105746}