{"cam/image1": "808_cam-image1_.jpg", "user/angle": 0.0, "user/throttle": 0.0, "pos/x": 30.859575271606445, "pos/y": -4.431441783905029, "pos/z": -76.56481170654297, "rpy/roll": -11.193203842622733, "rpy/pitch": -3.054061126225025, "rpy/yaw": 26.7580429294194, "milliseconds": 93540}