{"cam/image1": "755_cam-image1_.jpg", "user/angle": 0.0, "user/throttle": 0.0, "pos/x": 29.33956527709961, "pos/y": -4.275516033172607, "pos/z": -73.59442138671875, "rpy/roll": 6.65955501919196, "rpy/pitch": -3.502402821964269, "rpy/yaw": 18.424373656736776, "milliseconds": 90879}