{"cam/image1": "888_cam-image1_.jpg", "user/angle": 0.0, "user/throttle": 0.0, "pos/x": 33.746490478515625, "pos/y": -4.983836650848389, "pos/z": -80.61460876464844, "rpy/roll": -5.423417009665611, "rpy/pitch": 1.0442176955548643, "rpy/yaw": 47.54175832801234, "milliseconds": 97573}