{"cam/image1": "699_cam-image1_.jpg", "user/angle": 0.0, "user/throttle": 0.0, "pos/x": 28.43735694885254, "pos/y": -4.5703349113464355, "pos/z": -70.09699249267578, "rpy/roll": -2.815507015830581, "rpy/pitch": -1.5173534931875579, "rpy/yaw": 16.53140754968047, "milliseconds": 88060}