{"cam/image1": "1114_cam-image1_.jpg", "user/angle": 0.0, "user/throttle": 0.0, "pos/x": 44.27714538574219, "pos/y": -6.4231414794921875, "pos/z": -89.39092254638672, "rpy/roll": 9.372365748279648, "rpy/pitch": 1.0429915982306068, "rpy/yaw": 38.75636942803704, "milliseconds": 108908}