{"cam/image1": "511_cam-image1_.jpg", "user/angle": 0.0, "user/throttle": 0.0, "pos/x": 25.016149520874023, "pos/y": -4.0390119552612305, "pos/z": -58.8089714050293, "rpy/roll": -3.2241477753457026, "rpy/pitch": -0.18831470155703375, "rpy/yaw": 20.84843915840918, "milliseconds": 78634}