{"cam/image1": "246_cam-image1_.jpg", "user/angle": 0.0, "user/throttle": 0.0, "pos/x": 8.636394500732422, "pos/y": -1.5911208391189575, "pos/z": -33.622806549072266, "rpy/roll": -1.07402644606416, "rpy/pitch": 3.5624475511649005, "rpy/yaw": 44.61314972970264, "milliseconds": 44878}