{"cam/image1": "212_cam-image1_.jpg", "user/angle": 0.0, "user/throttle": 0.0, "pos/x": 4.681304454803467, "pos/y": -1.1268774271011353, "pos/z": -23.32286834716797, "rpy/roll": 7.247933007119325, "rpy/pitch": 6.4707700703303175, "rpy/yaw": 4.17524812321572, "milliseconds": 33004}