{"cam/image1": "917_cam-image1_.jpg", "user/angle": 0.0, "user/throttle": 0.0, "pos/x": 35.158226013183594, "pos/y": -4.924396514892578, "pos/z": -81.67897033691406, "rpy/roll": -5.910283905508635, "rpy/pitch": 2.6670042893919, "rpy/yaw": 56.88497260910949, "milliseconds": 99027}