{"cam/image1": "74_cam-image1_.jpg", "user/angle": 0.0, "user/throttle": 0.0, "pos/x": 1.6462403535842896, "pos/y": -0.7531751990318298, "pos/z": -16.064395904541016, "rpy/roll": -2.1356998862187044, "rpy/pitch": 2.7874187697728416, "rpy/yaw": 20.699751706000956, "milliseconds": 26075}