{"cam/image1": "36_cam-image1_.jpg", "user/angle": 0.0, "user/throttle": 0.0, "pos/x": 1.0268985033035278, "pos/y": -0.6797427535057068, "pos/z": -14.066960334777832, "rpy/roll": 5.262158861901169, "rpy/pitch": 3.4934398586871134, "rpy/yaw": 16.23839191609669, "milliseconds": 24171}