{"cam/image1": "1050_cam-image1_.jpg", "user/angle": 0.0, "user/throttle": 0.0, "pos/x": 41.678531646728516, "pos/y": -5.987854480743408, "pos/z": -86.62793731689453, "rpy/roll": -0.7218017928621423, "rpy/pitch": 3.6218558111837647, "rpy/yaw": 40.58547282082473, "milliseconds": 105697}