{"cam/image1": "998_cam-image1_.jpg", "user/angle": 0.0, "user/throttle": 0.0, "pos/x": 39.286495208740234, "pos/y": -5.053032398223877, "pos/z": -84.63353729248047, "rpy/roll": -3.5680609315723557, "rpy/pitch": 4.189110575394881, "rpy/yaw": 54.7080987066075, "milliseconds": 103089}