{"cam/image1": "777_cam-image1_.jpg", "user/angle": 0.0, "user/throttle": 0.0, "pos/x": 30.033205032348633, "pos/y": -4.238675594329834, "pos/z": -74.81043243408203, "rpy/roll": 0.13184232595441206, "rpy/pitch": -1.6071980405654123, "rpy/yaw": 27.121682781040082, "milliseconds": 91974}