{"cam/image1": "690_cam-image1_.jpg", "user/angle": 0.0, "user/throttle": 0.0, "pos/x": 28.25177001953125, "pos/y": -4.681188583374023, "pos/z": -69.51579284667969, "rpy/roll": -9.726608540600706, "rpy/pitch": -0.6205549768564526, "rpy/yaw": 21.651765793568405, "milliseconds": 87609}