{"cam/image1": "497_cam-image1_.jpg", "user/angle": 0.0, "user/throttle": 0.0, "pos/x": 24.63068389892578, "pos/y": -4.280829429626465, "pos/z": -58.0931282043457, "rpy/roll": -1.2762012864204701, "rpy/pitch": -1.6196440702444033, "rpy/yaw": 23.728208284302884, "milliseconds": 77939}