{"cam/image1": "1068_cam-image1_.jpg", "user/angle": 0.0, "user/throttle": 0.0, "pos/x": 42.30241775512695, "pos/y": -6.094344615936279, "pos/z": -87.41334533691406, "rpy/roll": -0.23125006387202005, "rpy/pitch": 1.8408613201419373, "rpy/yaw": 37.10601316134566, "milliseconds": 106599}