{"cam/image1": "750_cam-image1_.jpg", "user/angle": 0.0, "user/throttle": 0.0, "pos/x": 29.252681732177734, "pos/y": -4.266875267028809, "pos/z": -73.28089141845703, "rpy/roll": 8.070641324353845, "rpy/pitch": -0.766254288719196, "rpy/yaw": 15.277956174997597, "milliseconds": 90620}