{"cam/image1": "417_cam-image1_.jpg", "user/angle": 0.0, "user/throttle": 0.0, "pos/x": 22.921415328979492, "pos/y": -3.470327377319336, "pos/z": -54.30187225341797, "rpy/roll": -1.4947102573067261, "rpy/pitch": -0.08614121926530349, "rpy/yaw": 20.303307804865828, "milliseconds": 73918}