{"cam/image1": "31_cam-image1_.jpg", "user/angle": 0.0, "user/throttle": 0.0, "pos/x": 0.9575336575508118, "pos/y": -0.6726077198982239, "pos/z": -13.864288330078125, "rpy/roll": 2.5061940769365187, "rpy/pitch": 2.0240563075759783, "rpy/yaw": 13.909550923649523, "milliseconds": 23912}