{"cam/image1": "187_cam-image1_.jpg", "user/angle": 0.0, "user/throttle": 0.0, "pos/x": 4.453075885772705, "pos/y": -1.1126872301101685, "pos/z": -22.03851318359375, "rpy/roll": 4.05432988613461, "rpy/pitch": 5.062781324371247, "rpy/yaw": 16.624672561418436, "milliseconds": 31749}