{"cam/image1": "877_cam-image1_.jpg", "user/angle": 0.0, "user/throttle": 0.0, "pos/x": 33.214141845703125, "pos/y": -5.009615898132324, "pos/z": -80.0754623413086, "rpy/roll": -3.00714319741592, "rpy/pitch": 2.494018638089755, "rpy/yaw": 43.31867170080006, "milliseconds": 96991}