{"cam/image1": "130_cam-image1_.jpg", "user/angle": 0.0, "user/throttle": 0.0, "pos/x": 3.133784532546997, "pos/y": -0.9391533136367798, "pos/z": -18.96989631652832, "rpy/roll": 6.996628568477898, "rpy/pitch": 0.15576106278122254, "rpy/yaw": 25.327313604344663, "milliseconds": 28900}