{"cam/image1": "907_cam-image1_.jpg", "user/angle": 0.0, "user/throttle": 0.0, "pos/x": 34.62166213989258, "pos/y": -4.920058727264404, "pos/z": -81.34791564941406, "rpy/roll": -5.000160728780347, "rpy/pitch": 1.8952844845154855, "rpy/yaw": 51.138494050246535, "milliseconds": 98525}