{"cam/image1": "1163_cam-image1_.jpg", "user/angle": 0.0, "user/throttle": 0.0, "pos/x": 46.36601257324219, "pos/y": -6.6710004806518555, "pos/z": -91.6522445678711, "rpy/roll": 3.784453803080941, "rpy/pitch": -0.23789423431030432, "rpy/yaw": 42.898446126237154, "milliseconds": 111367}