{"cam/image1": "1274_cam-image1_.jpg", "user/angle": 0.0, "user/throttle": 0.0, "pos/x": 49.454612731933594, "pos/y": -8.004351615905762, "pos/z": -94.97187042236328, "rpy/roll": 2.0235607354826817, "rpy/pitch": 0.21473012147325948, "rpy/yaw": 48.26830391079212, "milliseconds": 116944}