{"cam/image1": "952_cam-image1_.jpg", "user/angle": 0.0, "user/throttle": 0.0, "pos/x": 37.016056060791016, "pos/y": -4.871768474578857, "pos/z": -82.95536041259766, "rpy/roll": 2.4776926935834926, "rpy/pitch": 4.199429470223546, "rpy/yaw": 53.472320834045654, "milliseconds": 100782}