{"cam/image1": "1037_cam-image1_.jpg", "user/angle": 0.0, "user/throttle": 0.0, "pos/x": 41.17410659790039, "pos/y": -5.8013691902160645, "pos/z": -86.09422302246094, "rpy/roll": -1.4749135344638409, "rpy/pitch": 1.4000075496898035, "rpy/yaw": 41.85463849574913, "milliseconds": 105044}