{"cam/image1": "1244_cam-image1_.jpg", "user/angle": 0.0, "user/throttle": 0.0, "pos/x": 48.813262939453125, "pos/y": -7.18998384475708, "pos/z": -94.36148834228516, "rpy/roll": -6.717278015709949, "rpy/pitch": 1.4760555895488916, "rpy/yaw": 9.469895882858745, "milliseconds": 115430}