{"cam/image1": "1106_cam-image1_.jpg", "user/angle": 0.0, "user/throttle": 0.0, "pos/x": 43.94508361816406, "pos/y": -6.388069152832031, "pos/z": -89.03382873535156, "rpy/roll": 7.332983136732421, "rpy/pitch": 2.1900075144744515, "rpy/yaw": 38.697554613312704, "milliseconds": 108507}