{"cam/image1": "532_cam-image1_.jpg", "user/angle": 0.0, "user/throttle": 0.0, "pos/x": 25.36536979675293, "pos/y": -4.146411418914795, "pos/z": -59.970977783203125, "rpy/roll": -6.582691025442675, "rpy/pitch": 0.2676576037993753, "rpy/yaw": 16.88967140043715, "milliseconds": 79685}