{"cam/image1": "789_cam-image1_.jpg", "user/angle": 0.0, "user/throttle": 0.0, "pos/x": 30.342262268066406, "pos/y": -4.361581325531006, "pos/z": -75.48240661621094, "rpy/roll": 1.7098066739615083, "rpy/pitch": -3.7190219915284666, "rpy/yaw": 22.146126260104158, "milliseconds": 92576}