{"cam/image1": "701_cam-image1_.jpg", "user/angle": 0.0, "user/throttle": 0.0, "pos/x": 28.459043502807617, "pos/y": -4.5992045402526855, "pos/z": -70.2432861328125, "rpy/roll": -2.182028259919228, "rpy/pitch": -1.7265941028066567, "rpy/yaw": 15.338625586900305, "milliseconds": 88161}