{"cam/image1": "945_cam-image1_.jpg", "user/angle": 0.0, "user/throttle": 0.0, "pos/x": 36.60838317871094, "pos/y": -4.885024547576904, "pos/z": -82.69959259033203, "rpy/roll": 3.8490978839272136, "rpy/pitch": 2.0982608094557027, "rpy/yaw": 51.75007947477628, "milliseconds": 100433}