{"cam/image1": "406_cam-image1_.jpg", "user/angle": 0.0, "user/throttle": 0.0, "pos/x": 22.843128204345703, "pos/y": -3.3071110248565674, "pos/z": -53.773658752441406, "rpy/roll": 0.24497334879652832, "rpy/pitch": 0.8173858181145374, "rpy/yaw": 24.729618661671644, "milliseconds": 73361}