{"cam/image1": "912_cam-image1_.jpg", "user/angle": 0.0, "user/throttle": 0.0, "pos/x": 34.8988037109375, "pos/y": -4.929563522338867, "pos/z": -81.53931427001953, "rpy/roll": -7.492328333050644, "rpy/pitch": 2.4971111859597284, "rpy/yaw": 55.47784341375406, "milliseconds": 98777}