{"cam/image1": "319_cam-image1_.jpg", "user/angle": 0.0, "user/throttle": 0.0, "pos/x": 21.775930404663086, "pos/y": -2.7490949630737305, "pos/z": -50.92332458496094, "rpy/roll": 0.39591332274831015, "rpy/pitch": -14.05351006584794, "rpy/yaw": 29.256262009838494, "milliseconds": 68999}