{"cam/image1": "570_cam-image1_.jpg", "user/angle": 0.0, "user/throttle": 0.0, "pos/x": 26.073917388916016, "pos/y": -4.354673385620117, "pos/z": -61.96622085571289, "rpy/roll": -16.585169279166976, "rpy/pitch": -1.963248569153687, "rpy/yaw": 20.94333541480605, "milliseconds": 81592}