{"cam/image1": "465_cam-image1_.jpg", "user/angle": 0.0, "user/throttle": 0.0, "pos/x": 24.013965606689453, "pos/y": -4.236515045166016, "pos/z": -56.34022521972656, "rpy/roll": -2.7965643959593365, "rpy/pitch": -0.605788962635976, "rpy/yaw": 24.15123824463927, "milliseconds": 76332}