{"cam/image1": "394_cam-image1_.jpg", "user/angle": 0.0, "user/throttle": 0.0, "pos/x": 22.619218826293945, "pos/y": -3.272519111633301, "pos/z": -53.3847770690918, "rpy/roll": 1.7176223438245035, "rpy/pitch": -6.789089979560048, "rpy/yaw": 20.934334289636304, "milliseconds": 72761}