{"cam/image1": "566_cam-image1_.jpg", "user/angle": 0.0, "user/throttle": 0.0, "pos/x": 26.004405975341797, "pos/y": -4.322632312774658, "pos/z": -61.754642486572266, "rpy/roll": -14.851239246021017, "rpy/pitch": -1.2728141073156556, "rpy/yaw": 20.905748227341963, "milliseconds": 81391}