{"cam/image1": "1292_cam-image1_.jpg", "user/angle": 0.0, "user/throttle": 0.0, "pos/x": 50.07846450805664, "pos/y": -8.427665710449219, "pos/z": -95.47655487060547, "rpy/roll": 0.1811577948330761, "rpy/pitch": 0.41096657985739143, "rpy/yaw": 35.5789876284293, "milliseconds": 117837}