{"cam/image1": "1066_cam-image1_.jpg", "user/angle": 0.0, "user/throttle": 0.0, "pos/x": 42.23899841308594, "pos/y": -6.081572532653809, "pos/z": -87.33403015136719, "rpy/roll": 0.12358764780156793, "rpy/pitch": 0.3550194353077275, "rpy/yaw": 37.62125534801698, "milliseconds": 106499}