{"cam/image1": "4_cam-image1_.jpg", "user/angle": 0.0, "user/throttle": 0.0, "pos/x": -0.3590201735496521, "pos/y": -0.14865167438983917, "pos/z": -3.5467405319213867, "rpy/roll": 0.17982749251031896, "rpy/pitch": 5.769233776145569, "rpy/yaw": 5.0995397115080685, "milliseconds": 12398}