{"cam/image1": "539_cam-image1_.jpg", "user/angle": 0.0, "user/throttle": 0.0, "pos/x": 25.47480010986328, "pos/y": -4.15911865234375, "pos/z": -60.294925689697266, "rpy/roll": -15.236878101294693, "rpy/pitch": -0.3542934820861535, "rpy/yaw": 21.50710777711422, "milliseconds": 80046}