{"cam/image1": "529_cam-image1_.jpg", "user/angle": 0.0, "user/throttle": 0.0, "pos/x": 25.32459259033203, "pos/y": -4.1300506591796875, "pos/z": -59.7731819152832, "rpy/roll": -6.733593798152701, "rpy/pitch": 0.8612610064272851, "rpy/yaw": 17.242702885294587, "milliseconds": 79535}