{"cam/image1": "142_cam-image1_.jpg", "user/angle": 0.0, "user/throttle": 0.0, "pos/x": 3.501284122467041, "pos/y": -0.9849687814712524, "pos/z": -19.625377655029297, "rpy/roll": 11.183144846347982, "rpy/pitch": -0.21814183236298337, "rpy/yaw": 25.84242371703467, "milliseconds": 29493}