{"cam/image1": "721_cam-image1_.jpg", "user/angle": 0.0, "user/throttle": 0.0, "pos/x": 28.7823543548584, "pos/y": -4.375488758087158, "pos/z": -71.47317504882812, "rpy/roll": 2.1083947434381356, "rpy/pitch": 1.2040289807701596, "rpy/yaw": 13.382443427371848, "milliseconds": 89166}