{"cam/image1": "205_cam-image1_.jpg", "user/angle": 0.0, "user/throttle": 0.0, "pos/x": 4.65887451171875, "pos/y": -1.1407197713851929, "pos/z": -23.005096435546875, "rpy/roll": 6.27759403243649, "rpy/pitch": 3.2501992067198096, "rpy/yaw": 4.39091674362091, "milliseconds": 32675}