{"cam/image1": "1032_cam-image1_.jpg", "user/angle": 0.0, "user/throttle": 0.0, "pos/x": 40.93708801269531, "pos/y": -5.7783708572387695, "pos/z": -85.9049072265625, "rpy/roll": -9.233328917045363, "rpy/pitch": 1.5160073936610738, "rpy/yaw": 42.72768335343555, "milliseconds": 104794}