{"cam/image1": "138_cam-image1_.jpg", "user/angle": 0.0, "user/throttle": 0.0, "pos/x": 3.396700620651245, "pos/y": -0.9655297994613647, "pos/z": -19.417661666870117, "rpy/roll": 9.991515092655698, "rpy/pitch": -1.0846749107141396, "rpy/yaw": 25.6103314508418, "milliseconds": 29293}