{"cam/image1": "439_cam-image1_.jpg", "user/angle": 0.0, "user/throttle": 0.0, "pos/x": 23.31476593017578, "pos/y": -3.8764989376068115, "pos/z": -55.262786865234375, "rpy/roll": -0.7958616839554958, "rpy/pitch": -0.43108854564510485, "rpy/yaw": 20.50447116304541, "milliseconds": 75021}