{"cam/image1": "1025_cam-image1_.jpg", "user/angle": 0.0, "user/throttle": 0.0, "pos/x": 40.63557434082031, "pos/y": -5.742628574371338, "pos/z": -85.63939666748047, "rpy/roll": -8.940042629770897, "rpy/pitch": 5.3230273070747565, "rpy/yaw": 42.33178283230075, "milliseconds": 104443}