{"cam/image1": "339_cam-image1_.jpg", "user/angle": 0.0, "user/throttle": 0.0, "pos/x": 21.955392837524414, "pos/y": -2.8724071979522705, "pos/z": -51.488441467285156, "rpy/roll": -2.8673920844477587, "rpy/pitch": -13.045876177749363, "rpy/yaw": 23.191252819554677, "milliseconds": 70002}