{"cam/image1": "786_cam-image1_.jpg", "user/angle": 0.0, "user/throttle": 0.0, "pos/x": 30.296472549438477, "pos/y": -4.335557460784912, "pos/z": -75.30060577392578, "rpy/roll": 3.916752222409376, "rpy/pitch": -2.7870405431586227, "rpy/yaw": 23.502617803075033, "milliseconds": 92425}