{"cam/image1": "1217_cam-image1_.jpg", "user/angle": 0.0, "user/throttle": 0.0, "pos/x": 48.7669792175293, "pos/y": -7.031704902648926, "pos/z": -93.35565185546875, "rpy/roll": -10.27870034898159, "rpy/pitch": 12.439578631845107, "rpy/yaw": 48.49772378828975, "milliseconds": 114083}