{"cam/image1": "891_cam-image1_.jpg", "user/angle": 0.0, "user/throttle": 0.0, "pos/x": 33.87712097167969, "pos/y": -4.9884538650512695, "pos/z": -80.72240447998047, "rpy/roll": -5.979249067799103, "rpy/pitch": 1.7913421672286203, "rpy/yaw": 48.880412944061995, "milliseconds": 97724}