{"cam/image1": "926_cam-image1_.jpg", "user/angle": 0.0, "user/throttle": 0.0, "pos/x": 35.56022262573242, "pos/y": -4.880436897277832, "pos/z": -82.05467224121094, "rpy/roll": -8.416212385892146, "rpy/pitch": 3.1254599180893416, "rpy/yaw": 53.41554901552495, "milliseconds": 99479}