{"cam/image1": "382_cam-image1_.jpg", "user/angle": 0.0, "user/throttle": 0.0, "pos/x": 22.426115036010742, "pos/y": -3.148137092590332, "pos/z": -52.8768310546875, "rpy/roll": 3.9113119021741314, "rpy/pitch": -6.169848583872641, "rpy/yaw": 18.387011847070386, "milliseconds": 72158}