{"cam/image1": "852_cam-image1_.jpg", "user/angle": 0.0, "user/throttle": 0.0, "pos/x": 32.328853607177734, "pos/y": -4.76701545715332, "pos/z": -78.81417846679688, "rpy/roll": -3.1012052032798403, "rpy/pitch": 0.18337242574368975, "rpy/yaw": 35.626567861145034, "milliseconds": 95738}