{"cam/image1": "666_cam-image1_.jpg", "user/angle": 0.0, "user/throttle": 0.0, "pos/x": 27.660842895507812, "pos/y": -4.7788615226745605, "pos/z": -67.95081329345703, "rpy/roll": -6.129405704282356, "rpy/pitch": -0.7817928568969478, "rpy/yaw": 20.54067490378107, "milliseconds": 86414}