{"cam/image1": "560_cam-image1_.jpg", "user/angle": 0.0, "user/throttle": 0.0, "pos/x": 25.8752498626709, "pos/y": -4.298999309539795, "pos/z": -61.46501922607422, "rpy/roll": -15.01360853932661, "rpy/pitch": -1.688318417885475, "rpy/yaw": 22.056107654685057, "milliseconds": 81090}