{"cam/image1": "964_cam-image1_.jpg", "user/angle": 0.0, "user/throttle": 0.0, "pos/x": 37.57624053955078, "pos/y": -4.869213581085205, "pos/z": -83.37863159179688, "rpy/roll": 2.9853740004381764, "rpy/pitch": 3.800597147281907, "rpy/yaw": 56.06633107954212, "milliseconds": 101384}