{"cam/image1": "925_cam-image1_.jpg", "user/angle": 0.0, "user/throttle": 0.0, "pos/x": 35.50776290893555, "pos/y": -4.890239715576172, "pos/z": -82.0008544921875, "rpy/roll": -7.245141443512771, "rpy/pitch": 2.3509122899242807, "rpy/yaw": 54.488230665028716, "milliseconds": 99429}