{"cam/image1": "864_cam-image1_.jpg", "user/angle": 0.0, "user/throttle": 0.0, "pos/x": 32.42255401611328, "pos/y": -4.839847564697266, "pos/z": -79.5840072631836, "rpy/roll": -0.5073990699849362, "rpy/pitch": -1.0015553110081943, "rpy/yaw": 36.73582151164115, "milliseconds": 96339}