{"cam/image1": "233_cam-image1_.jpg", "user/angle": 0.0, "user/throttle": 0.0, "pos/x": 8.135345458984375, "pos/y": -1.576154112815857, "pos/z": -33.139671325683594, "rpy/roll": 0.1237899205317666, "rpy/pitch": 1.06571598417619, "rpy/yaw": 49.563077278046656, "milliseconds": 44234}