{"cam/image1": "962_cam-image1_.jpg", "user/angle": 0.0, "user/throttle": 0.0, "pos/x": 37.48445129394531, "pos/y": -4.87698221206665, "pos/z": -83.31060028076172, "rpy/roll": 3.2409172112232794, "rpy/pitch": 3.169796689701367, "rpy/yaw": 55.167779944845805, "milliseconds": 101284}