{"cam/image1": "162_cam-image1_.jpg", "user/angle": 0.0, "user/throttle": 0.0, "pos/x": 3.95793080329895, "pos/y": -1.0438342094421387, "pos/z": -20.643104553222656, "rpy/roll": 8.57223427378972, "rpy/pitch": 0.6502949039453209, "rpy/yaw": 21.99550401814144, "milliseconds": 30496}