{"cam/image1": "710_cam-image1_.jpg", "user/angle": 0.0, "user/throttle": 0.0, "pos/x": 28.630163192749023, "pos/y": -4.408801078796387, "pos/z": -70.8095703125, "rpy/roll": -0.7660664866363199, "rpy/pitch": 0.6762597771339033, "rpy/yaw": 14.262308523640822, "milliseconds": 88612}