{"cam/image1": "610_cam-image1_.jpg", "user/angle": 0.0, "user/throttle": 0.0, "pos/x": 26.732723236083984, "pos/y": -4.501525402069092, "pos/z": -64.30504608154297, "rpy/roll": -5.686890918438638, "rpy/pitch": -2.253465657803891, "rpy/yaw": 17.554049248048447, "milliseconds": 83597}