{"cam/image1": "441_cam-image1_.jpg", "user/angle": 0.0, "user/throttle": 0.0, "pos/x": 23.350704193115234, "pos/y": -3.9043917655944824, "pos/z": -55.341678619384766, "rpy/roll": -0.8591376529159924, "rpy/pitch": 1.6111742749278453, "rpy/yaw": 20.847653488660438, "milliseconds": 75121}