{"cam/image1": "147_cam-image1_.jpg", "user/angle": 0.0, "user/throttle": 0.0, "pos/x": 3.6354944705963135, "pos/y": -0.9888148903846741, "pos/z": -19.894916534423828, "rpy/roll": 12.934754029774028, "rpy/pitch": 0.5907749079000753, "rpy/yaw": 24.625254685737715, "milliseconds": 29744}