{"cam/image1": "741_cam-image1_.jpg", "user/angle": 0.0, "user/throttle": 0.0, "pos/x": 29.149240493774414, "pos/y": -4.32000207901001, "pos/z": -72.6859359741211, "rpy/roll": 8.979941542225589, "rpy/pitch": -3.526776672410558, "rpy/yaw": 11.438740454962518, "milliseconds": 90169}