{"cam/image1": "980_cam-image1_.jpg", "user/angle": 0.0, "user/throttle": 0.0, "pos/x": 38.41499328613281, "pos/y": -4.961494445800781, "pos/z": -83.94003295898438, "rpy/roll": 1.6792725382531188, "rpy/pitch": 1.2294843514649858, "rpy/yaw": 56.643211984768506, "milliseconds": 102185}