{"cam/image1": "608_cam-image1_.jpg", "user/angle": 0.0, "user/throttle": 0.0, "pos/x": 26.714447021484375, "pos/y": -4.50874662399292, "pos/z": -64.18388366699219, "rpy/roll": -4.526574033358277, "rpy/pitch": -1.8288654393743238, "rpy/yaw": 18.707734976470107, "milliseconds": 83497}