{"cam/image1": "1230_cam-image1_.jpg", "user/angle": 0.0, "user/throttle": 0.0, "pos/x": 48.78002166748047, "pos/y": -7.230907440185547, "pos/z": -93.94415283203125, "rpy/roll": -14.595582944063702, "rpy/pitch": -1.6873182210661328, "rpy/yaw": 20.58511746453046, "milliseconds": 114729}