{"cam/image1": "1194_cam-image1_.jpg", "user/angle": 0.0, "user/throttle": 0.0, "pos/x": 47.845703125, "pos/y": -6.87860107421875, "pos/z": -93.12298583984375, "rpy/roll": -9.703995891353678, "rpy/pitch": 3.029790915689714, "rpy/yaw": 44.830045767188786, "milliseconds": 112924}