{"cam/image1": "302_cam-image1_.jpg", "user/angle": 0.0, "user/throttle": 0.0, "pos/x": 21.52396583557129, "pos/y": -2.676771402359009, "pos/z": -50.63650131225586, "rpy/roll": -2.760361590453119, "rpy/pitch": -20.35914268028203, "rpy/yaw": 39.44329177051137, "milliseconds": 68146}