{"cam/image1": "164_cam-image1_.jpg", "user/angle": 0.0, "user/throttle": 0.0, "pos/x": 4.015794277191162, "pos/y": -1.0570902824401855, "pos/z": -20.746912002563477, "rpy/roll": 9.2630581766447, "rpy/pitch": 0.6282594047004672, "rpy/yaw": 23.199920097264048, "milliseconds": 30596}