{"cam/image1": "290_cam-image1_.jpg", "user/angle": 0.0, "user/throttle": 0.0, "pos/x": 14.234037399291992, "pos/y": -2.2986207008361816, "pos/z": -45.6637077331543, "rpy/roll": 7.95047402698892, "rpy/pitch": 5.188946673106084, "rpy/yaw": 40.35097631971588, "milliseconds": 57270}