{"cam/image1": "976_cam-image1_.jpg", "user/angle": 0.0, "user/throttle": 0.0, "pos/x": 38.187774658203125, "pos/y": -4.936591625213623, "pos/z": -83.81014251708984, "rpy/roll": 1.1676641636724314, "rpy/pitch": 1.3615725015688895, "rpy/yaw": 56.709696114859454, "milliseconds": 101985}