{"cam/image1": "1005_cam-image1_.jpg", "user/angle": 0.0, "user/throttle": 0.0, "pos/x": 39.7327995300293, "pos/y": -5.324224948883057, "pos/z": -84.82479095458984, "rpy/roll": -7.675760833168844, "rpy/pitch": 5.081877787840238, "rpy/yaw": 52.830848383790816, "milliseconds": 103440}