{"cam/image1": "799_cam-image1_.jpg", "user/angle": 0.0, "user/throttle": 0.0, "pos/x": 30.53738784790039, "pos/y": -4.357890605926514, "pos/z": -76.10848999023438, "rpy/roll": -11.52206106136346, "rpy/pitch": -2.296436351208843, "rpy/yaw": 22.027728033258658, "milliseconds": 93078}