{"cam/image1": "424_cam-image1_.jpg", "user/angle": 0.0, "user/throttle": 0.0, "pos/x": 23.035642623901367, "pos/y": -3.502293825149536, "pos/z": -54.56037902832031, "rpy/roll": -4.703996628221773, "rpy/pitch": 0.06413175866655407, "rpy/yaw": 23.088694018528493, "milliseconds": 74271}