{"cam/image1": "344_cam-image1_.jpg", "user/angle": 0.0, "user/throttle": 0.0, "pos/x": 21.995990753173828, "pos/y": -2.887638807296753, "pos/z": -51.66549301147461, "rpy/roll": -3.1098608192763306, "rpy/pitch": -10.101870727915804, "rpy/yaw": 20.35339755353486, "milliseconds": 70254}