{"cam/image1": "1073_cam-image1_.jpg", "user/angle": 0.0, "user/throttle": 0.0, "pos/x": 42.53916549682617, "pos/y": -6.252507209777832, "pos/z": -87.63988494873047, "rpy/roll": 0.5052769167342703, "rpy/pitch": 1.1379470539719376, "rpy/yaw": 36.77758590805956, "milliseconds": 106850}