{"cam/image1": "1251_cam-image1_.jpg", "user/angle": 0.0, "user/throttle": 0.0, "pos/x": 48.89577102661133, "pos/y": -7.567183971405029, "pos/z": -94.5166244506836, "rpy/roll": -3.3934611075554932, "rpy/pitch": 4.80118516196848, "rpy/yaw": 18.598470964527376, "milliseconds": 115781}