{"cam/image1": "1067_cam-image1_.jpg", "user/angle": 0.0, "user/throttle": 0.0, "pos/x": 42.2796630859375, "pos/y": -6.1006622314453125, "pos/z": -87.39000701904297, "rpy/roll": -0.07504804921994618, "rpy/pitch": 0.6373955456120322, "rpy/yaw": 37.29226898091047, "milliseconds": 106548}