{"cam/image1": "833_cam-image1_.jpg", "user/angle": 0.0, "user/throttle": 0.0, "pos/x": 31.82798194885254, "pos/y": -4.700761795043945, "pos/z": -77.83907318115234, "rpy/roll": -8.721488323543596, "rpy/pitch": 0.6328250620833398, "rpy/yaw": 35.203666286814084, "milliseconds": 94783}