{"cam/image1": "1095_cam-image1_.jpg", "user/angle": 0.0, "user/throttle": 0.0, "pos/x": 43.48106384277344, "pos/y": -6.381392955780029, "pos/z": -88.55906677246094, "rpy/roll": 3.3748733683714534, "rpy/pitch": 3.0909495960388664, "rpy/yaw": 38.56772535101575, "milliseconds": 107956}