{"cam/image1": "479_cam-image1_.jpg", "user/angle": 0.0, "user/throttle": 0.0, "pos/x": 24.253355026245117, "pos/y": -4.3239641189575195, "pos/z": -57.10260009765625, "rpy/roll": -0.5494503174401041, "rpy/pitch": 0.5535465923010014, "rpy/yaw": 22.301356191697156, "milliseconds": 77028}