{"cam/image1": "1049_cam-image1_.jpg", "user/angle": 0.0, "user/throttle": 0.0, "pos/x": 41.64939498901367, "pos/y": -5.982990264892578, "pos/z": -86.59335327148438, "rpy/roll": -0.5757593190753789, "rpy/pitch": 3.9472708775162766, "rpy/yaw": 40.448539664292035, "milliseconds": 105645}