{"cam/image1": "298_cam-image1_.jpg", "user/angle": 0.0, "user/throttle": 0.0, "pos/x": 21.4755916595459, "pos/y": -2.6828174591064453, "pos/z": -50.54999542236328, "rpy/roll": 1.7059336344155498, "rpy/pitch": -23.082052001166836, "rpy/yaw": 39.256676114310295, "milliseconds": 67944}