{"cam/image1": "679_cam-image1_.jpg", "user/angle": 0.0, "user/throttle": 0.0, "pos/x": 27.99787712097168, "pos/y": -4.7677764892578125, "pos/z": -68.73881530761719, "rpy/roll": -10.513241381343855, "rpy/pitch": 2.1867711623835357, "rpy/yaw": 24.29487795334654, "milliseconds": 87057}