{"cam/image1": "1155_cam-image1_.jpg", "user/angle": 0.0, "user/throttle": 0.0, "pos/x": 45.9842643737793, "pos/y": -6.60317850112915, "pos/z": -91.27764892578125, "rpy/roll": 1.0471596091951156, "rpy/pitch": -0.5565142794765313, "rpy/yaw": 47.63202903100385, "milliseconds": 110965}