{"cam/image1": "434_cam-image1_.jpg", "user/angle": 0.0, "user/throttle": 0.0, "pos/x": 23.265499114990234, "pos/y": -3.723412275314331, "pos/z": -55.01805877685547, "rpy/roll": 0.1983508307884621, "rpy/pitch": 0.3905309025564252, "rpy/yaw": 20.842492852686444, "milliseconds": 74772}