{"cam/image1": "488_cam-image1_.jpg", "user/angle": 0.0, "user/throttle": 0.0, "pos/x": 24.44968032836914, "pos/y": -4.227114200592041, "pos/z": -57.619075775146484, "rpy/roll": 0.34882672541257154, "rpy/pitch": 0.09250278126410659, "rpy/yaw": 25.067168083778185, "milliseconds": 77480}