{"cam/image1": "242_cam-image1_.jpg", "user/angle": 0.0, "user/throttle": 0.0, "pos/x": 8.477025985717773, "pos/y": -1.599908709526062, "pos/z": -33.47066116333008, "rpy/roll": -0.22682812415072348, "rpy/pitch": 2.525720336024353, "rpy/yaw": 48.81085575718007, "milliseconds": 44677}