{"cam/image1": "588_cam-image1_.jpg", "user/angle": 0.0, "user/throttle": 0.0, "pos/x": 26.432279586791992, "pos/y": -4.453678131103516, "pos/z": -62.97203063964844, "rpy/roll": -2.436079650348246, "rpy/pitch": -2.9009143422726265, "rpy/yaw": 9.780027095113395, "milliseconds": 82494}