{"cam/image1": "1219_cam-image1_.jpg", "user/angle": 0.0, "user/throttle": 0.0, "pos/x": 48.77692413330078, "pos/y": -7.004083633422852, "pos/z": -93.43455505371094, "rpy/roll": -3.520643927622043, "rpy/pitch": 10.719250090085222, "rpy/yaw": 43.46820881113523, "milliseconds": 114177}