{"cam/image1": "455_cam-image1_.jpg", "user/angle": 0.0, "user/throttle": 0.0, "pos/x": 23.786720275878906, "pos/y": -4.2068281173706055, "pos/z": -55.8405647277832, "rpy/roll": 0.48115032686223486, "rpy/pitch": 1.0792018143474493, "rpy/yaw": 26.155781889087343, "milliseconds": 75825}