{"cam/image1": "1044_cam-image1_.jpg", "user/angle": 0.0, "user/throttle": 0.0, "pos/x": 41.44292449951172, "pos/y": -5.841943740844727, "pos/z": -86.36341857910156, "rpy/roll": -1.351120647685517, "rpy/pitch": 2.440380157191689, "rpy/yaw": 41.377751901353015, "milliseconds": 105396}