{"cam/image1": "158_cam-image1_.jpg", "user/angle": 0.0, "user/throttle": 0.0, "pos/x": 3.868482828140259, "pos/y": -0.993887186050415, "pos/z": -20.440746307373047, "rpy/roll": 11.379319306451938, "rpy/pitch": 1.1180195695155457, "rpy/yaw": 22.165635531276415, "milliseconds": 30296}