{"cam/image1": "1260_cam-image1_.jpg", "user/angle": 0.0, "user/throttle": 0.0, "pos/x": 49.06742477416992, "pos/y": -7.692047595977783, "pos/z": -94.71675872802734, "rpy/roll": 2.686953567982363, "rpy/pitch": 3.440340958652138, "rpy/yaw": 30.207911263181803, "milliseconds": 116233}