{"cam/image1": "559_cam-image1_.jpg", "user/angle": 0.0, "user/throttle": 0.0, "pos/x": 25.85972785949707, "pos/y": -4.29797887802124, "pos/z": -61.43161392211914, "rpy/roll": -14.898698587511305, "rpy/pitch": -1.8876447427194516, "rpy/yaw": 21.592618892134706, "milliseconds": 81041}