{"cam/image1": "783_cam-image1_.jpg", "user/angle": 0.0, "user/throttle": 0.0, "pos/x": 30.221723556518555, "pos/y": -4.304205417633057, "pos/z": -75.13580322265625, "rpy/roll": 3.2774632019091405, "rpy/pitch": -1.6714604562726367, "rpy/yaw": 25.608949653160366, "milliseconds": 92275}