{"cam/image1": "323_cam-image1_.jpg", "user/angle": 0.0, "user/throttle": 0.0, "pos/x": 21.80280113220215, "pos/y": -2.7600443363189697, "pos/z": -50.990074157714844, "rpy/roll": 1.8858435861470888, "rpy/pitch": -10.650245938207114, "rpy/yaw": 26.682560775471156, "milliseconds": 69199}