{"cam/image1": "1093_cam-image1_.jpg", "user/angle": 0.0, "user/throttle": 0.0, "pos/x": 43.439231872558594, "pos/y": -6.407497406005859, "pos/z": -88.45698547363281, "rpy/roll": 3.712044746091239, "rpy/pitch": 2.179441314869526, "rpy/yaw": 37.89639759625653, "milliseconds": 107855}