{"cam/image1": "954_cam-image1_.jpg", "user/angle": 0.0, "user/throttle": 0.0, "pos/x": 37.11492156982422, "pos/y": -4.873966693878174, "pos/z": -83.01663208007812, "rpy/roll": 2.592911435616933, "rpy/pitch": 2.9323201464845647, "rpy/yaw": 53.585227299847894, "milliseconds": 100882}