{"cam/image1": "428_cam-image1_.jpg", "user/angle": 0.0, "user/throttle": 0.0, "pos/x": 23.126815795898438, "pos/y": -3.5820536613464355, "pos/z": -54.73094940185547, "rpy/roll": -1.9965775748025243, "rpy/pitch": 1.0504448615074005, "rpy/yaw": 22.302362140155928, "milliseconds": 74471}