{"cam/image1": "343_cam-image1_.jpg", "user/angle": 0.0, "user/throttle": 0.0, "pos/x": 21.985370635986328, "pos/y": -2.884098529815674, "pos/z": -51.61533737182617, "rpy/roll": -3.537358182132801, "rpy/pitch": -10.063987888995786, "rpy/yaw": 21.237326878660202, "milliseconds": 70203}