{"cam/image1": "826_cam-image1_.jpg", "user/angle": 0.0, "user/throttle": 0.0, "pos/x": 31.567590713500977, "pos/y": -4.579487323760986, "pos/z": -77.50225067138672, "rpy/roll": -10.552046770021027, "rpy/pitch": -1.8432761532105184, "rpy/yaw": 39.50989190043213, "milliseconds": 94434}