{"cam/image1": "1022_cam-image1_.jpg", "user/angle": 0.0, "user/throttle": 0.0, "pos/x": 40.51923751831055, "pos/y": -5.712716102600098, "pos/z": -85.46632385253906, "rpy/roll": -1.8495965703842268, "rpy/pitch": 1.2628591873607646, "rpy/yaw": 43.93537867179957, "milliseconds": 104301}