{"cam/image1": "871_cam-image1_.jpg", "user/angle": 0.0, "user/throttle": 0.0, "pos/x": 32.94944381713867, "pos/y": -4.957279205322266, "pos/z": -79.77336883544922, "rpy/roll": -2.4712820368952895, "rpy/pitch": 0.5968539847388419, "rpy/yaw": 40.74373021553881, "milliseconds": 96699}