{"cam/image1": "121_cam-image1_.jpg", "user/angle": 0.0, "user/throttle": 0.0, "pos/x": 2.9063563346862793, "pos/y": -0.9323810338973999, "pos/z": -18.4979190826416, "rpy/roll": 5.697003660130697, "rpy/pitch": 3.8137823229804413, "rpy/yaw": 25.21975468311703, "milliseconds": 28441}