{"cam/image1": "409_cam-image1_.jpg", "user/angle": 0.0, "user/throttle": 0.0, "pos/x": 22.837249755859375, "pos/y": -3.4006927013397217, "pos/z": -53.95005416870117, "rpy/roll": 1.425540618544111, "rpy/pitch": -0.2797861686992962, "rpy/yaw": 21.7520163280079, "milliseconds": 73512}