{"cam/image1": "1060_cam-image1_.jpg", "user/angle": 0.0, "user/throttle": 0.0, "pos/x": 42.038597106933594, "pos/y": -6.021181106567383, "pos/z": -87.0595703125, "rpy/roll": 1.9002677666296055, "rpy/pitch": 1.7138271548710957, "rpy/yaw": 38.22184151080217, "milliseconds": 106203}