{"cam/image1": "1104_cam-image1_.jpg", "user/angle": 0.0, "user/throttle": 0.0, "pos/x": 43.85287857055664, "pos/y": -6.386054039001465, "pos/z": -88.95520782470703, "rpy/roll": 7.164550655311337, "rpy/pitch": 3.075623112339275, "rpy/yaw": 38.59176635031492, "milliseconds": 108407}