{"cam/image1": "867_cam-image1_.jpg", "user/angle": 0.0, "user/throttle": 0.0, "pos/x": 32.78657531738281, "pos/y": -4.910812854766846, "pos/z": -79.5811767578125, "rpy/roll": -1.6456216274236286, "rpy/pitch": -0.48056294961377405, "rpy/yaw": 38.37042864601365, "milliseconds": 96492}