{"cam/image1": "166_cam-image1_.jpg", "user/angle": 0.0, "user/throttle": 0.0, "pos/x": 4.0680646896362305, "pos/y": -1.0735971927642822, "pos/z": -20.855449676513672, "rpy/roll": 7.6810358404239, "rpy/pitch": 1.4395623848076966, "rpy/yaw": 23.24910851343939, "milliseconds": 30697}