{"cam/image1": "810_cam-image1_.jpg", "user/angle": 0.0, "user/throttle": 0.0, "pos/x": 30.944141387939453, "pos/y": -4.413217067718506, "pos/z": -76.67362213134766, "rpy/roll": -5.8184458777072905, "rpy/pitch": -4.397064117570493, "rpy/yaw": 26.430782817194263, "milliseconds": 93630}