{"cam/image1": "94_cam-image1_.jpg", "user/angle": 0.0, "user/throttle": 0.0, "pos/x": 2.075265884399414, "pos/y": -0.7651151418685913, "pos/z": -17.07571029663086, "rpy/roll": -1.971218609476907, "rpy/pitch": 3.8567222209265637, "rpy/yaw": 24.935925283045815, "milliseconds": 27085}