{"cam/image1": "899_cam-image1_.jpg", "user/angle": 0.0, "user/throttle": 0.0, "pos/x": 34.23851776123047, "pos/y": -4.911718368530273, "pos/z": -81.02326965332031, "rpy/roll": -2.933979445994837, "rpy/pitch": 2.497994170376969, "rpy/yaw": 49.325060122620755, "milliseconds": 98125}