{"cam/image1": "1203_cam-image1_.jpg", "user/angle": 0.0, "user/throttle": 0.0, "pos/x": 48.15761947631836, "pos/y": -6.955962181091309, "pos/z": -93.51712799072266, "rpy/roll": -17.663928996283865, "rpy/pitch": 3.780851439987256, "rpy/yaw": 55.6485693650325, "milliseconds": 113377}