{"cam/image1": "575_cam-image1_.jpg", "user/angle": 0.0, "user/throttle": 0.0, "pos/x": 26.166763305664062, "pos/y": -4.4281110763549805, "pos/z": -62.27234649658203, "rpy/roll": -17.36468169967276, "rpy/pitch": -2.4456959542672405, "rpy/yaw": 18.700482698904004, "milliseconds": 81848}