{"cam/image1": "331_cam-image1_.jpg", "user/angle": 0.0, "user/throttle": 0.0, "pos/x": 21.896469116210938, "pos/y": -2.804210662841797, "pos/z": -51.221214294433594, "rpy/roll": -0.7901124470300234, "rpy/pitch": -11.291427541026493, "rpy/yaw": 24.729238911860648, "milliseconds": 69606}