{"cam/image1": "896_cam-image1_.jpg", "user/angle": 0.0, "user/throttle": 0.0, "pos/x": 34.12322235107422, "pos/y": -4.939426422119141, "pos/z": -80.92225646972656, "rpy/roll": -4.864257632394548, "rpy/pitch": 2.0401928749964227, "rpy/yaw": 50.37645749425418, "milliseconds": 97974}