{"cam/image1": "401_cam-image1_.jpg", "user/angle": 0.0, "user/throttle": 0.0, "pos/x": 22.798398971557617, "pos/y": -3.238070249557495, "pos/z": -53.61011505126953, "rpy/roll": -1.7194556213637588, "rpy/pitch": -2.315470160209845, "rpy/yaw": 26.579076783572397, "milliseconds": 73110}