{"cam/image1": "683_cam-image1_.jpg", "user/angle": 0.0, "user/throttle": 0.0, "pos/x": 28.1025447845459, "pos/y": -4.692266941070557, "pos/z": -69.00175476074219, "rpy/roll": -9.620844226922465, "rpy/pitch": 1.4018476549047096, "rpy/yaw": 23.161008454791965, "milliseconds": 87267}