{"cam/image1": "1008_cam-image1_.jpg", "user/angle": 0.0, "user/throttle": 0.0, "pos/x": 39.88256072998047, "pos/y": -5.536980628967285, "pos/z": -84.88554382324219, "rpy/roll": -7.8344714096631485, "rpy/pitch": 5.369540977225789, "rpy/yaw": 53.22954440618869, "milliseconds": 103590}