{"cam/image1": "769_cam-image1_.jpg", "user/angle": 0.0, "user/throttle": 0.0, "pos/x": 29.766582489013672, "pos/y": -4.204244136810303, "pos/z": -74.40253448486328, "rpy/roll": 1.6549529380170036, "rpy/pitch": -2.6921931384806053, "rpy/yaw": 22.78569320250302, "milliseconds": 91573}