{"cam/image1": "1151_cam-image1_.jpg", "user/angle": 0.0, "user/throttle": 0.0, "pos/x": 45.78953170776367, "pos/y": -6.538316249847412, "pos/z": -91.12210083007812, "rpy/roll": 4.474245662563875, "rpy/pitch": -0.8134725974053185, "rpy/yaw": 44.59712155987138, "milliseconds": 110764}