{"cam/image1": "740_cam-image1_.jpg", "user/angle": 0.0, "user/throttle": 0.0, "pos/x": 29.141727447509766, "pos/y": -4.309844017028809, "pos/z": -72.64753723144531, "rpy/roll": 9.587013716197989, "rpy/pitch": -3.6125664157362207, "rpy/yaw": 11.531036928065427, "milliseconds": 90121}