{"cam/image1": "1122_cam-image1_.jpg", "user/angle": 0.0, "user/throttle": 0.0, "pos/x": 44.548892974853516, "pos/y": -6.442895412445068, "pos/z": -89.74568176269531, "rpy/roll": 6.07231128345649, "rpy/pitch": 0.718921024183858, "rpy/yaw": 40.047963501848066, "milliseconds": 109311}