{"cam/image1": "124_cam-image1_.jpg", "user/angle": 0.0, "user/throttle": 0.0, "pos/x": 2.9775373935699463, "pos/y": -0.9252572059631348, "pos/z": -18.643709182739258, "rpy/roll": 5.665763575299781, "rpy/pitch": 1.482030968695741, "rpy/yaw": 24.115947712173405, "milliseconds": 28607}