{"cam/image1": "1271_cam-image1_.jpg", "user/angle": 0.0, "user/throttle": 0.0, "pos/x": 49.355438232421875, "pos/y": -7.922537803649902, "pos/z": -94.93143463134766, "rpy/roll": 2.825852891193493, "rpy/pitch": 1.945349804572661, "rpy/yaw": 46.18365143841003, "milliseconds": 116784}