{"cam/image1": "506_cam-image1_.jpg", "user/angle": 0.0, "user/throttle": 0.0, "pos/x": 24.842586517333984, "pos/y": -4.076467514038086, "pos/z": -58.576419830322266, "rpy/roll": -2.111280253168616, "rpy/pitch": 1.1617872247715524, "rpy/yaw": 22.328988406707886, "milliseconds": 78382}