{"cam/image1": "294_cam-image1_.jpg", "user/angle": 0.0, "user/throttle": 0.0, "pos/x": 14.428492546081543, "pos/y": -2.3015589714050293, "pos/z": -45.831512451171875, "rpy/roll": 13.629702655037555, "rpy/pitch": 2.705865990123279, "rpy/yaw": 41.61789350643824, "milliseconds": 67781}