{"cam/image1": "1233_cam-image1_.jpg", "user/angle": 0.0, "user/throttle": 0.0, "pos/x": 48.84039306640625, "pos/y": -7.2479681968688965, "pos/z": -94.02523040771484, "rpy/roll": -15.344949868163658, "rpy/pitch": 0.551851704231325, "rpy/yaw": 15.882873166155807, "milliseconds": 114880}