{"cam/image1": "766_cam-image1_.jpg", "user/angle": 0.0, "user/throttle": 0.0, "pos/x": 29.68770408630371, "pos/y": -4.2011213302612305, "pos/z": -74.2130126953125, "rpy/roll": 7.600856074071704, "rpy/pitch": -1.799642356172781, "rpy/yaw": 19.093551032318878, "milliseconds": 91422}