{"cam/image1": "1299_cam-image1_.jpg", "user/angle": 0.0, "user/throttle": 0.0, "pos/x": 57.066444396972656, "pos/y": -8.756670951843262, "pos/z": -104.6741943359375, "rpy/roll": 0.6482517472265575, "rpy/pitch": 3.5826542904136707, "rpy/yaw": 39.34012675181051, "milliseconds": 128259}