{"cam/image1": "670_cam-image1_.jpg", "user/angle": 0.0, "user/throttle": 0.0, "pos/x": 27.746599197387695, "pos/y": -4.791881084442139, "pos/z": -68.21307373046875, "rpy/roll": -7.260010508169948, "rpy/pitch": 0.2760849788503609, "rpy/yaw": 22.842266275464862, "milliseconds": 86605}