{"cam/image1": "1161_cam-image1_.jpg", "user/angle": 0.0, "user/throttle": 0.0, "pos/x": 46.28754806518555, "pos/y": -6.623547077178955, "pos/z": -91.54190063476562, "rpy/roll": 1.9568849269703656, "rpy/pitch": 0.466713006594753, "rpy/yaw": 44.84642651605651, "milliseconds": 111266}