{"cam/image1": "215_cam-image1_.jpg", "user/angle": 0.0, "user/throttle": 0.0, "pos/x": 4.711402893066406, "pos/y": -1.1044265031814575, "pos/z": -23.497549057006836, "rpy/roll": 7.825066717348154, "rpy/pitch": 4.102104566263756, "rpy/yaw": 5.354319167803962, "milliseconds": 33153}