{"cam/image1": "1148_cam-image1_.jpg", "user/angle": 0.0, "user/throttle": 0.0, "pos/x": 45.639095306396484, "pos/y": -6.51656436920166, "pos/z": -91.01365661621094, "rpy/roll": 5.903933674819736, "rpy/pitch": -1.949651494737474, "rpy/yaw": 40.28549640400626, "milliseconds": 110613}