{"cam/image1": "234_cam-image1_.jpg", "user/angle": 0.0, "user/throttle": 0.0, "pos/x": 8.189610481262207, "pos/y": -1.5801548957824707, "pos/z": -33.16829299926758, "rpy/roll": 3.645617397707251, "rpy/pitch": 0.5311155491275859, "rpy/yaw": 49.43912564575096, "milliseconds": 44276}