{"cam/image1": "203_cam-image1_.jpg", "user/angle": 0.0, "user/throttle": 0.0, "pos/x": 4.646213531494141, "pos/y": -1.1375139951705933, "pos/z": -22.91796112060547, "rpy/roll": 6.049505632055162, "rpy/pitch": 2.250255548371623, "rpy/yaw": 5.126050914783882, "milliseconds": 32566}