{"cam/image1": "1111_cam-image1_.jpg", "user/angle": 0.0, "user/throttle": 0.0, "pos/x": 44.13423156738281, "pos/y": -6.407773494720459, "pos/z": -89.24109649658203, "rpy/roll": 8.24119901160701, "rpy/pitch": 1.9190117684312462, "rpy/yaw": 39.06861964643651, "milliseconds": 108765}