{"cam/image1": "143_cam-image1_.jpg", "user/angle": 0.0, "user/throttle": 0.0, "pos/x": 3.533468246459961, "pos/y": -0.9838655591011047, "pos/z": -19.687726974487305, "rpy/roll": 11.664876964437394, "rpy/pitch": 0.9260466090357223, "rpy/yaw": 26.45515788561224, "milliseconds": 29545}