{"cam/image1": "628_cam-image1_.jpg", "user/angle": 0.0, "user/throttle": 0.0, "pos/x": 26.91737174987793, "pos/y": -4.802443027496338, "pos/z": -65.47747039794922, "rpy/roll": 0.21648961527081784, "rpy/pitch": 0.4569645018773841, "rpy/yaw": 14.364981886443053, "milliseconds": 84501}