{"cam/image1": "552_cam-image1_.jpg", "user/angle": 0.0, "user/throttle": 0.0, "pos/x": 25.721649169921875, "pos/y": -4.267578125, "pos/z": -61.03779220581055, "rpy/roll": -8.777063418189275, "rpy/pitch": -1.554687206407321, "rpy/yaw": 13.261634291689747, "milliseconds": 80688}