{"cam/image1": "1268_cam-image1_.jpg", "user/angle": 0.0, "user/throttle": 0.0, "pos/x": 49.31439208984375, "pos/y": -7.76462984085083, "pos/z": -94.84268951416016, "rpy/roll": 2.0215048155393225, "rpy/pitch": 2.3296531756453236, "rpy/yaw": 42.11488032939982, "milliseconds": 116635}