{"cam/image1": "1105_cam-image1_.jpg", "user/angle": 0.0, "user/throttle": 0.0, "pos/x": 43.89157485961914, "pos/y": -6.390557289123535, "pos/z": -88.9867935180664, "rpy/roll": 7.0462201573208025, "rpy/pitch": 2.518574389066576, "rpy/yaw": 38.38519869333931, "milliseconds": 108458}