{"cam/image1": "47_cam-image1_.jpg", "user/angle": 0.0, "user/throttle": 0.0, "pos/x": 1.1642686128616333, "pos/y": -0.6945545077323914, "pos/z": -14.664946556091309, "rpy/roll": 2.4384343679111193, "rpy/pitch": 1.2687326589599257, "rpy/yaw": 14.186904461067181, "milliseconds": 24721}