{"cam/image1": "163_cam-image1_.jpg", "user/angle": 0.0, "user/throttle": 0.0, "pos/x": 4.001229286193848, "pos/y": -1.0518854856491089, "pos/z": -20.71575927734375, "rpy/roll": 9.287559022082977, "rpy/pitch": 0.7996050937576353, "rpy/yaw": 22.736740696451484, "milliseconds": 30553}