{"cam/image1": "373_cam-image1_.jpg", "user/angle": 0.0, "user/throttle": 0.0, "pos/x": 22.314855575561523, "pos/y": -3.0875308513641357, "pos/z": -52.58936309814453, "rpy/roll": 1.488791948684014, "rpy/pitch": -6.954277351067153, "rpy/yaw": 17.640422780978394, "milliseconds": 71707}