{"cam/image1": "1033_cam-image1_.jpg", "user/angle": 0.0, "user/throttle": 0.0, "pos/x": 41.00640869140625, "pos/y": -5.7699055671691895, "pos/z": -85.96199035644531, "rpy/roll": -7.568750095202067, "rpy/pitch": 0.7023214506974812, "rpy/yaw": 41.697806899795424, "milliseconds": 104844}