{"cam/image1": "1000_cam-image1_.jpg", "user/angle": 0.0, "user/throttle": 0.0, "pos/x": 39.38010025024414, "pos/y": -5.0581769943237305, "pos/z": -84.71500396728516, "rpy/roll": -3.863442079982999, "rpy/pitch": 3.0128173874353323, "rpy/yaw": 54.42003344955445, "milliseconds": 103189}