{"cam/image1": "1312_cam-image1_.jpg", "user/angle": 0.0, "user/throttle": 0.0, "pos/x": 57.60602951049805, "pos/y": -8.755741119384766, "pos/z": -105.29229736328125, "rpy/roll": -6.348825529868281, "rpy/pitch": 3.64033202586845, "rpy/yaw": 46.0582018173796, "milliseconds": 128915}