{"cam/image1": "135_cam-image1_.jpg", "user/angle": 0.0, "user/throttle": 0.0, "pos/x": 3.3180179595947266, "pos/y": -0.9626038074493408, "pos/z": -19.273029327392578, "rpy/roll": 8.172747893140135, "rpy/pitch": -2.1470638721057203, "rpy/yaw": 24.998293025371336, "milliseconds": 29143}