{"cam/image1": "238_cam-image1_.jpg", "user/angle": 0.0, "user/throttle": 0.0, "pos/x": 8.339620590209961, "pos/y": -1.585432767868042, "pos/z": -33.2932243347168, "rpy/roll": 4.4724345553991105, "rpy/pitch": 2.9481820040079056, "rpy/yaw": 49.43497909899908, "milliseconds": 44477}