{"cam/image1": "1017_cam-image1_.jpg", "user/angle": 0.0, "user/throttle": 0.0, "pos/x": 40.34712600708008, "pos/y": -5.661862373352051, "pos/z": -85.234375, "rpy/roll": -2.0776205855588903, "rpy/pitch": 1.8798723932804253, "rpy/yaw": 49.52412801300123, "milliseconds": 104041}