{"cam/image1": "8_cam-image1_.jpg", "user/angle": 0.0, "user/throttle": 0.0, "pos/x": -0.35688212513923645, "pos/y": -0.15451088547706604, "pos/z": -3.7646639347076416, "rpy/roll": -1.8382449528028382, "rpy/pitch": 3.281211228250139, "rpy/yaw": 4.237509231603464, "milliseconds": 12606}