{"cam/image1": "235_cam-image1_.jpg", "user/angle": 0.0, "user/throttle": 0.0, "pos/x": 8.216119766235352, "pos/y": -1.5849696397781372, "pos/z": -33.1860237121582, "rpy/roll": 4.908719923439388, "rpy/pitch": 1.1003738106251642, "rpy/yaw": 49.08702008184127, "milliseconds": 44335}