{"cam/image1": "447_cam-image1_.jpg", "user/angle": 0.0, "user/throttle": 0.0, "pos/x": 23.591463088989258, "pos/y": -4.201579570770264, "pos/z": -55.52883529663086, "rpy/roll": -3.7408591571482597, "rpy/pitch": 0.983092906020406, "rpy/yaw": 25.42179460978683, "milliseconds": 75423}