{"cam/image1": "454_cam-image1_.jpg", "user/angle": 0.0, "user/throttle": 0.0, "pos/x": 23.76704978942871, "pos/y": -4.208634853363037, "pos/z": -55.80709457397461, "rpy/roll": -0.3830842482344431, "rpy/pitch": 1.4871152699819465, "rpy/yaw": 26.345527595615216, "milliseconds": 75775}