{"cam/image1": "38_cam-image1_.jpg", "user/angle": 0.0, "user/throttle": 0.0, "pos/x": 1.0649664402008057, "pos/y": -0.6877725720405579, "pos/z": -14.172937393188477, "rpy/roll": 7.36877395187807, "rpy/pitch": 3.424286218369508, "rpy/yaw": 15.449675713256694, "milliseconds": 24264}