{"cam/image1": "262_cam-image1_.jpg", "user/angle": 0.0, "user/throttle": 0.0, "pos/x": 13.36471939086914, "pos/y": -2.313340425491333, "pos/z": -44.304832458496094, "rpy/roll": 7.5982472812664, "rpy/pitch": 3.4384581319989045, "rpy/yaw": 24.56266318620845, "milliseconds": 55864}