{"cam/image1": "330_cam-image1_.jpg", "user/angle": 0.0, "user/throttle": 0.0, "pos/x": 21.891712188720703, "pos/y": -2.799028158187866, "pos/z": -51.19797134399414, "rpy/roll": -0.4348475949988377, "rpy/pitch": -10.414683328805472, "rpy/yaw": 24.997059626860885, "milliseconds": 69550}