{"cam/image1": "1220_cam-image1_.jpg", "user/angle": 0.0, "user/throttle": 0.0, "pos/x": 48.7712516784668, "pos/y": -7.0209221839904785, "pos/z": -93.47489929199219, "rpy/roll": -2.166862355549608, "rpy/pitch": 8.125940635465318, "rpy/yaw": 41.74565526751956, "milliseconds": 114229}