{"cam/image1": "753_cam-image1_.jpg", "user/angle": 0.0, "user/throttle": 0.0, "pos/x": 29.284576416015625, "pos/y": -4.244121551513672, "pos/z": -73.468505859375, "rpy/roll": 6.574633476220673, "rpy/pitch": -3.0132782792850343, "rpy/yaw": 17.377899252834645, "milliseconds": 90773}