{"cam/image1": "707_cam-image1_.jpg", "user/angle": 0.0, "user/throttle": 0.0, "pos/x": 28.55510902404785, "pos/y": -4.452978134155273, "pos/z": -70.62003326416016, "rpy/roll": -1.3986704209675722, "rpy/pitch": 0.007399078837911735, "rpy/yaw": 14.376704479572798, "milliseconds": 88462}