{"cam/image1": "435_cam-image1_.jpg", "user/angle": 0.0, "user/throttle": 0.0, "pos/x": 23.288612365722656, "pos/y": -3.7506844997406006, "pos/z": -55.076881408691406, "rpy/roll": 0.19638547281871233, "rpy/pitch": -0.12758476043978062, "rpy/yaw": 20.226360615858383, "milliseconds": 74821}