{"cam/image1": "1061_cam-image1_.jpg", "user/angle": 0.0, "user/throttle": 0.0, "pos/x": 42.079078674316406, "pos/y": -6.013451099395752, "pos/z": -87.10973358154297, "rpy/roll": 1.8536435545854983, "rpy/pitch": 1.0742110936584865, "rpy/yaw": 37.83738485502661, "milliseconds": 106247}