{"cam/image1": "390_cam-image1_.jpg", "user/angle": 0.0, "user/throttle": 0.0, "pos/x": 22.537288665771484, "pos/y": -3.2559654712677, "pos/z": -53.231536865234375, "rpy/roll": 4.864683181319934, "rpy/pitch": -7.082929952150723, "rpy/yaw": 17.51093539710453, "milliseconds": 72560}