{"cam/image1": "531_cam-image1_.jpg", "user/angle": 0.0, "user/throttle": 0.0, "pos/x": 25.348304748535156, "pos/y": -4.139645099639893, "pos/z": -59.89870071411133, "rpy/roll": -6.428593870216856, "rpy/pitch": 0.016614293883170296, "rpy/yaw": 17.79920819889873, "milliseconds": 79636}