{"cam/image1": "106_cam-image1_.jpg", "user/angle": 0.0, "user/throttle": 0.0, "pos/x": 2.4103376865386963, "pos/y": -0.8024004697799683, "pos/z": -17.70734977722168, "rpy/roll": 2.8089216147631597, "rpy/pitch": 1.5028133097210912, "rpy/yaw": 23.504994435805393, "milliseconds": 27679}