{"cam/image1": "1116_cam-image1_.jpg", "user/angle": 0.0, "user/throttle": 0.0, "pos/x": 44.34552001953125, "pos/y": -6.413510799407959, "pos/z": -89.48160552978516, "rpy/roll": 8.827128730436847, "rpy/pitch": 2.1977831677296202, "rpy/yaw": 39.39918967859011, "milliseconds": 109009}