{"cam/image1": "1171_cam-image1_.jpg", "user/angle": 0.0, "user/throttle": 0.0, "pos/x": 46.677764892578125, "pos/y": -6.649457931518555, "pos/z": -92.04594421386719, "rpy/roll": 0.6964531588356553, "rpy/pitch": 3.0655852066119658, "rpy/yaw": 40.717979084566025, "milliseconds": 111768}