{"cam/image1": "583_cam-image1_.jpg", "user/angle": 0.0, "user/throttle": 0.0, "pos/x": 26.318700790405273, "pos/y": -4.420677185058594, "pos/z": -62.70399856567383, "rpy/roll": -5.131091633357397, "rpy/pitch": -1.5466207877914655, "rpy/yaw": 11.424155003386359, "milliseconds": 82243}