{"cam/image1": "400_cam-image1_.jpg", "user/angle": 0.0, "user/throttle": 0.0, "pos/x": 22.776657104492188, "pos/y": -3.2338449954986572, "pos/z": -53.570884704589844, "rpy/roll": -1.7771842909757753, "rpy/pitch": -2.1734993720570404, "rpy/yaw": 25.849500023790565, "milliseconds": 73061}