{"cam/image1": "774_cam-image1_.jpg", "user/angle": 0.0, "user/throttle": 0.0, "pos/x": 29.924291610717773, "pos/y": -4.218071460723877, "pos/z": -74.64031219482422, "rpy/roll": -1.5926988630397596, "rpy/pitch": -2.3397177876574204, "rpy/yaw": 27.586153009434636, "milliseconds": 91832}