{"cam/image1": "26_cam-image1_.jpg", "user/angle": 0.0, "user/throttle": 0.0, "pos/x": -0.3983128070831299, "pos/y": -0.19445282220840454, "pos/z": -4.598474025726318, "rpy/roll": -5.452886858318021, "rpy/pitch": 1.9758750996567933, "rpy/yaw": -4.462489353178583, "milliseconds": 13501}