{"cam/image1": "776_cam-image1_.jpg", "user/angle": 0.0, "user/throttle": 0.0, "pos/x": 29.990039825439453, "pos/y": -4.218720436096191, "pos/z": -74.73974609375, "rpy/roll": -1.02036661151753, "rpy/pitch": -1.649361441849027, "rpy/yaw": 27.458160458206027, "milliseconds": 91932}