{"cam/image1": "1140_cam-image1_.jpg", "user/angle": 0.0, "user/throttle": 0.0, "pos/x": 45.23720932006836, "pos/y": -6.504557132720947, "pos/z": -90.64497375488281, "rpy/roll": 7.383452526026559, "rpy/pitch": 7.570173945908237, "rpy/yaw": 39.659599457332284, "milliseconds": 110212}