{"cam/image1": "340_cam-image1_.jpg", "user/angle": 0.0, "user/throttle": 0.0, "pos/x": 21.967639923095703, "pos/y": -2.878755569458008, "pos/z": -51.52965545654297, "rpy/roll": -3.186143233147912, "rpy/pitch": -12.145711781112087, "rpy/yaw": 22.7378002113443, "milliseconds": 70052}