{"cam/image1": "992_cam-image1_.jpg", "user/angle": 0.0, "user/throttle": 0.0, "pos/x": 39.012046813964844, "pos/y": -5.001686096191406, "pos/z": -84.39871978759766, "rpy/roll": -1.3213626837270567, "rpy/pitch": 3.204457237736797, "rpy/yaw": 55.256399468029144, "milliseconds": 102788}