{"cam/image1": "880_cam-image1_.jpg", "user/angle": 0.0, "user/throttle": 0.0, "pos/x": 33.324493408203125, "pos/y": -4.978116512298584, "pos/z": -80.19279479980469, "rpy/roll": -2.7926663742353837, "rpy/pitch": 3.179845206524557, "rpy/yaw": 43.90777051622687, "milliseconds": 97142}