{"cam/image1": "700_cam-image1_.jpg", "user/angle": 0.0, "user/throttle": 0.0, "pos/x": 28.44601058959961, "pos/y": -4.6006951332092285, "pos/z": -70.19522094726562, "rpy/roll": -2.2928923632843152, "rpy/pitch": -1.7976199256022694, "rpy/yaw": 15.574011570631422, "milliseconds": 88118}