{"cam/image1": "732_cam-image1_.jpg", "user/angle": 0.0, "user/throttle": 0.0, "pos/x": 29.00725746154785, "pos/y": -4.271450996398926, "pos/z": -72.16410064697266, "rpy/roll": 6.311235501319266, "rpy/pitch": -3.3773397890086305, "rpy/yaw": 10.976993997599548, "milliseconds": 89717}