{"cam/image1": "362_cam-image1_.jpg", "user/angle": 0.0, "user/throttle": 0.0, "pos/x": 22.182418823242188, "pos/y": -2.995572805404663, "pos/z": -52.20690155029297, "rpy/roll": 4.213188977143793, "rpy/pitch": -6.887048736472788, "rpy/yaw": 12.51112187680775, "milliseconds": 71155}