{"cam/image1": "779_cam-image1_.jpg", "user/angle": 0.0, "user/throttle": 0.0, "pos/x": 30.113073348999023, "pos/y": -4.271645545959473, "pos/z": -74.91244506835938, "rpy/roll": 2.0179006456969457, "rpy/pitch": -1.3374128337140345, "rpy/yaw": 25.934674010885256, "milliseconds": 92074}