{"cam/image1": "726_cam-image1_.jpg", "user/angle": 0.0, "user/throttle": 0.0, "pos/x": 28.89053726196289, "pos/y": -4.34463357925415, "pos/z": -71.7843246459961, "rpy/roll": 2.6391718999692118, "rpy/pitch": 1.8859767185858882, "rpy/yaw": 13.325291557093509, "milliseconds": 89416}