{"cam/image1": "1315_cam-image1_.jpg", "user/angle": 0.0, "user/throttle": 0.0, "pos/x": 57.747703552246094, "pos/y": -8.76094913482666, "pos/z": -105.38865661621094, "rpy/roll": -4.90698893105806, "rpy/pitch": 1.6403955900408038, "rpy/yaw": 46.994569057997445, "milliseconds": 129066}