{"cam/image1": "1046_cam-image1_.jpg", "user/angle": 0.0, "user/throttle": 0.0, "pos/x": 41.52999496459961, "pos/y": -5.893734931945801, "pos/z": -86.44145965576172, "rpy/roll": -1.1198336840750334, "rpy/pitch": 1.9131724814351354, "rpy/yaw": 40.79774039256617, "milliseconds": 105496}