{"cam/image1": "854_cam-image1_.jpg", "user/angle": 0.0, "user/throttle": 0.0, "pos/x": 32.40011215209961, "pos/y": -4.767270088195801, "pos/z": -78.91278076171875, "rpy/roll": -2.1919764215181505, "rpy/pitch": -0.40452140261851066, "rpy/yaw": 36.06870610602765, "milliseconds": 95837}