{"cam/image1": "160_cam-image1_.jpg", "user/angle": 0.0, "user/throttle": 0.0, "pos/x": 3.9107699394226074, "pos/y": -1.0512241125106812, "pos/z": -20.535470962524414, "rpy/roll": 10.707415870839446, "rpy/pitch": -0.29914605799730515, "rpy/yaw": 22.65440893329488, "milliseconds": 30396}