{"cam/image1": "69_cam-image1_.jpg", "user/angle": 0.0, "user/throttle": 0.0, "pos/x": 1.5381168127059937, "pos/y": -0.7542128562927246, "pos/z": -15.808116912841797, "rpy/roll": -1.6245235462309606, "rpy/pitch": 1.353482313157344, "rpy/yaw": 20.268972235123535, "milliseconds": 25833}