{"cam/image1": "110_cam-image1_.jpg", "user/angle": 0.0, "user/throttle": 0.0, "pos/x": 2.5132174491882324, "pos/y": -0.8211165070533752, "pos/z": -17.932100296020508, "rpy/roll": 3.016260285295143, "rpy/pitch": 1.4783174315306582, "rpy/yaw": 23.344803625849266, "milliseconds": 27880}