{"cam/image1": "1057_cam-image1_.jpg", "user/angle": 0.0, "user/throttle": 0.0, "pos/x": 41.92750549316406, "pos/y": -5.994256496429443, "pos/z": -86.95160675048828, "rpy/roll": 1.427484378388225, "rpy/pitch": 2.1591957136928337, "rpy/yaw": 38.128766054703185, "milliseconds": 106046}