{"cam/image1": "692_cam-image1_.jpg", "user/angle": 0.0, "user/throttle": 0.0, "pos/x": 28.275287628173828, "pos/y": -4.685173988342285, "pos/z": -69.66907501220703, "rpy/roll": -8.678687180259052, "rpy/pitch": -0.7842328933582139, "rpy/yaw": 19.973144440345873, "milliseconds": 87709}