{"cam/image1": "1021_cam-image1_.jpg", "user/angle": 0.0, "user/throttle": 0.0, "pos/x": 40.501373291015625, "pos/y": -5.71624755859375, "pos/z": -85.43701171875, "rpy/roll": -1.2992257947214378, "rpy/pitch": 0.6309072289240063, "rpy/yaw": 44.44014003310946, "milliseconds": 104242}