{"cam/image1": "86_cam-image1_.jpg", "user/angle": 0.0, "user/throttle": 0.0, "pos/x": 1.8461860418319702, "pos/y": -0.7587758898735046, "pos/z": -16.667560577392578, "rpy/roll": -5.799925729568044, "rpy/pitch": 4.1052080810729725, "rpy/yaw": 21.840220194516128, "milliseconds": 26680}