{"cam/image1": "657_cam-image1_.jpg", "user/angle": 0.0, "user/throttle": 0.0, "pos/x": 27.488758087158203, "pos/y": -4.810372352600098, "pos/z": -67.38297271728516, "rpy/roll": -1.979734482233237, "rpy/pitch": -0.46027251968619204, "rpy/yaw": 13.884665010690636, "milliseconds": 85953}