{"cam/image1": "1321_cam-image1_.jpg", "user/angle": 0.0, "user/throttle": 0.0, "pos/x": 57.98186111450195, "pos/y": -8.764678001403809, "pos/z": -105.6516342163086, "rpy/roll": -0.5301747317519597, "rpy/pitch": 3.658292584868926, "rpy/yaw": 45.89727076608258, "milliseconds": 129368}