{"cam/image1": "1270_cam-image1_.jpg", "user/angle": 0.0, "user/throttle": 0.0, "pos/x": 49.32576370239258, "pos/y": -7.903997898101807, "pos/z": -94.89385223388672, "rpy/roll": 3.2167644338446237, "rpy/pitch": 2.5560609746271927, "rpy/yaw": 44.66918714299664, "milliseconds": 116735}