{"cam/image1": "1241_cam-image1_.jpg", "user/angle": 0.0, "user/throttle": 0.0, "pos/x": 48.921077728271484, "pos/y": -7.061648368835449, "pos/z": -94.26060485839844, "rpy/roll": -6.347040880351679, "rpy/pitch": 0.537676770860907, "rpy/yaw": 9.041300788267364, "milliseconds": 115280}