{"cam/image1": "119_cam-image1_.jpg", "user/angle": 0.0, "user/throttle": 0.0, "pos/x": 2.8212554454803467, "pos/y": -0.908954918384552, "pos/z": -18.361745834350586, "rpy/roll": 3.2314169548948093, "rpy/pitch": 4.34136488072114, "rpy/yaw": 25.95342886501399, "milliseconds": 28333}