{"cam/image1": "369_cam-image1_.jpg", "user/angle": 0.0, "user/throttle": 0.0, "pos/x": 22.26427459716797, "pos/y": -3.0686395168304443, "pos/z": -52.47404098510742, "rpy/roll": 3.522851579969645, "rpy/pitch": -7.701244198534655, "rpy/yaw": 14.345953854005764, "milliseconds": 71507}