{"cam/image1": "549_cam-image1_.jpg", "user/angle": 0.0, "user/throttle": 0.0, "pos/x": 25.67189598083496, "pos/y": -4.241947650909424, "pos/z": -60.85100173950195, "rpy/roll": -8.559567074815686, "rpy/pitch": -1.0799731113876923, "rpy/yaw": 14.13731091367976, "milliseconds": 80538}