{"cam/image1": "716_cam-image1_.jpg", "user/angle": 0.0, "user/throttle": 0.0, "pos/x": 28.706384658813477, "pos/y": -4.390929222106934, "pos/z": -71.19073486328125, "rpy/roll": 1.2104888680417916, "rpy/pitch": 0.33991660773624455, "rpy/yaw": 13.501142613059015, "milliseconds": 88913}