{"cam/image1": "345_cam-image1_.jpg", "user/angle": 0.0, "user/throttle": 0.0, "pos/x": 22.002222061157227, "pos/y": -2.889389991760254, "pos/z": -51.6868782043457, "rpy/roll": -2.596683068395493, "rpy/pitch": -11.362533661148273, "rpy/yaw": 20.25042640559689, "milliseconds": 70304}