{"cam/image1": "474_cam-image1_.jpg", "user/angle": 0.0, "user/throttle": 0.0, "pos/x": 24.172494888305664, "pos/y": -4.280852794647217, "pos/z": -56.84303665161133, "rpy/roll": -1.8504176178943503, "rpy/pitch": 0.6551962676848728, "rpy/yaw": 22.205780712934242, "milliseconds": 76777}