{"cam/image1": "1317_cam-image1_.jpg", "user/angle": 0.0, "user/throttle": 0.0, "pos/x": 57.82925033569336, "pos/y": -8.763384819030762, "pos/z": -105.46896362304688, "rpy/roll": -2.784123494696425, "rpy/pitch": 2.211931101089937, "rpy/yaw": 46.95475009555319, "milliseconds": 129167}