{"cam/image1": "386_cam-image1_.jpg", "user/angle": 0.0, "user/throttle": 0.0, "pos/x": 22.470218658447266, "pos/y": -3.1929588317871094, "pos/z": -53.060848236083984, "rpy/roll": 4.88270166904571, "rpy/pitch": -8.105324273188602, "rpy/yaw": 17.324786980032265, "milliseconds": 72359}