{"cam/image1": "759_cam-image1_.jpg", "user/angle": 0.0, "user/throttle": 0.0, "pos/x": 29.554012298583984, "pos/y": -4.171281814575195, "pos/z": -73.80781555175781, "rpy/roll": 9.25077006762337, "rpy/pitch": -0.40526791145438934, "rpy/yaw": 18.73242114740761, "milliseconds": 91072}