{"cam/image1": "763_cam-image1_.jpg", "user/angle": 0.0, "user/throttle": 0.0, "pos/x": 29.63401985168457, "pos/y": -4.193966388702393, "pos/z": -74.0414047241211, "rpy/roll": 9.287987607022687, "rpy/pitch": 0.7989597701696979, "rpy/yaw": 18.216578293521597, "milliseconds": 91272}