{"cam/image1": "1261_cam-image1_.jpg", "user/angle": 0.0, "user/throttle": 0.0, "pos/x": 49.10399627685547, "pos/y": -7.6347880363464355, "pos/z": -94.75448608398438, "rpy/roll": 0.8781172176910221, "rpy/pitch": -1.4156327546717367, "rpy/yaw": 31.528950586744045, "milliseconds": 116286}