{"cam/image1": "1086_cam-image1_.jpg", "user/angle": 0.0, "user/throttle": 0.0, "pos/x": 43.1247444152832, "pos/y": -6.347248554229736, "pos/z": -88.15193939208984, "rpy/roll": 2.627851691997458, "rpy/pitch": 3.8067157126657185, "rpy/yaw": 37.7164014053921, "milliseconds": 107506}