{"cam/image1": "1054_cam-image1_.jpg", "user/angle": 0.0, "user/throttle": 0.0, "pos/x": 41.80659866333008, "pos/y": -5.992393493652344, "pos/z": -86.8038558959961, "rpy/roll": 0.21223180863488442, "rpy/pitch": 4.048042270869798, "rpy/yaw": 39.15972694021278, "milliseconds": 105897}