{"cam/image1": "329_cam-image1_.jpg", "user/angle": 0.0, "user/throttle": 0.0, "pos/x": 21.872262954711914, "pos/y": -2.7923190593719482, "pos/z": -51.15869903564453, "rpy/roll": 0.1686324868387915, "rpy/pitch": -11.04232772684556, "rpy/yaw": 25.298321486359775, "milliseconds": 69501}