{"cam/image1": "613_cam-image1_.jpg", "user/angle": 0.0, "user/throttle": 0.0, "pos/x": 26.717599868774414, "pos/y": -4.66444730758667, "pos/z": -64.53824615478516, "rpy/roll": -6.162372587792108, "rpy/pitch": -2.2604620305891854, "rpy/yaw": 16.666325228018277, "milliseconds": 83747}