{"cam/image1": "536_cam-image1_.jpg", "user/angle": 0.0, "user/throttle": 0.0, "pos/x": 25.417020797729492, "pos/y": -4.143596172332764, "pos/z": -60.174922943115234, "rpy/roll": -12.466808514373527, "rpy/pitch": -1.256071513983766, "rpy/yaw": 19.341657557001486, "milliseconds": 79885}