{"cam/image1": "495_cam-image1_.jpg", "user/angle": 0.0, "user/throttle": 0.0, "pos/x": 24.596994400024414, "pos/y": -4.244304656982422, "pos/z": -57.98619079589844, "rpy/roll": 0.03705509404294089, "rpy/pitch": -0.3914958148955297, "rpy/yaw": 24.038457263497843, "milliseconds": 77840}