{"cam/image1": "924_cam-image1_.jpg", "user/angle": 0.0, "user/throttle": 0.0, "pos/x": 35.48078918457031, "pos/y": -4.899257183074951, "pos/z": -81.96949768066406, "rpy/roll": -6.6854003154682955, "rpy/pitch": 2.7434716049725933, "rpy/yaw": 54.61678865379533, "milliseconds": 99378}