{"cam/image1": "446_cam-image1_.jpg", "user/angle": 0.0, "user/throttle": 0.0, "pos/x": 23.56875991821289, "pos/y": -4.2071943283081055, "pos/z": -55.490325927734375, "rpy/roll": -3.61075369561099, "rpy/pitch": 2.0095985390945144, "rpy/yaw": 24.617492484951327, "milliseconds": 75373}