{"cam/image1": "145_cam-image1_.jpg", "user/angle": 0.0, "user/throttle": 0.0, "pos/x": 3.592083215713501, "pos/y": -0.990768551826477, "pos/z": -19.791412353515625, "rpy/roll": 12.5869303992841, "rpy/pitch": 0.16416369888438992, "rpy/yaw": 25.688262895065215, "milliseconds": 29644}