{"cam/image1": "819_cam-image1_.jpg", "user/angle": 0.0, "user/throttle": 0.0, "pos/x": 31.239362716674805, "pos/y": -4.518199920654297, "pos/z": -77.19833374023438, "rpy/roll": -2.8755281122184657, "rpy/pitch": -4.713410749538338, "rpy/yaw": 28.205290962579593, "milliseconds": 94081}