{"cam/image1": "193_cam-image1_.jpg", "user/angle": 0.0, "user/throttle": 0.0, "pos/x": 4.549027442932129, "pos/y": -1.1167712211608887, "pos/z": -22.377696990966797, "rpy/roll": 8.752693940669252, "rpy/pitch": 2.21532852537706, "rpy/yaw": 11.265803616851649, "milliseconds": 32051}