{"cam/image1": "1153_cam-image1_.jpg", "user/angle": 0.0, "user/throttle": 0.0, "pos/x": 45.880733489990234, "pos/y": -6.5649189949035645, "pos/z": -91.19756317138672, "rpy/roll": 1.7984778369982584, "rpy/pitch": -0.7024819256652032, "rpy/yaw": 46.9242296622651, "milliseconds": 110864}