{"cam/image1": "1084_cam-image1_.jpg", "user/angle": 0.0, "user/throttle": 0.0, "pos/x": 43.025604248046875, "pos/y": -6.314614772796631, "pos/z": -88.08723449707031, "rpy/roll": 2.0437925649082582, "rpy/pitch": 2.4354876644358256, "rpy/yaw": 37.713059928950436, "milliseconds": 107404}