{"cam/image1": "1287_cam-image1_.jpg", "user/angle": 0.0, "user/throttle": 0.0, "pos/x": 49.841060638427734, "pos/y": -8.378893852233887, "pos/z": -95.3310775756836, "rpy/roll": 2.124157681509872, "rpy/pitch": 1.7146897190917658, "rpy/yaw": 35.462753175016374, "milliseconds": 117585}