{"cam/image1": "144_cam-image1_.jpg", "user/angle": 0.0, "user/throttle": 0.0, "pos/x": 3.5561466217041016, "pos/y": -0.9847510457038879, "pos/z": -19.72500991821289, "rpy/roll": 11.72032010807839, "rpy/pitch": 0.8063850114602897, "rpy/yaw": 26.48979732686705, "milliseconds": 29601}