{"cam/image1": "663_cam-image1_.jpg", "user/angle": 0.0, "user/throttle": 0.0, "pos/x": 27.57587432861328, "pos/y": -4.759305477142334, "pos/z": -67.75082397460938, "rpy/roll": -6.294683643099958, "rpy/pitch": 0.23502409881565217, "rpy/yaw": 17.866059602602682, "milliseconds": 86254}