{"cam/image1": "563_cam-image1_.jpg", "user/angle": 0.0, "user/throttle": 0.0, "pos/x": 25.950130462646484, "pos/y": -4.310285568237305, "pos/z": -61.6280632019043, "rpy/roll": -14.951629622055126, "rpy/pitch": -1.3450039624534589, "rpy/yaw": 21.73741496266747, "milliseconds": 81240}