{"cam/image1": "122_cam-image1_.jpg", "user/angle": 0.0, "user/throttle": 0.0, "pos/x": 2.925980806350708, "pos/y": -0.9314200282096863, "pos/z": -18.53091812133789, "rpy/roll": 6.209608967350313, "rpy/pitch": 2.3232126695272326, "rpy/yaw": 25.49516576705711, "milliseconds": 28499}