{"cam/image1": "216_cam-image1_.jpg", "user/angle": 0.0, "user/throttle": 0.0, "pos/x": 4.7081732749938965, "pos/y": -1.1028406620025635, "pos/z": -23.536964416503906, "rpy/roll": 6.955938953811385, "rpy/pitch": 4.258856939157157, "rpy/yaw": 5.330192018358723, "milliseconds": 33205}