{"cam/image1": "1213_cam-image1_.jpg", "user/angle": 0.0, "user/throttle": 0.0, "pos/x": 48.39146041870117, "pos/y": -7.173347473144531, "pos/z": -93.5481185913086, "rpy/roll": -19.469462094413913, "rpy/pitch": 2.7099503895695354, "rpy/yaw": 53.519021485328864, "milliseconds": 113876}