{"cam/image1": "1303_cam-image1_.jpg", "user/angle": 0.0, "user/throttle": 0.0, "pos/x": 57.21210861206055, "pos/y": -8.765791893005371, "pos/z": -104.86149597167969, "rpy/roll": 0.029593665026552307, "rpy/pitch": 3.923984083625919, "rpy/yaw": 38.50957582894409, "milliseconds": 128460}