{"cam/image1": "1174_cam-image1_.jpg", "user/angle": 0.0, "user/throttle": 0.0, "pos/x": 46.79566192626953, "pos/y": -6.63127326965332, "pos/z": -92.2223129272461, "rpy/roll": -0.8357015502739832, "rpy/pitch": 2.3061084798552516, "rpy/yaw": 40.36451769691325, "milliseconds": 111916}