{"cam/image1": "1056_cam-image1_.jpg", "user/angle": 0.0, "user/throttle": 0.0, "pos/x": 41.88113021850586, "pos/y": -5.975925922393799, "pos/z": -86.88665771484375, "rpy/roll": 1.1017705328575522, "rpy/pitch": 3.891038937805918, "rpy/yaw": 39.02345637850195, "milliseconds": 105997}