{"cam/image1": "862_cam-image1_.jpg", "user/angle": 0.0, "user/throttle": 0.0, "pos/x": 32.47243881225586, "pos/y": -4.823376178741455, "pos/z": -79.43914794921875, "rpy/roll": -0.9341532479927411, "rpy/pitch": -0.9526056123086909, "rpy/yaw": 35.842652616055275, "milliseconds": 96238}