{"cam/image1": "1249_cam-image1_.jpg", "user/angle": 0.0, "user/throttle": 0.0, "pos/x": 48.87459182739258, "pos/y": -7.431139945983887, "pos/z": -94.47272491455078, "rpy/roll": -4.509860442637593, "rpy/pitch": 3.0461198378545964, "rpy/yaw": 15.732518800505305, "milliseconds": 115681}