{"cam/image1": "195_cam-image1_.jpg", "user/angle": 0.0, "user/throttle": 0.0, "pos/x": 4.557448387145996, "pos/y": -1.1135873794555664, "pos/z": -22.494653701782227, "rpy/roll": 5.911267412780123, "rpy/pitch": 0.3271119922167714, "rpy/yaw": 10.165239549145072, "milliseconds": 32151}