{"cam/image1": "894_cam-image1_.jpg", "user/angle": 0.0, "user/throttle": 0.0, "pos/x": 34.03053665161133, "pos/y": -4.971665859222412, "pos/z": -80.84837341308594, "rpy/roll": -5.828379689009396, "rpy/pitch": 3.7376435349428774, "rpy/yaw": 49.666687344517314, "milliseconds": 97873}