{"cam/image1": "733_cam-image1_.jpg", "user/angle": 0.0, "user/throttle": 0.0, "pos/x": 29.01926040649414, "pos/y": -4.288518905639648, "pos/z": -72.19721984863281, "rpy/roll": 6.786285095094293, "rpy/pitch": -0.6821244284686011, "rpy/yaw": 11.623602821174032, "milliseconds": 89768}