{"cam/image1": "1316_cam-image1_.jpg", "user/angle": 0.0, "user/throttle": 0.0, "pos/x": 57.81044387817383, "pos/y": -8.758248329162598, "pos/z": -105.44099426269531, "rpy/roll": -3.2628495886596123, "rpy/pitch": 2.68944917570475, "rpy/yaw": 47.01228785493301, "milliseconds": 129116}