{"cam/image1": "189_cam-image1_.jpg", "user/angle": 0.0, "user/throttle": 0.0, "pos/x": 4.496363639831543, "pos/y": -1.1157993078231812, "pos/z": -22.136919021606445, "rpy/roll": 5.375073509200669, "rpy/pitch": 5.894839790835679, "rpy/yaw": 14.543303864955119, "milliseconds": 31850}