{"cam/image1": "1101_cam-image1_.jpg", "user/angle": 0.0, "user/throttle": 0.0, "pos/x": 43.726078033447266, "pos/y": -6.406628608703613, "pos/z": -88.81765747070312, "rpy/roll": 6.355334787052295, "rpy/pitch": 1.8777979594306216, "rpy/yaw": 37.893662196657814, "milliseconds": 108257}