{"cam/image1": "993_cam-image1_.jpg", "user/angle": 0.0, "user/throttle": 0.0, "pos/x": 39.07695007324219, "pos/y": -5.037413120269775, "pos/z": -84.44684600830078, "rpy/roll": -2.0213060418413, "rpy/pitch": 3.582013851303406, "rpy/yaw": 55.560833617962544, "milliseconds": 102838}