{"cam/image1": "1236_cam-image1_.jpg", "user/angle": 0.0, "user/throttle": 0.0, "pos/x": 48.8907356262207, "pos/y": -7.240891933441162, "pos/z": -94.10578155517578, "rpy/roll": -11.886817667749186, "rpy/pitch": 0.4807158753608181, "rpy/yaw": 12.170106750998757, "milliseconds": 115029}