{"cam/image1": "1007_cam-image1_.jpg", "user/angle": 0.0, "user/throttle": 0.0, "pos/x": 39.84466552734375, "pos/y": -5.529868125915527, "pos/z": -84.8592529296875, "rpy/roll": -7.801339914372326, "rpy/pitch": 7.227652888227598, "rpy/yaw": 53.500425520594604, "milliseconds": 103540}