{"cam/image1": "1100_cam-image1_.jpg", "user/angle": 0.0, "user/throttle": 0.0, "pos/x": 43.69794845581055, "pos/y": -6.409224033355713, "pos/z": -88.78900909423828, "rpy/roll": 5.874246946030729, "rpy/pitch": 1.6765609609454473, "rpy/yaw": 37.85553933554713, "milliseconds": 108207}