{"cam/image1": "534_cam-image1_.jpg", "user/angle": 0.0, "user/throttle": 0.0, "pos/x": 25.390329360961914, "pos/y": -4.119944095611572, "pos/z": -60.06376647949219, "rpy/roll": -8.16296777803866, "rpy/pitch": 0.20337937872376902, "rpy/yaw": 17.951979730172038, "milliseconds": 79785}