{"cam/image1": "254_cam-image1_.jpg", "user/angle": 0.0, "user/throttle": 0.0, "pos/x": 8.837136268615723, "pos/y": -1.5937639474868774, "pos/z": -33.930335998535156, "rpy/roll": -2.078408323368012, "rpy/pitch": 4.1996131513668224, "rpy/yaw": 34.45905796979549, "milliseconds": 45281}