{"cam/image1": "746_cam-image1_.jpg", "user/angle": 0.0, "user/throttle": 0.0, "pos/x": 29.204626083374023, "pos/y": -4.26731014251709, "pos/z": -73.02246856689453, "rpy/roll": 8.262212527325502, "rpy/pitch": -1.8387185304758913, "rpy/yaw": 13.605662985355336, "milliseconds": 90418}