{"cam/image1": "1063_cam-image1_.jpg", "user/angle": 0.0, "user/throttle": 0.0, "pos/x": 42.160491943359375, "pos/y": -6.022119522094727, "pos/z": -87.2052993774414, "rpy/roll": 0.79205624388908, "rpy/pitch": 1.5066541471284856, "rpy/yaw": 37.67966553028987, "milliseconds": 106348}