{"cam/image1": "1082_cam-image1_.jpg", "user/angle": 0.0, "user/throttle": 0.0, "pos/x": 42.929134368896484, "pos/y": -6.291131973266602, "pos/z": -88.00872039794922, "rpy/roll": 1.0616240198794533, "rpy/pitch": 3.095454479645898, "rpy/yaw": 38.0411502194315, "milliseconds": 107303}