{"cam/image1": "141_cam-image1_.jpg", "user/angle": 0.0, "user/throttle": 0.0, "pos/x": 3.4828484058380127, "pos/y": -0.9830389618873596, "pos/z": -19.596168518066406, "rpy/roll": 10.822431992950301, "rpy/pitch": -0.10389925837156792, "rpy/yaw": 25.871482169325326, "milliseconds": 29458}