{"cam/image1": "797_cam-image1_.jpg", "user/angle": 0.0, "user/throttle": 0.0, "pos/x": 30.500194549560547, "pos/y": -4.35047721862793, "pos/z": -75.98776245117188, "rpy/roll": -6.313968292318471, "rpy/pitch": -2.367561974729924, "rpy/yaw": 19.168046693203692, "milliseconds": 92978}