{"cam/image1": "711_cam-image1_.jpg", "user/angle": 0.0, "user/throttle": 0.0, "pos/x": 28.63800811767578, "pos/y": -4.41211462020874, "pos/z": -70.85407257080078, "rpy/roll": -0.7364846661626333, "rpy/pitch": 1.0529489796721911, "rpy/yaw": 14.191486361423783, "milliseconds": 88662}