{"cam/image1": "30_cam-image1_.jpg", "user/angle": 0.0, "user/throttle": 0.0, "pos/x": 0.9408521056175232, "pos/y": -0.6672841906547546, "pos/z": -13.80465316772461, "rpy/roll": 3.439612281808668, "rpy/pitch": 2.660794598756029, "rpy/yaw": 11.790611288681092, "milliseconds": 23862}