{"cam/image1": "1139_cam-image1_.jpg", "user/angle": 0.0, "user/throttle": 0.0, "pos/x": 45.17831802368164, "pos/y": -6.468297958374023, "pos/z": -90.5944595336914, "rpy/roll": 7.194203847653061, "rpy/pitch": 2.968272757159361, "rpy/yaw": 38.61818148838123, "milliseconds": 110162}