{"cam/image1": "951_cam-image1_.jpg", "user/angle": 0.0, "user/throttle": 0.0, "pos/x": 36.936920166015625, "pos/y": -4.867769718170166, "pos/z": -82.90665435791016, "rpy/roll": 2.613655220086364, "rpy/pitch": 2.8573522276819974, "rpy/yaw": 53.48473978283808, "milliseconds": 100733}