{"cam/image1": "691_cam-image1_.jpg", "user/angle": 0.0, "user/throttle": 0.0, "pos/x": 28.261722564697266, "pos/y": -4.680081367492676, "pos/z": -69.5704116821289, "rpy/roll": -9.579253024887533, "rpy/pitch": -1.419253988978271, "rpy/yaw": 21.1699838451135, "milliseconds": 87660}