{"cam/image1": "252_cam-image1_.jpg", "user/angle": 0.0, "user/throttle": 0.0, "pos/x": 8.808530807495117, "pos/y": -1.5896790027618408, "pos/z": -33.87510681152344, "rpy/roll": -1.2270852217393222, "rpy/pitch": 4.629267869018428, "rpy/yaw": 35.27399700299858, "milliseconds": 45178}