{"cam/image1": "19_cam-image1_.jpg", "user/angle": 0.0, "user/throttle": 0.0, "pos/x": -0.38039305806159973, "pos/y": -0.16281943023204803, "pos/z": -4.283814907073975, "rpy/roll": -4.039110079100329, "rpy/pitch": 0.7853877021733557, "rpy/yaw": -2.834549649945455, "milliseconds": 13150}