{"cam/image1": "442_cam-image1_.jpg", "user/angle": 0.0, "user/throttle": 0.0, "pos/x": 23.3353328704834, "pos/y": -4.013512134552002, "pos/z": -55.413230895996094, "rpy/roll": -0.8168946300657831, "rpy/pitch": -0.7485499432850657, "rpy/yaw": 21.14517359408849, "milliseconds": 75172}