{"cam/image1": "1164_cam-image1_.jpg", "user/angle": 0.0, "user/throttle": 0.0, "pos/x": 46.4076042175293, "pos/y": -6.687763690948486, "pos/z": -91.71236419677734, "rpy/roll": 3.4894560237387604, "rpy/pitch": 0.14513876549145582, "rpy/yaw": 41.82818275543552, "milliseconds": 111416}