{"cam/image1": "423_cam-image1_.jpg", "user/angle": 0.0, "user/throttle": 0.0, "pos/x": 23.017902374267578, "pos/y": -3.493915557861328, "pos/z": -54.535518646240234, "rpy/roll": -4.820957919744616, "rpy/pitch": 0.200045926105954, "rpy/yaw": 23.029981083005257, "milliseconds": 74228}