{"cam/image1": "199_cam-image1_.jpg", "user/angle": 0.0, "user/throttle": 0.0, "pos/x": 4.6096415519714355, "pos/y": -1.123029351234436, "pos/z": -22.706090927124023, "rpy/roll": 5.084434205124394, "rpy/pitch": 1.2380227552150125, "rpy/yaw": 7.007824851732186, "milliseconds": 32351}