{"cam/image1": "1103_cam-image1_.jpg", "user/angle": 0.0, "user/throttle": 0.0, "pos/x": 43.802452087402344, "pos/y": -6.409271717071533, "pos/z": -88.90411376953125, "rpy/roll": 7.224069193244547, "rpy/pitch": 2.468138818731609, "rpy/yaw": 38.261308258381455, "milliseconds": 108357}