{"cam/image1": "131_cam-image1_.jpg", "user/angle": 0.0, "user/throttle": 0.0, "pos/x": 3.188595771789551, "pos/y": -0.9509623050689697, "pos/z": -19.048322677612305, "rpy/roll": 7.111834243131742, "rpy/pitch": -0.7701290766001412, "rpy/yaw": 25.11543237900906, "milliseconds": 28942}