{"cam/image1": "591_cam-image1_.jpg", "user/angle": 0.0, "user/throttle": 0.0, "pos/x": 26.477018356323242, "pos/y": -4.457089900970459, "pos/z": -63.179683685302734, "rpy/roll": -4.746718890490976, "rpy/pitch": -2.8641835963072553, "rpy/yaw": 14.912549722639497, "milliseconds": 82644}