{"cam/image1": "32_cam-image1_.jpg", "user/angle": 0.0, "user/throttle": 0.0, "pos/x": 0.9688180088996887, "pos/y": -0.6754105687141418, "pos/z": -13.894854545593262, "rpy/roll": 2.3682389650858333, "rpy/pitch": 1.4630353402909424, "rpy/yaw": 14.672410607211688, "milliseconds": 23969}