{"cam/image1": "803_cam-image1_.jpg", "user/angle": 0.0, "user/throttle": 0.0, "pos/x": 30.65260887145996, "pos/y": -4.388432502746582, "pos/z": -76.33771514892578, "rpy/roll": -17.448875149223014, "rpy/pitch": -4.5457704085078445, "rpy/yaw": 27.934605738111852, "milliseconds": 93280}