{"cam/image1": "305_cam-image1_.jpg", "user/angle": 0.0, "user/throttle": 0.0, "pos/x": 21.544260025024414, "pos/y": -2.6722793579101562, "pos/z": -50.690460205078125, "rpy/roll": -3.194988286653332, "rpy/pitch": -18.446597078080945, "rpy/yaw": 37.97764079418996, "milliseconds": 68305}