{"cam/image1": "393_cam-image1_.jpg", "user/angle": 0.0, "user/throttle": 0.0, "pos/x": 22.603721618652344, "pos/y": -3.268211603164673, "pos/z": -53.3621826171875, "rpy/roll": 2.637091548551307, "rpy/pitch": -7.405527457116215, "rpy/yaw": 20.133616692061693, "milliseconds": 72710}