{"cam/image1": "1179_cam-image1_.jpg", "user/angle": 0.0, "user/throttle": 0.0, "pos/x": 46.952579498291016, "pos/y": -6.744222640991211, "pos/z": -92.48404693603516, "rpy/roll": -2.132554290034724, "rpy/pitch": 2.623045032654781, "rpy/yaw": 40.131508565828234, "milliseconds": 112170}