{"cam/image1": "346_cam-image1_.jpg", "user/angle": 0.0, "user/throttle": 0.0, "pos/x": 22.016672134399414, "pos/y": -2.894139528274536, "pos/z": -51.728755950927734, "rpy/roll": -2.002386941210318, "rpy/pitch": -11.62388180696168, "rpy/yaw": 19.360129406848337, "milliseconds": 70358}