{"cam/image1": "425_cam-image1_.jpg", "user/angle": 0.0, "user/throttle": 0.0, "pos/x": 23.060293197631836, "pos/y": -3.529917001724243, "pos/z": -54.61650085449219, "rpy/roll": -4.159015844635452, "rpy/pitch": -0.3125046766194034, "rpy/yaw": 22.890353457293806, "milliseconds": 74328}