{"cam/image1": "1121_cam-image1_.jpg", "user/angle": 0.0, "user/throttle": 0.0, "pos/x": 44.52720260620117, "pos/y": -6.439417362213135, "pos/z": -89.71162414550781, "rpy/roll": 6.609637606373574, "rpy/pitch": -0.050626454659357376, "rpy/yaw": 40.25095032045816, "milliseconds": 109260}