{"cam/image1": "381_cam-image1_.jpg", "user/angle": 0.0, "user/throttle": 0.0, "pos/x": 22.417831420898438, "pos/y": -3.137354850769043, "pos/z": -52.854488372802734, "rpy/roll": 3.730164517215677, "rpy/pitch": -6.858010495072195, "rpy/yaw": 18.350533362278384, "milliseconds": 72108}