{"cam/image1": "468_cam-image1_.jpg", "user/angle": 0.0, "user/throttle": 0.0, "pos/x": 24.05926513671875, "pos/y": -4.245217323303223, "pos/z": -56.49556350708008, "rpy/roll": -3.6596210075688274, "rpy/pitch": -1.6382074010671364, "rpy/yaw": 23.307807212437815, "milliseconds": 76479}