{"cam/image1": "251_cam-image1_.jpg", "user/angle": 0.0, "user/throttle": 0.0, "pos/x": 8.773735046386719, "pos/y": -1.5907577276229858, "pos/z": -33.818782806396484, "rpy/roll": -0.6471946877991474, "rpy/pitch": 3.7982258615795352, "rpy/yaw": 36.703645079015736, "milliseconds": 45129}