{"cam/image1": "325_cam-image1_.jpg", "user/angle": 0.0, "user/throttle": 0.0, "pos/x": 21.82614517211914, "pos/y": -2.776480197906494, "pos/z": -51.040809631347656, "rpy/roll": 1.6077466208323798, "rpy/pitch": -10.902103619182354, "rpy/yaw": 26.448313264320852, "milliseconds": 69301}