{"cam/image1": "1313_cam-image1_.jpg", "user/angle": 0.0, "user/throttle": 0.0, "pos/x": 57.6434326171875, "pos/y": -8.753131866455078, "pos/z": -105.3168716430664, "rpy/roll": -5.917859927930776, "rpy/pitch": 1.5435974178875922, "rpy/yaw": 46.80083132205248, "milliseconds": 128966}