{"cam/image1": "1280_cam-image1_.jpg", "user/angle": 0.0, "user/throttle": 0.0, "pos/x": 49.595890045166016, "pos/y": -8.274176597595215, "pos/z": -95.09706115722656, "rpy/roll": 3.5134822640973846, "rpy/pitch": 4.8287755001728625, "rpy/yaw": 43.842230190989135, "milliseconds": 117237}