{"cam/image1": "815_cam-image1_.jpg", "user/angle": 0.0, "user/throttle": 0.0, "pos/x": 31.09039306640625, "pos/y": -4.466565132141113, "pos/z": -76.96504974365234, "rpy/roll": -2.1194150202855395, "rpy/pitch": -3.396606126828346, "rpy/yaw": 24.832824173715846, "milliseconds": 93881}