{"cam/image1": "668_cam-image1_.jpg", "user/angle": 0.0, "user/throttle": 0.0, "pos/x": 27.699302673339844, "pos/y": -4.792795658111572, "pos/z": -68.0826416015625, "rpy/roll": -6.504427620002535, "rpy/pitch": 0.883165186035095, "rpy/yaw": 21.73942238516995, "milliseconds": 86514}