{"cam/image1": "229_cam-image1_.jpg", "user/angle": 0.0, "user/throttle": 0.0, "pos/x": 7.964510917663574, "pos/y": -1.5850317478179932, "pos/z": -33.02931213378906, "rpy/roll": -1.2065755015831852, "rpy/pitch": 1.312157287369299, "rpy/yaw": 40.8131948265344, "milliseconds": 44026}