{"cam/image1": "95_cam-image1_.jpg", "user/angle": 0.0, "user/throttle": 0.0, "pos/x": 2.091373920440674, "pos/y": -0.764801561832428, "pos/z": -17.10073471069336, "rpy/roll": -0.9866472255178451, "rpy/pitch": 4.560043500820246, "rpy/yaw": 25.014967216129627, "milliseconds": 27128}