{"cam/image1": "87_cam-image1_.jpg", "user/angle": 0.0, "user/throttle": 0.0, "pos/x": 1.8731290102005005, "pos/y": -0.7577387094497681, "pos/z": -16.729921340942383, "rpy/roll": -6.617053591832322, "rpy/pitch": 4.315226957418455, "rpy/yaw": 23.017879740219566, "milliseconds": 26727}