{"cam/image1": "230_cam-image1_.jpg", "user/angle": 0.0, "user/throttle": 0.0, "pos/x": 8.018513679504395, "pos/y": -1.587266445159912, "pos/z": -33.06747817993164, "rpy/roll": -2.2683333896990763, "rpy/pitch": 2.406901336934135, "rpy/yaw": 45.51727195021299, "milliseconds": 44076}