{"cam/image1": "1120_cam-image1_.jpg", "user/angle": 0.0, "user/throttle": 0.0, "pos/x": 44.50541687011719, "pos/y": -6.4313201904296875, "pos/z": -89.68284606933594, "rpy/roll": 6.900747468273479, "rpy/pitch": -0.07318629812686904, "rpy/yaw": 40.454138738667496, "milliseconds": 109209}