{"cam/image1": "104_cam-image1_.jpg", "user/angle": 0.0, "user/throttle": 0.0, "pos/x": 2.3606088161468506, "pos/y": -0.7915793061256409, "pos/z": -17.600296020507812, "rpy/roll": 3.2115309660317166, "rpy/pitch": 2.244588130052861, "rpy/yaw": 23.574663128727344, "milliseconds": 27579}