{"cam/image1": "452_cam-image1_.jpg", "user/angle": 0.0, "user/throttle": 0.0, "pos/x": 23.714487075805664, "pos/y": -4.212588787078857, "pos/z": -55.72624969482422, "rpy/roll": -1.7710832665018514, "rpy/pitch": 0.9571984690270735, "rpy/yaw": 28.10453127664163, "milliseconds": 75674}