{"cam/image1": "1028_cam-image1_.jpg", "user/angle": 0.0, "user/throttle": 0.0, "pos/x": 40.76133728027344, "pos/y": -5.77387809753418, "pos/z": -85.77033996582031, "rpy/roll": -11.294322325285039, "rpy/pitch": -2.5059702365252, "rpy/yaw": 42.962162553226555, "milliseconds": 104593}