{"cam/image1": "526_cam-image1_.jpg", "user/angle": 0.0, "user/throttle": 0.0, "pos/x": 25.28256607055664, "pos/y": -4.153158187866211, "pos/z": -59.6204833984375, "rpy/roll": -6.6327610674196045, "rpy/pitch": 0.8179767888818248, "rpy/yaw": 17.974350941044435, "milliseconds": 79385}