{"cam/image1": "404_cam-image1_.jpg", "user/angle": 0.0, "user/throttle": 0.0, "pos/x": 22.840694427490234, "pos/y": -3.277539014816284, "pos/z": -53.69524383544922, "rpy/roll": -0.7482669542015787, "rpy/pitch": -0.12774217977991295, "rpy/yaw": 25.449412807045768, "milliseconds": 73261}