{"cam/image1": "109_cam-image1_.jpg", "user/angle": 0.0, "user/throttle": 0.0, "pos/x": 2.4820170402526855, "pos/y": -0.8051539063453674, "pos/z": -17.855751037597656, "rpy/roll": 2.829932545559732, "rpy/pitch": 0.4238476979954195, "rpy/yaw": 22.81272178504967, "milliseconds": 27845}