{"cam/image1": "56_cam-image1_.jpg", "user/angle": 0.0, "user/throttle": 0.0, "pos/x": 1.2913286685943604, "pos/y": -0.7162119150161743, "pos/z": -15.120733261108398, "rpy/roll": -0.7856701848227876, "rpy/pitch": 2.1414156499439048, "rpy/yaw": 17.535966699718866, "milliseconds": 25189}