{"cam/image1": "408_cam-image1_.jpg", "user/angle": 0.0, "user/throttle": 0.0, "pos/x": 22.828357696533203, "pos/y": -3.372741937637329, "pos/z": -53.88319396972656, "rpy/roll": 0.7162744314536675, "rpy/pitch": 1.3515510953819028, "rpy/yaw": 23.487386557502667, "milliseconds": 73462}