{"cam/image1": "449_cam-image1_.jpg", "user/angle": 0.0, "user/throttle": 0.0, "pos/x": 23.642642974853516, "pos/y": -4.206300258636475, "pos/z": -55.59342956542969, "rpy/roll": -3.91062696529079, "rpy/pitch": 2.383497694309545, "rpy/yaw": 27.13384098156356, "milliseconds": 75523}