{"cam/image1": "1097_cam-image1_.jpg", "user/angle": 0.0, "user/throttle": 0.0, "pos/x": 43.56066131591797, "pos/y": -6.397169589996338, "pos/z": -88.64740753173828, "rpy/roll": 4.022036401937003, "rpy/pitch": 1.7484019256391468, "rpy/yaw": 38.13408504733911, "milliseconds": 108056}