{"cam/image1": "1289_cam-image1_.jpg", "user/angle": 0.0, "user/throttle": 0.0, "pos/x": 49.936161041259766, "pos/y": -8.46184253692627, "pos/z": -95.38716888427734, "rpy/roll": 0.7634436028133919, "rpy/pitch": 0.04727296674925594, "rpy/yaw": 34.73078411546738, "milliseconds": 117690}