{"cam/image1": "174_cam-image1_.jpg", "user/angle": 0.0, "user/throttle": 0.0, "pos/x": 4.236912250518799, "pos/y": -1.1339128017425537, "pos/z": -21.301349639892578, "rpy/roll": 8.13708482857798, "rpy/pitch": 0.9602190167418665, "rpy/yaw": 17.91842159754969, "milliseconds": 31097}