{"cam/image1": "462_cam-image1_.jpg", "user/angle": 0.0, "user/throttle": 0.0, "pos/x": 23.95147132873535, "pos/y": -4.228184700012207, "pos/z": -56.20626449584961, "rpy/roll": -1.5641531099266175, "rpy/pitch": 0.9531734778649266, "rpy/yaw": 25.001255777773096, "milliseconds": 76175}