{"cam/image1": "981_cam-image1_.jpg", "user/angle": 0.0, "user/throttle": 0.0, "pos/x": 38.456199645996094, "pos/y": -4.972692012786865, "pos/z": -83.9671630859375, "rpy/roll": 1.4848376147568005, "rpy/pitch": 0.9679731822954356, "rpy/yaw": 56.476934192991564, "milliseconds": 102237}