{"cam/image1": "555_cam-image1_.jpg", "user/angle": 0.0, "user/throttle": 0.0, "pos/x": 25.776050567626953, "pos/y": -4.279017925262451, "pos/z": -61.229793548583984, "rpy/roll": -11.069145325061474, "rpy/pitch": -2.558550573846433, "rpy/yaw": 17.70130524205532, "milliseconds": 80840}