{"cam/image1": "1291_cam-image1_.jpg", "user/angle": 0.0, "user/throttle": 0.0, "pos/x": 50.02627944946289, "pos/y": -8.494524002075195, "pos/z": -95.43099212646484, "rpy/roll": -0.11342494291067982, "rpy/pitch": 0.8122734676244204, "rpy/yaw": 35.01959758705129, "milliseconds": 117788}