{"cam/image1": "347_cam-image1_.jpg", "user/angle": 0.0, "user/throttle": 0.0, "pos/x": 22.023080825805664, "pos/y": -2.897037982940674, "pos/z": -51.74753189086914, "rpy/roll": -1.8370046835765326, "rpy/pitch": -10.775455694501176, "rpy/yaw": 18.926507346907798, "milliseconds": 70403}