{"cam/image1": "79_cam-image1_.jpg", "user/angle": 0.0, "user/throttle": 0.0, "pos/x": 1.7296242713928223, "pos/y": -0.762904167175293, "pos/z": -16.318090438842773, "rpy/roll": -2.9750203914284032, "rpy/pitch": 3.945972417872139, "rpy/yaw": 20.473121400366896, "milliseconds": 26326}