{"cam/image1": "60_cam-image1_.jpg", "user/angle": 0.0, "user/throttle": 0.0, "pos/x": 1.353692889213562, "pos/y": -0.7263910174369812, "pos/z": -15.315649032592773, "rpy/roll": -1.547421669953171, "rpy/pitch": 4.095215097084823, "rpy/yaw": 18.413671284080973, "milliseconds": 25389}