{"cam/image1": "603_cam-image1_.jpg", "user/angle": 0.0, "user/throttle": 0.0, "pos/x": 26.69298553466797, "pos/y": -4.465353012084961, "pos/z": -63.87001419067383, "rpy/roll": -4.30913950910149, "rpy/pitch": -0.6847489740652744, "rpy/yaw": 21.400364871039944, "milliseconds": 83246}