{"cam/image1": "546_cam-image1_.jpg", "user/angle": 0.0, "user/throttle": 0.0, "pos/x": 25.6234188079834, "pos/y": -4.2438459396362305, "pos/z": -60.7176513671875, "rpy/roll": -12.054210174009672, "rpy/pitch": -1.0653485920123917, "rpy/yaw": 16.503869344982803, "milliseconds": 80387}