{"cam/image1": "99_cam-image1_.jpg", "user/angle": 0.0, "user/throttle": 0.0, "pos/x": 2.2149441242218018, "pos/y": -0.7810767292976379, "pos/z": -17.314319610595703, "rpy/roll": 2.0327539347822, "rpy/pitch": 3.768810628326828, "rpy/yaw": 23.6487326435805, "milliseconds": 27332}