{"cam/image1": "1200_cam-image1_.jpg", "user/angle": 0.0, "user/throttle": 0.0, "pos/x": 48.0703010559082, "pos/y": -6.909878730773926, "pos/z": -93.39807891845703, "rpy/roll": -14.715308624898565, "rpy/pitch": 5.002202166077869, "rpy/yaw": 50.37963974215429, "milliseconds": 113225}