{"cam/image1": "931_cam-image1_.jpg", "user/angle": 0.0, "user/throttle": 0.0, "pos/x": 35.85158920288086, "pos/y": -4.877851486206055, "pos/z": -82.19889831542969, "rpy/roll": -8.470330828554857, "rpy/pitch": 4.296730935571243, "rpy/yaw": 53.26798728493143, "milliseconds": 99730}