{"cam/image1": "1309_cam-image1_.jpg", "user/angle": 0.0, "user/throttle": 0.0, "pos/x": 57.400936126708984, "pos/y": -8.785886764526367, "pos/z": -105.18025207519531, "rpy/roll": -4.457996496934896, "rpy/pitch": 3.684878270347274, "rpy/yaw": 41.794889720263654, "milliseconds": 128774}