{"cam/image1": "491_cam-image1_.jpg", "user/angle": 0.0, "user/throttle": 0.0, "pos/x": 24.513568878173828, "pos/y": -4.264712810516357, "pos/z": -57.760520935058594, "rpy/roll": 1.355927246822186, "rpy/pitch": -2.0181630513073725, "rpy/yaw": 24.745613171691172, "milliseconds": 77630}