{"cam/image1": "680_cam-image1_.jpg", "user/angle": 0.0, "user/throttle": 0.0, "pos/x": 28.031803131103516, "pos/y": -4.732091903686523, "pos/z": -68.82621002197266, "rpy/roll": -10.363419872806926, "rpy/pitch": 1.7646616756012894, "rpy/yaw": 24.10516610153936, "milliseconds": 87108}