{"cam/image1": "480_cam-image1_.jpg", "user/angle": 0.0, "user/throttle": 0.0, "pos/x": 24.27800750732422, "pos/y": -4.31743860244751, "pos/z": -57.18584060668945, "rpy/roll": -0.987382280357124, "rpy/pitch": -0.953627447525153, "rpy/yaw": 22.41737381624047, "milliseconds": 77078}