{"cam/image1": "995_cam-image1_.jpg", "user/angle": 0.0, "user/throttle": 0.0, "pos/x": 39.16867446899414, "pos/y": -5.045131206512451, "pos/z": -84.52235412597656, "rpy/roll": -2.965545602726552, "rpy/pitch": 4.481408309741872, "rpy/yaw": 55.37874090107066, "milliseconds": 102938}