{"cam/image1": "713_cam-image1_.jpg", "user/angle": 0.0, "user/throttle": 0.0, "pos/x": 28.658946990966797, "pos/y": -4.4185004234313965, "pos/z": -70.98130798339844, "rpy/roll": 0.08573376850700075, "rpy/pitch": 0.43899721961087135, "rpy/yaw": 13.947103384313241, "milliseconds": 88762}