{"cam/image1": "703_cam-image1_.jpg", "user/angle": 0.0, "user/throttle": 0.0, "pos/x": 28.47568702697754, "pos/y": -4.539285659790039, "pos/z": -70.37525177001953, "rpy/roll": -2.3117693287263155, "rpy/pitch": -0.4201953997610754, "rpy/yaw": 14.59379940816758, "milliseconds": 88261}