{"cam/image1": "426_cam-image1_.jpg", "user/angle": 0.0, "user/throttle": 0.0, "pos/x": 23.07992935180664, "pos/y": -3.5438621044158936, "pos/z": -54.646484375, "rpy/roll": -3.2566188026299607, "rpy/pitch": 0.09542374267982713, "rpy/yaw": 22.69278050863351, "milliseconds": 74370}