{"cam/image1": "1152_cam-image1_.jpg", "user/angle": 0.0, "user/throttle": 0.0, "pos/x": 45.844791412353516, "pos/y": -6.564627170562744, "pos/z": -91.17150115966797, "rpy/roll": 2.2448694990635305, "rpy/pitch": -0.41191034968026435, "rpy/yaw": 46.15421840388584, "milliseconds": 110813}