{"cam/image1": "780_cam-image1_.jpg", "user/angle": 0.0, "user/throttle": 0.0, "pos/x": 30.133621215820312, "pos/y": -4.280240535736084, "pos/z": -74.9420166015625, "rpy/roll": 2.4930847530433216, "rpy/pitch": -1.2164514617092181, "rpy/yaw": 25.663678554899604, "milliseconds": 92125}