{"cam/image1": "301_cam-image1_.jpg", "user/angle": 0.0, "user/throttle": 0.0, "pos/x": 21.510967254638672, "pos/y": -2.661135196685791, "pos/z": -50.60285949707031, "rpy/roll": -0.9550374285551271, "rpy/pitch": -20.19097893167708, "rpy/yaw": 39.718293909210395, "milliseconds": 68097}