{"cam/image1": "1187_cam-image1_.jpg", "user/angle": 0.0, "user/throttle": 0.0, "pos/x": 47.3459587097168, "pos/y": -6.846073627471924, "pos/z": -92.85952758789062, "rpy/roll": 0.030651297389183, "rpy/pitch": 2.0921104572394453, "rpy/yaw": 39.03715541141086, "milliseconds": 112570}