{"cam/image1": "879_cam-image1_.jpg", "user/angle": 0.0, "user/throttle": 0.0, "pos/x": 33.29702377319336, "pos/y": -4.991110801696777, "pos/z": -80.1637191772461, "rpy/roll": -2.91215655902905, "rpy/pitch": 2.0048042138611426, "rpy/yaw": 43.526500611160344, "milliseconds": 97091}