{"cam/image1": "78_cam-image1_.jpg", "user/angle": 0.0, "user/throttle": 0.0, "pos/x": 1.7208067178726196, "pos/y": -0.7617263793945312, "pos/z": -16.288105010986328, "rpy/roll": -2.675737516052112, "rpy/pitch": 3.8485637791958993, "rpy/yaw": 20.65168987279019, "milliseconds": 26282}