{"cam/image1": "1184_cam-image1_.jpg", "user/angle": 0.0, "user/throttle": 0.0, "pos/x": 47.168785095214844, "pos/y": -6.826698303222656, "pos/z": -92.76717376708984, "rpy/roll": -0.2973017435063049, "rpy/pitch": 0.9338923169234068, "rpy/yaw": 40.45300908115063, "milliseconds": 112418}