{"cam/image1": "11_cam-image1_.jpg", "user/angle": 0.0, "user/throttle": 0.0, "pos/x": -0.36420273780822754, "pos/y": -0.1548171490430832, "pos/z": -3.926546096801758, "rpy/roll": -3.4451905240575944, "rpy/pitch": 4.238870207143509, "rpy/yaw": 3.4028036335654916, "milliseconds": 12747}