{"cam/image1": "634_cam-image1_.jpg", "user/angle": 0.0, "user/throttle": 0.0, "pos/x": 27.005748748779297, "pos/y": -4.809845924377441, "pos/z": -65.86552429199219, "rpy/roll": -1.087827506270194, "rpy/pitch": 0.5496524565071819, "rpy/yaw": 20.66589698804831, "milliseconds": 84801}