{"cam/image1": "304_cam-image1_.jpg", "user/angle": 0.0, "user/throttle": 0.0, "pos/x": 21.542842864990234, "pos/y": -2.6831181049346924, "pos/z": -50.675498962402344, "rpy/roll": -3.42261895301579, "rpy/pitch": -19.77822780924736, "rpy/yaw": 38.09712880183749, "milliseconds": 68246}