{"cam/image1": "245_cam-image1_.jpg", "user/angle": 0.0, "user/throttle": 0.0, "pos/x": 8.580942153930664, "pos/y": -1.594033122062683, "pos/z": -33.57495880126953, "rpy/roll": -2.175763457991008, "rpy/pitch": 4.545936850766806, "rpy/yaw": 47.03433734990672, "milliseconds": 44828}