{"cam/image1": "794_cam-image1_.jpg", "user/angle": 0.0, "user/throttle": 0.0, "pos/x": 30.426578521728516, "pos/y": -4.336791038513184, "pos/z": -75.77616882324219, "rpy/roll": -2.2965818357686487, "rpy/pitch": 1.0073750533531414, "rpy/yaw": 21.076031721517385, "milliseconds": 92828}