{"cam/image1": "764_cam-image1_.jpg", "user/angle": 0.0, "user/throttle": 0.0, "pos/x": 29.652240753173828, "pos/y": -4.1992058753967285, "pos/z": -74.08100891113281, "rpy/roll": 8.876963552163888, "rpy/pitch": 0.8202744226855161, "rpy/yaw": 18.594645530940905, "milliseconds": 91323}