{"cam/image1": "267_cam-image1_.jpg", "user/angle": 0.0, "user/throttle": 0.0, "pos/x": 13.476994514465332, "pos/y": -2.297621726989746, "pos/z": -44.590599060058594, "rpy/roll": 7.458763612635842, "rpy/pitch": 4.557775725688277, "rpy/yaw": 23.911033133413426, "milliseconds": 56123}