{"cam/image1": "934_cam-image1_.jpg", "user/angle": 0.0, "user/throttle": 0.0, "pos/x": 36.02225112915039, "pos/y": -4.897916793823242, "pos/z": -82.31852722167969, "rpy/roll": -5.684238824589439, "rpy/pitch": 4.6080420074741, "rpy/yaw": 52.43210653235736, "milliseconds": 99880}