{"cam/image1": "318_cam-image1_.jpg", "user/angle": 0.0, "user/throttle": 0.0, "pos/x": 21.770071029663086, "pos/y": -2.7481865882873535, "pos/z": -50.91425704956055, "rpy/roll": 0.03164641578950295, "rpy/pitch": -13.938656465532167, "rpy/yaw": 29.50260732563926, "milliseconds": 68949}