{"cam/image1": "617_cam-image1_.jpg", "user/angle": 0.0, "user/throttle": 0.0, "pos/x": 26.766088485717773, "pos/y": -4.728163719177246, "pos/z": -64.80512237548828, "rpy/roll": -5.4725346804431, "rpy/pitch": -1.6248361240767526, "rpy/yaw": 15.117134414546747, "milliseconds": 83948}