{"cam/image1": "1197_cam-image1_.jpg", "user/angle": 0.0, "user/throttle": 0.0, "pos/x": 47.960479736328125, "pos/y": -6.906711578369141, "pos/z": -93.2809066772461, "rpy/roll": -13.704116835701898, "rpy/pitch": 3.206620853491088, "rpy/yaw": 47.307039682127304, "milliseconds": 113073}