{"cam/image1": "547_cam-image1_.jpg", "user/angle": 0.0, "user/throttle": 0.0, "pos/x": 25.635324478149414, "pos/y": -4.26171350479126, "pos/z": -60.74443054199219, "rpy/roll": -10.831737069363363, "rpy/pitch": -1.2091293256778601, "rpy/yaw": 16.140239638224386, "milliseconds": 80437}