{"cam/image1": "927_cam-image1_.jpg", "user/angle": 0.0, "user/throttle": 0.0, "pos/x": 35.59270477294922, "pos/y": -4.877712726593018, "pos/z": -82.07555389404297, "rpy/roll": -8.40244110039462, "rpy/pitch": 3.855525757392917, "rpy/yaw": 53.62421936632115, "milliseconds": 99529}