{"cam/image1": "171_cam-image1_.jpg", "user/angle": 0.0, "user/throttle": 0.0, "pos/x": 4.184571266174316, "pos/y": -1.1147656440734863, "pos/z": -21.14299774169922, "rpy/roll": 8.719457989371984, "rpy/pitch": 2.0663509324784664, "rpy/yaw": 20.801722597584153, "milliseconds": 30963}