{"cam/image1": "9_cam-image1_.jpg", "user/angle": 0.0, "user/throttle": 0.0, "pos/x": -0.35952135920524597, "pos/y": -0.15337178111076355, "pos/z": -3.8347976207733154, "rpy/roll": -2.678204031158384, "rpy/pitch": 2.78395093633903, "rpy/yaw": 3.7301036024094927, "milliseconds": 12641}