{"cam/image1": "255_cam-image1_.jpg", "user/angle": 0.0, "user/throttle": 0.0, "pos/x": 8.866584777832031, "pos/y": -1.608791708946228, "pos/z": -33.99245834350586, "rpy/roll": -3.604483809924983, "rpy/pitch": 4.878375920100698, "rpy/yaw": 34.4273505701002, "milliseconds": 45329}