{"cam/image1": "974_cam-image1_.jpg", "user/angle": 0.0, "user/throttle": 0.0, "pos/x": 38.086891174316406, "pos/y": -4.921741962432861, "pos/z": -83.73573303222656, "rpy/roll": 1.214187450960333, "rpy/pitch": 2.1329829337577966, "rpy/yaw": 56.51144001755202, "milliseconds": 101885}