{"cam/image1": "80_cam-image1_.jpg", "user/angle": 0.0, "user/throttle": 0.0, "pos/x": 1.750732421875, "pos/y": -0.7665503025054932, "pos/z": -16.395830154418945, "rpy/roll": -3.551803567138457, "rpy/pitch": 3.682665242247203, "rpy/yaw": 20.201606434312865, "milliseconds": 26376}