{"cam/image1": "75_cam-image1_.jpg", "user/angle": 0.0, "user/throttle": 0.0, "pos/x": 1.661215901374817, "pos/y": -0.7510536909103394, "pos/z": -16.100618362426758, "rpy/roll": -2.1039203246740983, "rpy/pitch": 3.0677005890527416, "rpy/yaw": 20.638328261788224, "milliseconds": 26141}