{"cam/image1": "958_cam-image1_.jpg", "user/angle": 0.0, "user/throttle": 0.0, "pos/x": 37.31100845336914, "pos/y": -4.871245384216309, "pos/z": -83.15608215332031, "rpy/roll": 2.607992199319165, "rpy/pitch": 2.4660768936599635, "rpy/yaw": 55.503517949187675, "milliseconds": 101084}