{"cam/image1": "893_cam-image1_.jpg", "user/angle": 0.0, "user/throttle": 0.0, "pos/x": 33.974159240722656, "pos/y": -4.96272611618042, "pos/z": -80.79324340820312, "rpy/roll": -6.059273918435349, "rpy/pitch": 2.720781880729532, "rpy/yaw": 49.79239202864553, "milliseconds": 97825}