{"cam/image1": "367_cam-image1_.jpg", "user/angle": 0.0, "user/throttle": 0.0, "pos/x": 22.228668212890625, "pos/y": -3.039973258972168, "pos/z": -52.38962173461914, "rpy/roll": 4.411820329083248, "rpy/pitch": -8.061086902779946, "rpy/yaw": 12.214998659915748, "milliseconds": 71414}