{"cam/image1": "943_cam-image1_.jpg", "user/angle": 0.0, "user/throttle": 0.0, "pos/x": 36.49668884277344, "pos/y": -4.8960371017456055, "pos/z": -82.61457061767578, "rpy/roll": 2.467520008741269, "rpy/pitch": 3.4084845573670353, "rpy/yaw": 52.07122067936092, "milliseconds": 100331}