{"cam/image1": "622_cam-image1_.jpg", "user/angle": 0.0, "user/throttle": 0.0, "pos/x": 26.821949005126953, "pos/y": -4.777838230133057, "pos/z": -65.09912109375, "rpy/roll": -3.347490128852647, "rpy/pitch": -0.7364121678575921, "rpy/yaw": 14.184915581574662, "milliseconds": 84198}