{"cam/image1": "226_cam-image1_.jpg", "user/angle": 0.0, "user/throttle": 0.0, "pos/x": 7.851251602172852, "pos/y": -1.5781832933425903, "pos/z": -32.881900787353516, "rpy/roll": 3.573103390994519, "rpy/pitch": 5.602350511958798, "rpy/yaw": 29.164628196969886, "milliseconds": 43872}