{"cam/image1": "818_cam-image1_.jpg", "user/angle": 0.0, "user/throttle": 0.0, "pos/x": 31.17722511291504, "pos/y": -4.479028224945068, "pos/z": -77.12577056884766, "rpy/roll": -2.4025331342305067, "rpy/pitch": -4.008958220217161, "rpy/yaw": 26.016991110669707, "milliseconds": 94032}