{"cam/image1": "540_cam-image1_.jpg", "user/angle": 0.0, "user/throttle": 0.0, "pos/x": 25.505016326904297, "pos/y": -4.177502632141113, "pos/z": -60.37883377075195, "rpy/roll": -15.944361404326779, "rpy/pitch": -0.7907176562280316, "rpy/yaw": 22.87503882359383, "milliseconds": 80086}