{"cam/image1": "172_cam-image1_.jpg", "user/angle": 0.0, "user/throttle": 0.0, "pos/x": 4.2041015625, "pos/y": -1.1172585487365723, "pos/z": -21.183712005615234, "rpy/roll": 8.766846617516453, "rpy/pitch": 1.9047774366380983, "rpy/yaw": 20.039757285840444, "milliseconds": 30997}