{"cam/image1": "335_cam-image1_.jpg", "user/angle": 0.0, "user/throttle": 0.0, "pos/x": 21.923503875732422, "pos/y": -2.84002947807312, "pos/z": -51.347503662109375, "rpy/roll": -1.9797893737364953, "rpy/pitch": -12.15849262236627, "rpy/yaw": 23.89337454518382, "milliseconds": 69803}