{"cam/image1": "629_cam-image1_.jpg", "user/angle": 0.0, "user/throttle": 0.0, "pos/x": 26.918258666992188, "pos/y": -4.808686256408691, "pos/z": -65.57447814941406, "rpy/roll": 0.4367846745232199, "rpy/pitch": 0.003935102425438455, "rpy/yaw": 14.189883026921942, "milliseconds": 84549}