{"cam/image1": "351_cam-image1_.jpg", "user/angle": 0.0, "user/throttle": 0.0, "pos/x": 22.064193725585938, "pos/y": -2.9219534397125244, "pos/z": -51.87264633178711, "rpy/roll": -1.0666034066575538, "rpy/pitch": -11.08857895793648, "rpy/yaw": 17.841379238656586, "milliseconds": 70603}