{"cam/image1": "403_cam-image1_.jpg", "user/angle": 0.0, "user/throttle": 0.0, "pos/x": 22.833417892456055, "pos/y": -3.265608072280884, "pos/z": -53.669620513916016, "rpy/roll": -1.0272095214580774, "rpy/pitch": -0.07586232210538688, "rpy/yaw": 26.100346677436207, "milliseconds": 73211}