{"cam/image1": "728_cam-image1_.jpg", "user/angle": 0.0, "user/throttle": 0.0, "pos/x": 28.938400268554688, "pos/y": -4.304325103759766, "pos/z": -71.90910339355469, "rpy/roll": 3.5840328281674934, "rpy/pitch": 1.6971196627278353, "rpy/yaw": 12.44797063488609, "milliseconds": 89516}