{"cam/image1": "596_cam-image1_.jpg", "user/angle": 0.0, "user/throttle": 0.0, "pos/x": 26.548622131347656, "pos/y": -4.4088239669799805, "pos/z": -63.45616912841797, "rpy/roll": -7.595922858718624, "rpy/pitch": -2.811112022108968, "rpy/yaw": 21.55676919575268, "milliseconds": 82896}