{"cam/image1": "469_cam-image1_.jpg", "user/angle": 0.0, "user/throttle": 0.0, "pos/x": 24.076751708984375, "pos/y": -4.2663750648498535, "pos/z": -56.569496154785156, "rpy/roll": -2.3222392265529574, "rpy/pitch": -2.30795134031801, "rpy/yaw": 23.558093866042473, "milliseconds": 76527}