{"cam/image1": "1252_cam-image1_.jpg", "user/angle": 0.0, "user/throttle": 0.0, "pos/x": 48.89786148071289, "pos/y": -7.547698497772217, "pos/z": -94.54125213623047, "rpy/roll": -3.2624785569807853, "rpy/pitch": 3.7433245184303767, "rpy/yaw": 19.471178052117075, "milliseconds": 115832}