{"cam/image1": "987_cam-image1_.jpg", "user/angle": 0.0, "user/throttle": 0.0, "pos/x": 38.779850006103516, "pos/y": -4.974090576171875, "pos/z": -84.22765350341797, "rpy/roll": 1.0801199981663145, "rpy/pitch": 1.2185844161128836, "rpy/yaw": 55.225226797508235, "milliseconds": 102538}