{"cam/image1": "594_cam-image1_.jpg", "user/angle": 0.0, "user/throttle": 0.0, "pos/x": 26.512008666992188, "pos/y": -4.415133476257324, "pos/z": -63.34480667114258, "rpy/roll": -7.528973434192918, "rpy/pitch": -3.166441977113842, "rpy/yaw": 19.070904946818008, "milliseconds": 82803}