{"cam/image1": "579_cam-image1_.jpg", "user/angle": 0.0, "user/throttle": 0.0, "pos/x": 26.248106002807617, "pos/y": -4.427323818206787, "pos/z": -62.48089599609375, "rpy/roll": -10.684727277888923, "rpy/pitch": -1.352850860562824, "rpy/yaw": 14.850817933496375, "milliseconds": 82050}