{"cam/image1": "1087_cam-image1_.jpg", "user/angle": 0.0, "user/throttle": 0.0, "pos/x": 43.1709098815918, "pos/y": -6.371669769287109, "pos/z": -88.20904541015625, "rpy/roll": 3.344996686485407, "rpy/pitch": 2.347236069235759, "rpy/yaw": 37.34607633226397, "milliseconds": 107554}