{"cam/image1": "461_cam-image1_.jpg", "user/angle": 0.0, "user/throttle": 0.0, "pos/x": 23.91967010498047, "pos/y": -4.214779376983643, "pos/z": -56.14236831665039, "rpy/roll": -1.0284620818354222, "rpy/pitch": -0.6101411075908697, "rpy/yaw": 25.183781863889568, "milliseconds": 76126}