{"cam/image1": "146_cam-image1_.jpg", "user/angle": 0.0, "user/throttle": 0.0, "pos/x": 3.6061348915100098, "pos/y": -0.9893489480018616, "pos/z": -19.82634735107422, "rpy/roll": 12.84337290067792, "rpy/pitch": 0.3494344809727516, "rpy/yaw": 25.318532229104143, "milliseconds": 29694}