{"cam/image1": "352_cam-image1_.jpg", "user/angle": 0.0, "user/throttle": 0.0, "pos/x": 22.07219886779785, "pos/y": -2.937230110168457, "pos/z": -51.91097640991211, "rpy/roll": -1.5515588330697005, "rpy/pitch": -10.391748855486828, "rpy/yaw": 16.20020737834866, "milliseconds": 70654}