{"cam/image1": "236_cam-image1_.jpg", "user/angle": 0.0, "user/throttle": 0.0, "pos/x": 8.262079238891602, "pos/y": -1.5881556272506714, "pos/z": -33.22311019897461, "rpy/roll": 5.319585481830075, "rpy/pitch": 3.451248103816844, "rpy/yaw": 49.73055558343394, "milliseconds": 44376}