{"cam/image1": "295_cam-image1_.jpg", "user/angle": 0.0, "user/throttle": 0.0, "pos/x": 21.40666389465332, "pos/y": -2.6616995334625244, "pos/z": -50.485206604003906, "rpy/roll": 1.665407706413178, "rpy/pitch": -21.976913392279982, "rpy/yaw": 40.329582949979425, "milliseconds": 67793}