{"cam/image1": "787_cam-image1_.jpg", "user/angle": 0.0, "user/throttle": 0.0, "pos/x": 30.314424514770508, "pos/y": -4.362267971038818, "pos/z": -75.397216796875, "rpy/roll": 1.994389687011402, "rpy/pitch": -2.381831993804117, "rpy/yaw": 22.488003669472132, "milliseconds": 92476}