{"cam/image1": "62_cam-image1_.jpg", "user/angle": 0.0, "user/throttle": 0.0, "pos/x": 1.395214557647705, "pos/y": -0.7349622845649719, "pos/z": -15.426645278930664, "rpy/roll": -0.938807824292697, "rpy/pitch": 1.531369343228579, "rpy/yaw": 18.66312387414527, "milliseconds": 25474}