{"cam/image1": "272_cam-image1_.jpg", "user/angle": 0.0, "user/throttle": 0.0, "pos/x": 13.624089241027832, "pos/y": -2.323573112487793, "pos/z": -44.83210754394531, "rpy/roll": 3.1930074403867277, "rpy/pitch": 4.457182057133941, "rpy/yaw": 31.01017649500016, "milliseconds": 56366}