{"cam/image1": "1098_cam-image1_.jpg", "user/angle": 0.0, "user/throttle": 0.0, "pos/x": 43.61865234375, "pos/y": -6.40228271484375, "pos/z": -88.7018051147461, "rpy/roll": 4.633632635883715, "rpy/pitch": 2.2986943201123107, "rpy/yaw": 38.03149518419475, "milliseconds": 108106}