{"cam/image1": "676_cam-image1_.jpg", "user/angle": 0.0, "user/throttle": 0.0, "pos/x": 27.933626174926758, "pos/y": -4.79086446762085, "pos/z": -68.59538269042969, "rpy/roll": -10.024071108967071, "rpy/pitch": 0.6398235110266662, "rpy/yaw": 24.499925080815277, "milliseconds": 86907}