{"cam/image1": "705_cam-image1_.jpg", "user/angle": 0.0, "user/throttle": 0.0, "pos/x": 28.509136199951172, "pos/y": -4.473123073577881, "pos/z": -70.49490356445312, "rpy/roll": -1.7515961455148494, "rpy/pitch": 0.311689174437539, "rpy/yaw": 14.534450123587806, "milliseconds": 88361}