{"cam/image1": "1296_cam-image1_.jpg", "user/angle": 0.0, "user/throttle": 0.0, "pos/x": 50.24102020263672, "pos/y": -8.555647850036621, "pos/z": -95.62321472167969, "rpy/roll": 3.1793786061064355, "rpy/pitch": -0.5261157493103218, "rpy/yaw": 35.47507236170667, "milliseconds": 118038}