{"cam/image1": "913_cam-image1_.jpg", "user/angle": 0.0, "user/throttle": 0.0, "pos/x": 34.9373664855957, "pos/y": -4.934563636779785, "pos/z": -81.55204010009766, "rpy/roll": -7.423898634080065, "rpy/pitch": 2.8005707083896345, "rpy/yaw": 55.8640944946832, "milliseconds": 98827}