{"cam/image1": "247_cam-image1_.jpg", "user/angle": 0.0, "user/throttle": 0.0, "pos/x": 8.659128189086914, "pos/y": -1.59429132938385, "pos/z": -33.65019226074219, "rpy/roll": -0.5495628181056399, "rpy/pitch": 3.8003165489561592, "rpy/yaw": 43.056071684828225, "milliseconds": 44928}