{"cam/image1": "359_cam-image1_.jpg", "user/angle": 0.0, "user/throttle": 0.0, "pos/x": 22.13918113708496, "pos/y": -2.9654953479766846, "pos/z": -52.100807189941406, "rpy/roll": 1.78071477811592, "rpy/pitch": -6.904343356625862, "rpy/yaw": 13.613669715187372, "milliseconds": 71005}