{"cam/image1": "920_cam-image1_.jpg", "user/angle": 0.0, "user/throttle": 0.0, "pos/x": 35.30567169189453, "pos/y": -4.939694881439209, "pos/z": -81.79629516601562, "rpy/roll": -5.716091387001698, "rpy/pitch": 4.963941609849232, "rpy/yaw": 55.29998221711398, "milliseconds": 99178}