{"cam/image1": "168_cam-image1_.jpg", "user/angle": 0.0, "user/throttle": 0.0, "pos/x": 4.116137981414795, "pos/y": -1.0888924598693848, "pos/z": -20.95979881286621, "rpy/roll": 7.853977584183323, "rpy/pitch": 1.2395943931641695, "rpy/yaw": 22.147858939302747, "milliseconds": 30797}