{"cam/image1": "798_cam-image1_.jpg", "user/angle": 0.0, "user/throttle": 0.0, "pos/x": 30.51058006286621, "pos/y": -4.3719305992126465, "pos/z": -76.03399658203125, "rpy/roll": -7.7287488375235185, "rpy/pitch": -1.740160668836999, "rpy/yaw": 21.217592370508196, "milliseconds": 93029}