{"cam/image1": "1255_cam-image1_.jpg", "user/angle": 0.0, "user/throttle": 0.0, "pos/x": 48.94120407104492, "pos/y": -7.65227746963501, "pos/z": -94.60124206542969, "rpy/roll": -3.9566165287292017, "rpy/pitch": 8.349062410927152, "rpy/yaw": 22.811471803125897, "milliseconds": 115982}