{"cam/image1": "71_cam-image1_.jpg", "user/angle": 0.0, "user/throttle": 0.0, "pos/x": 1.5778911113739014, "pos/y": -0.7560034990310669, "pos/z": -15.905706405639648, "rpy/roll": -1.916830957067739, "rpy/pitch": 1.6227689591505403, "rpy/yaw": 20.30689574719104, "milliseconds": 25949}