{"cam/image1": "1045_cam-image1_.jpg", "user/angle": 0.0, "user/throttle": 0.0, "pos/x": 41.49694061279297, "pos/y": -5.881233215332031, "pos/z": -86.41686248779297, "rpy/roll": -1.3596188564429097, "rpy/pitch": 2.027374346074863, "rpy/yaw": 41.238124117456934, "milliseconds": 105445}