{"cam/image1": "182_cam-image1_.jpg", "user/angle": 0.0, "user/throttle": 0.0, "pos/x": 4.381588459014893, "pos/y": -1.1231000423431396, "pos/z": -21.769012451171875, "rpy/roll": 2.1968727762338838, "rpy/pitch": 3.387558345119343, "rpy/yaw": 18.098985725617087, "milliseconds": 31506}