{"cam/image1": "276_cam-image1_.jpg", "user/angle": 0.0, "user/throttle": 0.0, "pos/x": 13.763461112976074, "pos/y": -2.2636630535125732, "pos/z": -45.010589599609375, "rpy/roll": 5.095522724790387, "rpy/pitch": 3.478927633212477, "rpy/yaw": 34.22499119648712, "milliseconds": 56566}