{"cam/image1": "1134_cam-image1_.jpg", "user/angle": 0.0, "user/throttle": 0.0, "pos/x": 45.00370407104492, "pos/y": -6.408934593200684, "pos/z": -90.36846160888672, "rpy/roll": 7.899032008336399, "rpy/pitch": 2.932379142555723, "rpy/yaw": 39.2994386331339, "milliseconds": 109911}