{"cam/image1": "1131_cam-image1_.jpg", "user/angle": 0.0, "user/throttle": 0.0, "pos/x": 44.883548736572266, "pos/y": -6.405060768127441, "pos/z": -90.2027816772461, "rpy/roll": 8.174987021485036, "rpy/pitch": 3.026058410515336, "rpy/yaw": 39.45638803777799, "milliseconds": 109761}