{"cam/image1": "971_cam-image1_.jpg", "user/angle": 0.0, "user/throttle": 0.0, "pos/x": 37.90190124511719, "pos/y": -4.8983073234558105, "pos/z": -83.625244140625, "rpy/roll": 1.8404573225689358, "rpy/pitch": 1.709392169902623, "rpy/yaw": 56.2517698846835, "milliseconds": 101738}