{"cam/image1": "1159_cam-image1_.jpg", "user/angle": 0.0, "user/throttle": 0.0, "pos/x": 46.19823455810547, "pos/y": -6.591033458709717, "pos/z": -91.44277954101562, "rpy/roll": 1.1504091305672015, "rpy/pitch": 0.7988060132247455, "rpy/yaw": 46.742803601234336, "milliseconds": 111166}