{"cam/image1": "1286_cam-image1_.jpg", "user/angle": 0.0, "user/throttle": 0.0, "pos/x": 49.746376037597656, "pos/y": -8.3433198928833, "pos/z": -95.31178283691406, "rpy/roll": 2.2591367129077313, "rpy/pitch": 2.1487279004096953, "rpy/yaw": 35.61639112136825, "milliseconds": 117537}