{"cam/image1": "1003_cam-image1_.jpg", "user/angle": 0.0, "user/throttle": 0.0, "pos/x": 39.58011245727539, "pos/y": -5.271793842315674, "pos/z": -84.78524780273438, "rpy/roll": -6.808106959709159, "rpy/pitch": 6.130986251245842, "rpy/yaw": 53.043996287067955, "milliseconds": 103347}