{"cam/image1": "837_cam-image1_.jpg", "user/angle": 0.0, "user/throttle": 0.0, "pos/x": 31.956043243408203, "pos/y": -4.70461893081665, "pos/z": -78.03667449951172, "rpy/roll": -6.192278420081092, "rpy/pitch": 1.7575379917238352, "rpy/yaw": 33.973553273614506, "milliseconds": 94984}