{"cam/image1": "1222_cam-image1_.jpg", "user/angle": 0.0, "user/throttle": 0.0, "pos/x": 48.744972229003906, "pos/y": -7.127223491668701, "pos/z": -93.59867858886719, "rpy/roll": -0.4558915694053512, "rpy/pitch": 0.16956306926168502, "rpy/yaw": 36.53835601658803, "milliseconds": 114336}