{"cam/image1": "999_cam-image1_.jpg", "user/angle": 0.0, "user/throttle": 0.0, "pos/x": 39.34577941894531, "pos/y": -5.049715995788574, "pos/z": -84.68463134765625, "rpy/roll": -3.660890653915658, "rpy/pitch": 3.4087694169943656, "rpy/yaw": 54.52042089052409, "milliseconds": 103140}