{"cam/image1": "545_cam-image1_.jpg", "user/angle": 0.0, "user/throttle": 0.0, "pos/x": 25.59571647644043, "pos/y": -4.207581520080566, "pos/z": -60.63127136230469, "rpy/roll": -14.34529296910884, "rpy/pitch": -1.168391715911903, "rpy/yaw": 19.370822055518236, "milliseconds": 80337}