{"cam/image1": "554_cam-image1_.jpg", "user/angle": 0.0, "user/throttle": 0.0, "pos/x": 25.752635955810547, "pos/y": -4.277316570281982, "pos/z": -61.14935302734375, "rpy/roll": -9.663935859759688, "rpy/pitch": -1.3125480586228906, "rpy/yaw": 15.36503494307524, "milliseconds": 80789}