{"cam/image1": "1208_cam-image1_.jpg", "user/angle": 0.0, "user/throttle": 0.0, "pos/x": 48.241085052490234, "pos/y": -7.120075225830078, "pos/z": -93.63605499267578, "rpy/roll": -19.65290330217934, "rpy/pitch": 1.324429389235738, "rpy/yaw": 53.59839365528584, "milliseconds": 113626}