{"cam/image1": "322_cam-image1_.jpg", "user/angle": 0.0, "user/throttle": 0.0, "pos/x": 21.797883987426758, "pos/y": -2.7596206665039062, "pos/z": -50.97384262084961, "rpy/roll": 1.8851661610766581, "rpy/pitch": -11.965698425202655, "rpy/yaw": 27.12380607600346, "milliseconds": 69149}