{"cam/image1": "626_cam-image1_.jpg", "user/angle": 0.0, "user/throttle": 0.0, "pos/x": 26.91351890563965, "pos/y": -4.776824951171875, "pos/z": -65.34271240234375, "rpy/roll": -1.0832707861012563, "rpy/pitch": -0.7433927083540415, "rpy/yaw": 14.02451178570237, "milliseconds": 84408}