{"cam/image1": "674_cam-image1_.jpg", "user/angle": 0.0, "user/throttle": 0.0, "pos/x": 27.86158561706543, "pos/y": -4.8129706382751465, "pos/z": -68.47061157226562, "rpy/roll": -8.512336367397852, "rpy/pitch": 1.3629102524127172, "rpy/yaw": 24.09544860935435, "milliseconds": 86806}