{"cam/image1": "1206_cam-image1_.jpg", "user/angle": 0.0, "user/throttle": 0.0, "pos/x": 48.241432189941406, "pos/y": -7.096227169036865, "pos/z": -93.59542846679688, "rpy/roll": -17.22051252326, "rpy/pitch": 1.5755864872464167, "rpy/yaw": 57.27385222634725, "milliseconds": 113525}