{"cam/image1": "117_cam-image1_.jpg", "user/angle": 0.0, "user/throttle": 0.0, "pos/x": 2.7747464179992676, "pos/y": -0.9037981629371643, "pos/z": -18.265098571777344, "rpy/roll": 2.6355107636117414, "rpy/pitch": 2.0986697552002864, "rpy/yaw": 24.05171644552163, "milliseconds": 28231}