{"cam/image1": "503_cam-image1_.jpg", "user/angle": 0.0, "user/throttle": 0.0, "pos/x": 24.760025024414062, "pos/y": -4.166494369506836, "pos/z": -58.39972686767578, "rpy/roll": -2.9477593021491164, "rpy/pitch": 1.7253215497968115, "rpy/yaw": 22.53263709645506, "milliseconds": 78232}