{"cam/image1": "1124_cam-image1_.jpg", "user/angle": 0.0, "user/throttle": 0.0, "pos/x": 44.65913391113281, "pos/y": -6.4543538093566895, "pos/z": -89.87641143798828, "rpy/roll": 6.482651108882129, "rpy/pitch": 1.4675276888277418, "rpy/yaw": 39.773871787319216, "milliseconds": 109419}