{"cam/image1": "190_cam-image1_.jpg", "user/angle": 0.0, "user/throttle": 0.0, "pos/x": 4.502301216125488, "pos/y": -1.11033296585083, "pos/z": -22.16693878173828, "rpy/roll": 5.8413874383459765, "rpy/pitch": 5.1250944085061825, "rpy/yaw": 14.049165693178091, "milliseconds": 31901}