{"cam/image1": "1108_cam-image1_.jpg", "user/angle": 0.0, "user/throttle": 0.0, "pos/x": 44.022335052490234, "pos/y": -6.395308494567871, "pos/z": -89.12165069580078, "rpy/roll": 7.559712521842301, "rpy/pitch": 2.0682480364594085, "rpy/yaw": 38.72005531614093, "milliseconds": 108608}