{"cam/image1": "1154_cam-image1_.jpg", "user/angle": 0.0, "user/throttle": 0.0, "pos/x": 45.95180892944336, "pos/y": -6.600431442260742, "pos/z": -91.25369262695312, "rpy/roll": 1.028618690275287, "rpy/pitch": -0.4844328984819347, "rpy/yaw": 47.639462420589204, "milliseconds": 110914}