{"cam/image1": "297_cam-image1_.jpg", "user/angle": 0.0, "user/throttle": 0.0, "pos/x": 21.462257385253906, "pos/y": -2.680077075958252, "pos/z": -50.517879486083984, "rpy/roll": 1.3512131685949162, "rpy/pitch": -22.24333335496728, "rpy/yaw": 39.299999730372065, "milliseconds": 67894}