{"cam/image1": "882_cam-image1_.jpg", "user/angle": 0.0, "user/throttle": 0.0, "pos/x": 33.4467887878418, "pos/y": -4.942005634307861, "pos/z": -80.31146240234375, "rpy/roll": -3.821042311230644, "rpy/pitch": 2.827695545806815, "rpy/yaw": 45.20489669498676, "milliseconds": 97246}