{"cam/image1": "264_cam-image1_.jpg", "user/angle": 0.0, "user/throttle": 0.0, "pos/x": 13.409929275512695, "pos/y": -2.3310585021972656, "pos/z": -44.406349182128906, "rpy/roll": 8.770868079029281, "rpy/pitch": 3.132589482741719, "rpy/yaw": 22.883834180186675, "milliseconds": 55965}