{"cam/image1": "1149_cam-image1_.jpg", "user/angle": 0.0, "user/throttle": 0.0, "pos/x": 45.68011474609375, "pos/y": -6.515143394470215, "pos/z": -91.03498840332031, "rpy/roll": 6.060727271968082, "rpy/pitch": -1.7994125756838848, "rpy/yaw": 41.40926683766456, "milliseconds": 110664}