{"cam/image1": "232_cam-image1_.jpg", "user/angle": 0.0, "user/throttle": 0.0, "pos/x": 8.100677490234375, "pos/y": -1.5730804204940796, "pos/z": -33.11875534057617, "rpy/roll": -1.1337319171410778, "rpy/pitch": 2.2187687711825133, "rpy/yaw": 49.05845018854501, "milliseconds": 44177}