{"cam/image1": "485_cam-image1_.jpg", "user/angle": 0.0, "user/throttle": 0.0, "pos/x": 24.35613441467285, "pos/y": -4.247049331665039, "pos/z": -57.44614791870117, "rpy/roll": -1.1138782862709793, "rpy/pitch": 0.4465249908436628, "rpy/yaw": 24.941333996911208, "milliseconds": 77329}