{"cam/image1": "1246_cam-image1_.jpg", "user/angle": 0.0, "user/throttle": 0.0, "pos/x": 48.80562210083008, "pos/y": -7.333188056945801, "pos/z": -94.41919708251953, "rpy/roll": -6.26644189067443, "rpy/pitch": 3.1918175428575335, "rpy/yaw": 11.159215873908318, "milliseconds": 115538}