{"cam/image1": "299_cam-image1_.jpg", "user/angle": 0.0, "user/throttle": 0.0, "pos/x": 21.486387252807617, "pos/y": -2.6855227947235107, "pos/z": -50.563777923583984, "rpy/roll": 1.714912784095398, "rpy/pitch": -23.326719147605615, "rpy/yaw": 39.98470742621451, "milliseconds": 67995}