{"cam/image1": "218_cam-image1_.jpg", "user/angle": 0.0, "user/throttle": 0.0, "pos/x": 7.676285266876221, "pos/y": -1.5570844411849976, "pos/z": -32.52009963989258, "rpy/roll": 8.451136698534016, "rpy/pitch": 4.765268527838901, "rpy/yaw": 22.67694512237861, "milliseconds": 43471}