{"cam/image1": "505_cam-image1_.jpg", "user/angle": 0.0, "user/throttle": 0.0, "pos/x": 24.811399459838867, "pos/y": -4.101517677307129, "pos/z": -58.505611419677734, "rpy/roll": -2.5050826276264297, "rpy/pitch": 1.410644316728449, "rpy/yaw": 22.483829056568585, "milliseconds": 78333}