{"cam/image1": "558_cam-image1_.jpg", "user/angle": 0.0, "user/throttle": 0.0, "pos/x": 25.833805084228516, "pos/y": -4.298116207122803, "pos/z": -61.36650466918945, "rpy/roll": -14.027809827656965, "rpy/pitch": -2.239426861354063, "rpy/yaw": 20.49309606311422, "milliseconds": 80990}