{"cam/image1": "240_cam-image1_.jpg", "user/angle": 0.0, "user/throttle": 0.0, "pos/x": 8.407251358032227, "pos/y": -1.5929421186447144, "pos/z": -33.38060760498047, "rpy/roll": 2.6816010912362356, "rpy/pitch": 3.1281201556460845, "rpy/yaw": 49.050173412433786, "milliseconds": 44577}