{"cam/image1": "256_cam-image1_.jpg", "user/angle": 0.0, "user/throttle": 0.0, "pos/x": 8.905933380126953, "pos/y": -1.6096160411834717, "pos/z": -34.05396270751953, "rpy/roll": -4.3702273083794845, "rpy/pitch": 4.893454312537759, "rpy/yaw": 33.965819183862415, "milliseconds": 45388}