{"cam/image1": "402_cam-image1_.jpg", "user/angle": 0.0, "user/throttle": 0.0, "pos/x": 22.809911727905273, "pos/y": -3.2469546794891357, "pos/z": -53.635108947753906, "rpy/roll": -1.2778845190023587, "rpy/pitch": -2.0488124792014446, "rpy/yaw": 26.696055626345856, "milliseconds": 73161}