{"cam/image1": "209_cam-image1_.jpg", "user/angle": 0.0, "user/throttle": 0.0, "pos/x": 4.667700290679932, "pos/y": -1.1395463943481445, "pos/z": -23.197912216186523, "rpy/roll": 7.545360639243921, "rpy/pitch": 4.1113900431650645, "rpy/yaw": 2.4905846671455913, "milliseconds": 32859}