{"cam/image1": "493_cam-image1_.jpg", "user/angle": 0.0, "user/throttle": 0.0, "pos/x": 24.564559936523438, "pos/y": -4.2695136070251465, "pos/z": -57.879051208496094, "rpy/roll": 1.0949885915032913, "rpy/pitch": -3.7895073166177276, "rpy/yaw": 24.157951177235084, "milliseconds": 77739}