{"cam/image1": "1158_cam-image1_.jpg", "user/angle": 0.0, "user/throttle": 0.0, "pos/x": 46.15367126464844, "pos/y": -6.585402488708496, "pos/z": -91.40957641601562, "rpy/roll": 1.0552540698422157, "rpy/pitch": 1.348762382782261, "rpy/yaw": 46.9115684375786, "milliseconds": 111119}