{"cam/image1": "861_cam-image1_.jpg", "user/angle": 0.0, "user/throttle": 0.0, "pos/x": 32.51122283935547, "pos/y": -4.85333251953125, "pos/z": -79.34305572509766, "rpy/roll": -1.1548780577703692, "rpy/pitch": -1.5637027379312978, "rpy/yaw": 35.85621781204217, "milliseconds": 96188}