{"cam/image1": "1002_cam-image1_.jpg", "user/angle": 0.0, "user/throttle": 0.0, "pos/x": 39.44495391845703, "pos/y": -5.105962753295898, "pos/z": -84.7991943359375, "rpy/roll": -5.491189092814588, "rpy/pitch": 3.208109110415268, "rpy/yaw": 53.36486512970479, "milliseconds": 103289}