{"cam/image1": "184_cam-image1_.jpg", "user/angle": 0.0, "user/throttle": 0.0, "pos/x": 4.405755996704102, "pos/y": -1.123350739479065, "pos/z": -21.873271942138672, "rpy/roll": 1.3810456210143895, "rpy/pitch": 2.510817178466489, "rpy/yaw": 17.51525225055169, "milliseconds": 31600}