{"cam/image1": "1047_cam-image1_.jpg", "user/angle": 0.0, "user/throttle": 0.0, "pos/x": 41.56837844848633, "pos/y": -5.929525375366211, "pos/z": -86.5116195678711, "rpy/roll": -0.27850846503731097, "rpy/pitch": 1.596001868929861, "rpy/yaw": 40.334974025453896, "milliseconds": 105545}