{"cam/image1": "377_cam-image1_.jpg", "user/angle": 0.0, "user/throttle": 0.0, "pos/x": 22.382984161376953, "pos/y": -3.105893611907959, "pos/z": -52.70823287963867, "rpy/roll": 2.760084283045886, "rpy/pitch": -5.845394761097146, "rpy/yaw": 19.337868590183213, "milliseconds": 71907}