{"cam/image1": "568_cam-image1_.jpg", "user/angle": 0.0, "user/throttle": 0.0, "pos/x": 26.04266929626465, "pos/y": -4.341118812561035, "pos/z": -61.85898208618164, "rpy/roll": -15.964113597255185, "rpy/pitch": -1.781577777894327, "rpy/yaw": 20.85554476982431, "milliseconds": 81492}