{"cam/image1": "1099_cam-image1_.jpg", "user/angle": 0.0, "user/throttle": 0.0, "pos/x": 43.646907806396484, "pos/y": -6.408245086669922, "pos/z": -88.73135375976562, "rpy/roll": 5.067215352851104, "rpy/pitch": 2.1268792456749215, "rpy/yaw": 37.82427272485646, "milliseconds": 108156}