{"cam/image1": "500_cam-image1_.jpg", "user/angle": 0.0, "user/throttle": 0.0, "pos/x": 24.707353591918945, "pos/y": -4.217301845550537, "pos/z": -58.264610290527344, "rpy/roll": -2.9136314606305955, "rpy/pitch": -0.03573001694608865, "rpy/yaw": 22.97750768878038, "milliseconds": 78081}