{"cam/image1": "807_cam-image1_.jpg", "user/angle": 0.0, "user/throttle": 0.0, "pos/x": 30.82144546508789, "pos/y": -4.420633316040039, "pos/z": -76.5388412475586, "rpy/roll": -12.899615831516176, "rpy/pitch": -3.4660670009310874, "rpy/yaw": 26.857596901948114, "milliseconds": 93480}