{"cam/image1": "973_cam-image1_.jpg", "user/angle": 0.0, "user/throttle": 0.0, "pos/x": 38.00780487060547, "pos/y": -4.933077335357666, "pos/z": -83.69444274902344, "rpy/roll": 1.3415265801480685, "rpy/pitch": 1.6250631873604078, "rpy/yaw": 56.39246688432265, "milliseconds": 101837}