{"cam/image1": "1193_cam-image1_.jpg", "user/angle": 0.0, "user/throttle": 0.0, "pos/x": 47.79977035522461, "pos/y": -6.857260227203369, "pos/z": -93.0948486328125, "rpy/roll": -8.56092553433699, "rpy/pitch": 3.8451686624396033, "rpy/yaw": 44.16509583166041, "milliseconds": 112873}