{"cam/image1": "781_cam-image1_.jpg", "user/angle": 0.0, "user/throttle": 0.0, "pos/x": 30.16567611694336, "pos/y": -4.300830364227295, "pos/z": -75.02924346923828, "rpy/roll": 2.594739358835712, "rpy/pitch": -2.626869635203, "rpy/yaw": 24.82478847957091, "milliseconds": 92174}