{"cam/image1": "1226_cam-image1_.jpg", "user/angle": 0.0, "user/throttle": 0.0, "pos/x": 48.745689392089844, "pos/y": -7.233088493347168, "pos/z": -93.78865814208984, "rpy/roll": -8.453334281237032, "rpy/pitch": 0.7599055984103477, "rpy/yaw": 27.14063129913238, "milliseconds": 114534}