{"cam/image1": "842_cam-image1_.jpg", "user/angle": 0.0, "user/throttle": 0.0, "pos/x": 31.983591079711914, "pos/y": -4.7495646476745605, "pos/z": -78.32501983642578, "rpy/roll": -5.79085790199537, "rpy/pitch": 1.4225235421614228, "rpy/yaw": 33.16345533243033, "milliseconds": 95240}