{"cam/image1": "751_cam-image1_.jpg", "user/angle": 0.0, "user/throttle": 0.0, "pos/x": 29.263721466064453, "pos/y": -4.2625298500061035, "pos/z": -73.3235855102539, "rpy/roll": 7.834231863271349, "rpy/pitch": -1.3455842269997769, "rpy/yaw": 15.843381220644458, "milliseconds": 90670}