{"cam/image1": "132_cam-image1_.jpg", "user/angle": 0.0, "user/throttle": 0.0, "pos/x": 3.2141952514648438, "pos/y": -0.9509536623954773, "pos/z": -19.087003707885742, "rpy/roll": 7.079096353108871, "rpy/pitch": -0.7559331536365589, "rpy/yaw": 25.07948883881452, "milliseconds": 28992}