{"cam/image1": "375_cam-image1_.jpg", "user/angle": 0.0, "user/throttle": 0.0, "pos/x": 22.346071243286133, "pos/y": -3.089601993560791, "pos/z": -52.64839553833008, "rpy/roll": 1.5087883378785123, "rpy/pitch": -8.566246870423852, "rpy/yaw": 18.94839991126354, "milliseconds": 71808}