{"cam/image1": "502_cam-image1_.jpg", "user/angle": 0.0, "user/throttle": 0.0, "pos/x": 24.747941970825195, "pos/y": -4.179928779602051, "pos/z": -58.36628723144531, "rpy/roll": -2.5927656971899316, "rpy/pitch": 0.4023960299851336, "rpy/yaw": 22.524079685130598, "milliseconds": 78181}