{"cam/image1": "1004_cam-image1_.jpg", "user/angle": 0.0, "user/throttle": 0.0, "pos/x": 39.65184783935547, "pos/y": -5.335434436798096, "pos/z": -84.79264831542969, "rpy/roll": -7.583229972991299, "rpy/pitch": 6.471694851728565, "rpy/yaw": 52.88639715897237, "milliseconds": 103390}