{"cam/image1": "535_cam-image1_.jpg", "user/angle": 0.0, "user/throttle": 0.0, "pos/x": 25.395721435546875, "pos/y": -4.135036468505859, "pos/z": -60.10406494140625, "rpy/roll": -9.551116678753612, "rpy/pitch": -1.5979634558306501, "rpy/yaw": 18.656960055563662, "milliseconds": 79845}