{"cam/image1": "360_cam-image1_.jpg", "user/angle": 0.0, "user/throttle": 0.0, "pos/x": 22.15883445739746, "pos/y": -2.9809303283691406, "pos/z": -52.143455505371094, "rpy/roll": 2.618392077732557, "rpy/pitch": -7.444420757873992, "rpy/yaw": 13.15418578658952, "milliseconds": 71054}