{"cam/image1": "1245_cam-image1_.jpg", "user/angle": 0.0, "user/throttle": 0.0, "pos/x": 48.787837982177734, "pos/y": -7.300995349884033, "pos/z": -94.40119934082031, "rpy/roll": -6.532603666204828, "rpy/pitch": 3.5658349775724916, "rpy/yaw": 10.376686921837413, "milliseconds": 115480}