{"cam/image1": "1074_cam-image1_.jpg", "user/angle": 0.0, "user/throttle": 0.0, "pos/x": 42.574275970458984, "pos/y": -6.250477313995361, "pos/z": -87.67625427246094, "rpy/roll": 0.10252553541499407, "rpy/pitch": 1.499556696002137, "rpy/yaw": 36.69481360355413, "milliseconds": 106900}