{"cam/image1": "1221_cam-image1_.jpg", "user/angle": 0.0, "user/throttle": 0.0, "pos/x": 48.74897766113281, "pos/y": -7.094861030578613, "pos/z": -93.56819915771484, "rpy/roll": -0.5078218535071924, "rpy/pitch": 1.0869972200126712, "rpy/yaw": 37.92325802997676, "milliseconds": 114285}