{"cam/image1": "208_cam-image1_.jpg", "user/angle": 0.0, "user/throttle": 0.0, "pos/x": 4.6681647300720215, "pos/y": -1.1399991512298584, "pos/z": -23.14113426208496, "rpy/roll": 7.374559425192535, "rpy/pitch": 3.673430318814401, "rpy/yaw": 2.574654250474906, "milliseconds": 32804}