{"cam/image1": "1077_cam-image1_.jpg", "user/angle": 0.0, "user/throttle": 0.0, "pos/x": 42.71049118041992, "pos/y": -6.260725498199463, "pos/z": -87.81524658203125, "rpy/roll": -0.5085364353863805, "rpy/pitch": 2.4028110952806836, "rpy/yaw": 37.27758381223838, "milliseconds": 107050}