{"cam/image1": "873_cam-image1_.jpg", "user/angle": 0.0, "user/throttle": 0.0, "pos/x": 33.03233337402344, "pos/y": -4.969367027282715, "pos/z": -79.86228942871094, "rpy/roll": -2.3755431648635774, "rpy/pitch": 1.0955939292886363, "rpy/yaw": 41.66622283339605, "milliseconds": 96790}