{"cam/image1": "1319_cam-image1_.jpg", "user/angle": 0.0, "user/throttle": 0.0, "pos/x": 57.91611099243164, "pos/y": -8.756399154663086, "pos/z": -105.55632781982422, "rpy/roll": -0.9362344561199261, "rpy/pitch": 2.8987334526370785, "rpy/yaw": 46.13596009299154, "milliseconds": 129267}