{"cam/image1": "631_cam-image1_.jpg", "user/angle": 0.0, "user/throttle": 0.0, "pos/x": 26.937793731689453, "pos/y": -4.803098678588867, "pos/z": -65.69564056396484, "rpy/roll": -0.23011228267788778, "rpy/pitch": 0.9768870706172623, "rpy/yaw": 16.72875579385813, "milliseconds": 84649}