{"cam/image1": "986_cam-image1_.jpg", "user/angle": 0.0, "user/throttle": 0.0, "pos/x": 38.73042678833008, "pos/y": -4.985930919647217, "pos/z": -84.16791534423828, "rpy/roll": 1.7551141975067388, "rpy/pitch": 0.4244515732923843, "rpy/yaw": 55.49750055896618, "milliseconds": 102488}