{"cam/image1": "399_cam-image1_.jpg", "user/angle": 0.0, "user/throttle": 0.0, "pos/x": 22.757963180541992, "pos/y": -3.2458393573760986, "pos/z": -53.551300048828125, "rpy/roll": -1.354311956187884, "rpy/pitch": -2.746802778957552, "rpy/yaw": 25.311687649374427, "milliseconds": 73011}