{"cam/image1": "1118_cam-image1_.jpg", "user/angle": 0.0, "user/throttle": 0.0, "pos/x": 44.425994873046875, "pos/y": -6.428015232086182, "pos/z": -89.57550811767578, "rpy/roll": 7.924486106553122, "rpy/pitch": 0.24502721886275977, "rpy/yaw": 39.62196239104271, "milliseconds": 109109}