{"cam/image1": "643_cam-image1_.jpg", "user/angle": 0.0, "user/throttle": 0.0, "pos/x": 27.258737564086914, "pos/y": -4.825009346008301, "pos/z": -66.44763946533203, "rpy/roll": -1.8551134920964396, "rpy/pitch": 0.0020189955630891803, "rpy/yaw": 22.64386387937112, "milliseconds": 85260}