{"cam/image1": "185_cam-image1_.jpg", "user/angle": 0.0, "user/throttle": 0.0, "pos/x": 4.42985200881958, "pos/y": -1.1072568893432617, "pos/z": -21.948055267333984, "rpy/roll": 2.753036013754452, "rpy/pitch": 2.675041225020891, "rpy/yaw": 17.675204089397493, "milliseconds": 31649}