{"cam/image1": "730_cam-image1_.jpg", "user/angle": 0.0, "user/throttle": 0.0, "pos/x": 28.9726619720459, "pos/y": -4.30204963684082, "pos/z": -72.03898620605469, "rpy/roll": 4.624655730925873, "rpy/pitch": -0.15434204446130503, "rpy/yaw": 12.094608395747176, "milliseconds": 89616}