{"cam/image1": "791_cam-image1_.jpg", "user/angle": 0.0, "user/throttle": 0.0, "pos/x": 30.381032943725586, "pos/y": -4.349300861358643, "pos/z": -75.58905029296875, "rpy/roll": 1.453418352782257, "rpy/pitch": -2.745645368546711, "rpy/yaw": 23.209072412264288, "milliseconds": 92678}