{"cam/image1": "1247_cam-image1_.jpg", "user/angle": 0.0, "user/throttle": 0.0, "pos/x": 48.81711959838867, "pos/y": -7.395770072937012, "pos/z": -94.44921112060547, "rpy/roll": -5.213869386221003, "rpy/pitch": 2.107286796233535, "rpy/yaw": 13.19065265141615, "milliseconds": 115581}