{"cam/image1": "326_cam-image1_.jpg", "user/angle": 0.0, "user/throttle": 0.0, "pos/x": 21.843891143798828, "pos/y": -2.7867419719696045, "pos/z": -51.07666015625, "rpy/roll": 1.9115489911699595, "rpy/pitch": -11.376701090791808, "rpy/yaw": 26.4435903164681, "milliseconds": 69350}