{"cam/image1": "372_cam-image1_.jpg", "user/angle": 0.0, "user/throttle": 0.0, "pos/x": 22.29511070251465, "pos/y": -3.080984115600586, "pos/z": -52.55179977416992, "rpy/roll": 1.843058330541185, "rpy/pitch": -6.838839423007332, "rpy/yaw": 16.85776369087357, "milliseconds": 71657}