{"cam/image1": "652_cam-image1_.jpg", "user/angle": 0.0, "user/throttle": 0.0, "pos/x": 27.44093894958496, "pos/y": -4.80916166305542, "pos/z": -67.01741790771484, "rpy/roll": 0.3841975762119986, "rpy/pitch": -0.06706746156229641, "rpy/yaw": 16.30813969117175, "milliseconds": 85703}