{"cam/image1": "1080_cam-image1_.jpg", "user/angle": 0.0, "user/throttle": 0.0, "pos/x": 42.83332443237305, "pos/y": -6.267204284667969, "pos/z": -87.9361572265625, "rpy/roll": 0.25045936375532574, "rpy/pitch": 1.558383852636322, "rpy/yaw": 37.81775801456647, "milliseconds": 107202}