{"cam/image1": "1117_cam-image1_.jpg", "user/angle": 0.0, "user/throttle": 0.0, "pos/x": 44.3692512512207, "pos/y": -6.415109157562256, "pos/z": -89.50957489013672, "rpy/roll": 8.707098734294663, "rpy/pitch": 1.2637934089631213, "rpy/yaw": 39.39196101281819, "milliseconds": 109059}