{"cam/image1": "395_cam-image1_.jpg", "user/angle": 0.0, "user/throttle": 0.0, "pos/x": 22.63814353942871, "pos/y": -3.271263837814331, "pos/z": -53.410518646240234, "rpy/roll": 0.4256672711700918, "rpy/pitch": -6.216453827755093, "rpy/yaw": 21.686330746000976, "milliseconds": 72812}