{"cam/image1": "635_cam-image1_.jpg", "user/angle": 0.0, "user/throttle": 0.0, "pos/x": 27.03683853149414, "pos/y": -4.806798458099365, "pos/z": -65.94374084472656, "rpy/roll": -1.5963103158173648, "rpy/pitch": 1.1129284937057309, "rpy/yaw": 21.837406423355546, "milliseconds": 84850}