{"cam/image1": "1059_cam-image1_.jpg", "user/angle": 0.0, "user/throttle": 0.0, "pos/x": 42.00717544555664, "pos/y": -6.013969421386719, "pos/z": -87.03388977050781, "rpy/roll": 1.9711920283876172, "rpy/pitch": 1.6425942199166974, "rpy/yaw": 38.135756051998015, "milliseconds": 106147}