{"cam/image1": "734_cam-image1_.jpg", "user/angle": 0.0, "user/throttle": 0.0, "pos/x": 29.039199829101562, "pos/y": -4.31210470199585, "pos/z": -72.27477264404297, "rpy/roll": 6.482565988982996, "rpy/pitch": 2.5622885645624915, "rpy/yaw": 12.060154131213743, "milliseconds": 89817}