{"cam/image1": "886_cam-image1_.jpg", "user/angle": 0.0, "user/throttle": 0.0, "pos/x": 33.651206970214844, "pos/y": -4.962615013122559, "pos/z": -80.52046966552734, "rpy/roll": -5.250240375565396, "rpy/pitch": 1.9397311537670505, "rpy/yaw": 47.02099409677582, "milliseconds": 97473}