{"cam/image1": "817_cam-image1_.jpg", "user/angle": 0.0, "user/throttle": 0.0, "pos/x": 31.13841438293457, "pos/y": -4.475860595703125, "pos/z": -77.09166717529297, "rpy/roll": -2.442728449860907, "rpy/pitch": -2.9502394669012175, "rpy/yaw": 25.6752992430809, "milliseconds": 93981}