{"cam/image1": "111_cam-image1_.jpg", "user/angle": 0.0, "user/throttle": 0.0, "pos/x": 2.5305395126342773, "pos/y": -0.8262219429016113, "pos/z": -17.97751235961914, "rpy/roll": 2.7092101005065823, "rpy/pitch": 1.5206491243874183, "rpy/yaw": 23.128198441140952, "milliseconds": 27930}