{"cam/image1": "311_cam-image1_.jpg", "user/angle": 0.0, "user/throttle": 0.0, "pos/x": 21.697967529296875, "pos/y": -2.702944278717041, "pos/z": -50.78929901123047, "rpy/roll": -1.980515491139142, "rpy/pitch": -15.744542076354799, "rpy/yaw": 34.250585789325854, "milliseconds": 68598}