{"cam/image1": "17_cam-image1_.jpg", "user/angle": 0.0, "user/throttle": 0.0, "pos/x": -0.3814908564090729, "pos/y": -0.15712356567382812, "pos/z": -4.185310363769531, "rpy/roll": -4.481966751965747, "rpy/pitch": 2.6913025089246894, "rpy/yaw": -0.8250628497548497, "milliseconds": 13042}