{"cam/image1": "569_cam-image1_.jpg", "user/angle": 0.0, "user/throttle": 0.0, "pos/x": 26.06488609313965, "pos/y": -4.349939823150635, "pos/z": -61.932769775390625, "rpy/roll": -16.49956814318468, "rpy/pitch": -1.8485172024669685, "rpy/yaw": 20.839147830854596, "milliseconds": 81541}