{"cam/image1": "1191_cam-image1_.jpg", "user/angle": 0.0, "user/throttle": 0.0, "pos/x": 47.68021011352539, "pos/y": -6.828087329864502, "pos/z": -93.02764892578125, "rpy/roll": -3.2930388426875576, "rpy/pitch": 1.5261767824909684, "rpy/yaw": 41.42494426087368, "milliseconds": 112773}