{"cam/image1": "419_cam-image1_.jpg", "user/angle": 0.0, "user/throttle": 0.0, "pos/x": 22.943531036376953, "pos/y": -3.4686195850372314, "pos/z": -54.37941360473633, "rpy/roll": -2.3240968350067095, "rpy/pitch": 0.6623662062041253, "rpy/yaw": 20.497866695586403, "milliseconds": 74018}