{"cam/image1": "801_cam-image1_.jpg", "user/angle": 0.0, "user/throttle": 0.0, "pos/x": 30.5954532623291, "pos/y": -4.3594651222229, "pos/z": -76.22480773925781, "rpy/roll": -13.809897437591973, "rpy/pitch": -5.342348430165196, "rpy/yaw": 25.79153095106267, "milliseconds": 93179}