{"cam/image1": "1169_cam-image1_.jpg", "user/angle": 0.0, "user/throttle": 0.0, "pos/x": 46.61161804199219, "pos/y": -6.6322197914123535, "pos/z": -91.94163513183594, "rpy/roll": 2.3420429978720256, "rpy/pitch": 1.3549708525746564, "rpy/yaw": 40.86351421045126, "milliseconds": 111667}