{"cam/image1": "1178_cam-image1_.jpg", "user/angle": 0.0, "user/throttle": 0.0, "pos/x": 46.91733932495117, "pos/y": -6.714726448059082, "pos/z": -92.44853210449219, "rpy/roll": -1.8457716119052399, "rpy/pitch": 2.4489282906168333, "rpy/yaw": 40.44576680921523, "milliseconds": 112117}