{"cam/image1": "355_cam-image1_.jpg", "user/angle": 0.0, "user/throttle": 0.0, "pos/x": 22.09872817993164, "pos/y": -2.9564154148101807, "pos/z": -51.986446380615234, "rpy/roll": -0.5725731238315952, "rpy/pitch": -8.513590255159869, "rpy/yaw": 15.278170952503537, "milliseconds": 70804}