{"cam/image1": "659_cam-image1_.jpg", "user/angle": 0.0, "user/throttle": 0.0, "pos/x": 27.50896644592285, "pos/y": -4.791071891784668, "pos/z": -67.50841522216797, "rpy/roll": -3.5959959903378316, "rpy/pitch": 0.24161169187290416, "rpy/yaw": 14.620583500839178, "milliseconds": 86053}