{"cam/image1": "718_cam-image1_.jpg", "user/angle": 0.0, "user/throttle": 0.0, "pos/x": 28.726985931396484, "pos/y": -4.374824047088623, "pos/z": -71.31597900390625, "rpy/roll": 1.9933644885822368, "rpy/pitch": 0.5583642841800652, "rpy/yaw": 13.408133300417639, "milliseconds": 89015}