{"cam/image1": "723_cam-image1_.jpg", "user/angle": 0.0, "user/throttle": 0.0, "pos/x": 28.833879470825195, "pos/y": -4.385577201843262, "pos/z": -71.58788299560547, "rpy/roll": 1.978795581632401, "rpy/pitch": 1.5118448873094532, "rpy/yaw": 13.06422769856918, "milliseconds": 89267}