{"cam/image1": "885_cam-image1_.jpg", "user/angle": 0.0, "user/throttle": 0.0, "pos/x": 33.59199142456055, "pos/y": -4.956855773925781, "pos/z": -80.46418762207031, "rpy/roll": -4.433392071535774, "rpy/pitch": 1.471697905717034, "rpy/yaw": 46.85504352432918, "milliseconds": 97422}