{"cam/image1": "1257_cam-image1_.jpg", "user/angle": 0.0, "user/throttle": 0.0, "pos/x": 49.00054931640625, "pos/y": -7.687341690063477, "pos/z": -94.64461517333984, "rpy/roll": -1.2301996285864425, "rpy/pitch": 5.7333085664668735, "rpy/yaw": 24.336143577491004, "milliseconds": 116081}