{"cam/image1": "804_cam-image1_.jpg", "user/angle": 0.0, "user/throttle": 0.0, "pos/x": 30.675487518310547, "pos/y": -4.394547939300537, "pos/z": -76.36524200439453, "rpy/roll": -17.740169500608914, "rpy/pitch": -4.665432749510314, "rpy/yaw": 28.169288950564646, "milliseconds": 93329}