{"cam/image1": "259_cam-image1_.jpg", "user/angle": 0.0, "user/throttle": 0.0, "pos/x": 8.98543930053711, "pos/y": -1.609449028968811, "pos/z": -34.17925262451172, "rpy/roll": -2.5975233539059204, "rpy/pitch": 4.202101032613486, "rpy/yaw": 29.315533566448842, "milliseconds": 55749}