{"cam/image1": "456_cam-image1_.jpg", "user/angle": 0.0, "user/throttle": 0.0, "pos/x": 23.819501876831055, "pos/y": -4.208519458770752, "pos/z": -55.90410614013672, "rpy/roll": 0.3669196585725136, "rpy/pitch": 1.9662889508134804, "rpy/yaw": 25.774967537320045, "milliseconds": 75875}