{"cam/image1": "678_cam-image1_.jpg", "user/angle": 0.0, "user/throttle": 0.0, "pos/x": 27.980072021484375, "pos/y": -4.780551433563232, "pos/z": -68.70635986328125, "rpy/roll": -10.057029884680043, "rpy/pitch": 1.9982999005571542, "rpy/yaw": 24.503182999889376, "milliseconds": 87007}