{"cam/image1": "1042_cam-image1_.jpg", "user/angle": 0.0, "user/throttle": 0.0, "pos/x": 41.361785888671875, "pos/y": -5.834963798522949, "pos/z": -86.27872467041016, "rpy/roll": -1.3201739064543305, "rpy/pitch": 2.974573884060237, "rpy/yaw": 42.40060244874374, "milliseconds": 105295}