{"cam/image1": "830_cam-image1_.jpg", "user/angle": 0.0, "user/throttle": 0.0, "pos/x": 31.800268173217773, "pos/y": -4.577259063720703, "pos/z": -77.67308044433594, "rpy/roll": -9.731328714485533, "rpy/pitch": -2.7171266963370213, "rpy/yaw": 37.92696583945209, "milliseconds": 94634}