{"cam/image1": "350_cam-image1_.jpg", "user/angle": 0.0, "user/throttle": 0.0, "pos/x": 22.059925079345703, "pos/y": -2.916233539581299, "pos/z": -51.84666061401367, "rpy/roll": -1.0695946467472566, "rpy/pitch": -10.081910812138208, "rpy/yaw": 17.593195355400916, "milliseconds": 70561}