{"cam/image1": "624_cam-image1_.jpg", "user/angle": 0.0, "user/throttle": 0.0, "pos/x": 26.87080955505371, "pos/y": -4.775930404663086, "pos/z": -65.21785736083984, "rpy/roll": -2.5691908323922426, "rpy/pitch": -0.23015700217979773, "rpy/yaw": 13.848941427601314, "milliseconds": 84301}