{"cam/image1": "757_cam-image1_.jpg", "user/angle": 0.0, "user/throttle": 0.0, "pos/x": 29.39869499206543, "pos/y": -4.153728485107422, "pos/z": -73.7523193359375, "rpy/roll": 8.251628020191278, "rpy/pitch": -1.9167873788002805, "rpy/yaw": 18.609999289519955, "milliseconds": 90972}