{"cam/image1": "538_cam-image1_.jpg", "user/angle": 0.0, "user/throttle": 0.0, "pos/x": 25.460670471191406, "pos/y": -4.159432411193848, "pos/z": -60.268272399902344, "rpy/roll": -14.607143658898893, "rpy/pitch": -0.7629992043214113, "rpy/yaw": 21.13202385600407, "milliseconds": 79985}