{"cam/image1": "1_cam-image1_.jpg", "user/angle": 0.0, "user/throttle": 0.0, "pos/x": -0.36495503783226013, "pos/y": -0.1428658664226532, "pos/z": -3.409771203994751, "rpy/roll": 1.618471021317952, "rpy/pitch": 3.6994227066658207, "rpy/yaw": 5.457585344179092, "milliseconds": 12276}