{"cam/image1": "918_cam-image1_.jpg", "user/angle": 0.0, "user/throttle": 0.0, "pos/x": 35.208099365234375, "pos/y": -4.932261943817139, "pos/z": -81.72417449951172, "rpy/roll": -5.672663558462005, "rpy/pitch": 3.9608796139975517, "rpy/yaw": 55.81182062632414, "milliseconds": 99077}