{"cam/image1": "1186_cam-image1_.jpg", "user/angle": 0.0, "user/throttle": 0.0, "pos/x": 47.31452178955078, "pos/y": -6.839805603027344, "pos/z": -92.82389068603516, "rpy/roll": -0.09390130063510349, "rpy/pitch": 3.0216024662173817, "rpy/yaw": 39.53832998551334, "milliseconds": 112518}