{"cam/image1": "881_cam-image1_.jpg", "user/angle": 0.0, "user/throttle": 0.0, "pos/x": 33.37752151489258, "pos/y": -4.94413948059082, "pos/z": -80.2478256225586, "rpy/roll": -3.1124290511429384, "rpy/pitch": 3.1068152261137874, "rpy/yaw": 44.9141341960094, "milliseconds": 97192}