{"cam/image1": "530_cam-image1_.jpg", "user/angle": 0.0, "user/throttle": 0.0, "pos/x": 25.342899322509766, "pos/y": -4.13745641708374, "pos/z": -59.852149963378906, "rpy/roll": -6.350361606487722, "rpy/pitch": 0.7702088682258933, "rpy/yaw": 17.807143358527032, "milliseconds": 79585}