{"cam/image1": "965_cam-image1_.jpg", "user/angle": 0.0, "user/throttle": 0.0, "pos/x": 37.609249114990234, "pos/y": -4.87579870223999, "pos/z": -83.40335083007812, "rpy/roll": 2.6766935754985157, "rpy/pitch": 3.7723086820640015, "rpy/yaw": 56.06597079755196, "milliseconds": 101436}