{"cam/image1": "874_cam-image1_.jpg", "user/angle": 0.0, "user/throttle": 0.0, "pos/x": 33.0939826965332, "pos/y": -4.978511810302734, "pos/z": -79.94131469726562, "rpy/roll": -2.7384518845656727, "rpy/pitch": 1.4793334839426118, "rpy/yaw": 42.095910792909145, "milliseconds": 96840}