{"cam/image1": "959_cam-image1_.jpg", "user/angle": 0.0, "user/throttle": 0.0, "pos/x": 37.34486770629883, "pos/y": -4.872349739074707, "pos/z": -83.18457794189453, "rpy/roll": 2.624052816340867, "rpy/pitch": 2.977005651216771, "rpy/yaw": 55.450787530021195, "milliseconds": 101133}