{"cam/image1": "1085_cam-image1_.jpg", "user/angle": 0.0, "user/throttle": 0.0, "pos/x": 43.07944107055664, "pos/y": -6.325962543487549, "pos/z": -88.1312484741211, "rpy/roll": 2.286400959984875, "rpy/pitch": 3.799703184731785, "rpy/yaw": 37.774571628057274, "milliseconds": 107452}