{"cam/image1": "883_cam-image1_.jpg", "user/angle": 0.0, "user/throttle": 0.0, "pos/x": 33.47710037231445, "pos/y": -4.94584321975708, "pos/z": -80.33780670166016, "rpy/roll": -3.817262028237257, "rpy/pitch": 2.224017837511852, "rpy/yaw": 45.42555234433405, "milliseconds": 97291}