{"cam/image1": "507_cam-image1_.jpg", "user/angle": 0.0, "user/throttle": 0.0, "pos/x": 24.863140106201172, "pos/y": -4.0584282875061035, "pos/z": -58.60923385620117, "rpy/roll": -2.1906696096959704, "rpy/pitch": 1.7738212210199298, "rpy/yaw": 21.970351310372333, "milliseconds": 78433}