{"cam/image1": "23_cam-image1_.jpg", "user/angle": 0.0, "user/throttle": 0.0, "pos/x": -0.3866347670555115, "pos/y": -0.18015234172344208, "pos/z": -4.46622371673584, "rpy/roll": -4.651130637879855, "rpy/pitch": 2.7307266327472437, "rpy/yaw": -3.6415519397338336, "milliseconds": 13350}