{"cam/image1": "571_cam-image1_.jpg", "user/angle": 0.0, "user/throttle": 0.0, "pos/x": 26.09539031982422, "pos/y": -4.381331443786621, "pos/z": -62.04297637939453, "rpy/roll": -17.198832241505123, "rpy/pitch": -2.0827891084499104, "rpy/yaw": 20.172038158316667, "milliseconds": 81641}