{"cam/image1": "96_cam-image1_.jpg", "user/angle": 0.0, "user/throttle": 0.0, "pos/x": 2.1328201293945312, "pos/y": -0.7697030901908875, "pos/z": -17.172746658325195, "rpy/roll": 0.2819412731171245, "rpy/pitch": 5.991987986432392, "rpy/yaw": 24.153344413350663, "milliseconds": 27178}