{"cam/image1": "1014_cam-image1_.jpg", "user/angle": 0.0, "user/throttle": 0.0, "pos/x": 40.18018341064453, "pos/y": -5.625472545623779, "pos/z": -85.09613800048828, "rpy/roll": -4.902323513344575, "rpy/pitch": 3.864175336773791, "rpy/yaw": 51.77784760659164, "milliseconds": 103892}