{"cam/image1": "274_cam-image1_.jpg", "user/angle": 0.0, "user/throttle": 0.0, "pos/x": 13.693602561950684, "pos/y": -2.2755441665649414, "pos/z": -44.91093444824219, "rpy/roll": 4.18540025532476, "rpy/pitch": 5.135386727957181, "rpy/yaw": 33.790178955232, "milliseconds": 56466}