{"cam/image1": "1133_cam-image1_.jpg", "user/angle": 0.0, "user/throttle": 0.0, "pos/x": 44.958370208740234, "pos/y": -6.407217025756836, "pos/z": -90.30731201171875, "rpy/roll": 7.749663987199196, "rpy/pitch": 3.354932977553769, "rpy/yaw": 39.52965843412867, "milliseconds": 109860}