{"cam/image1": "656_cam-image1_.jpg", "user/angle": 0.0, "user/throttle": 0.0, "pos/x": 27.468244552612305, "pos/y": -4.807044506072998, "pos/z": -67.2853775024414, "rpy/roll": -2.6325330018141244, "rpy/pitch": -0.4819498496276543, "rpy/yaw": 13.259131073133434, "milliseconds": 85910}