{"cam/image1": "1204_cam-image1_.jpg", "user/angle": 0.0, "user/throttle": 0.0, "pos/x": 48.21672821044922, "pos/y": -6.9920501708984375, "pos/z": -93.55408477783203, "rpy/roll": -18.310148990650852, "rpy/pitch": 0.8260970077477506, "rpy/yaw": 58.12635285323335, "milliseconds": 113425}