{"cam/image1": "1035_cam-image1_.jpg", "user/angle": 0.0, "user/throttle": 0.0, "pos/x": 41.100425720214844, "pos/y": -5.775684356689453, "pos/z": -86.03374481201172, "rpy/roll": -3.0541759895208487, "rpy/pitch": -1.2041903577844326, "rpy/yaw": 42.020332055756086, "milliseconds": 104944}