{"cam/image1": "275_cam-image1_.jpg", "user/angle": 0.0, "user/throttle": 0.0, "pos/x": 13.742081642150879, "pos/y": -2.2703258991241455, "pos/z": -44.97739791870117, "rpy/roll": 4.391901759807213, "rpy/pitch": 4.438217043115515, "rpy/yaw": 34.135939231864945, "milliseconds": 56524}