{"cam/image1": "357_cam-image1_.jpg", "user/angle": 0.0, "user/throttle": 0.0, "pos/x": 22.120180130004883, "pos/y": -2.956695556640625, "pos/z": -52.039588928222656, "rpy/roll": 0.5331952924859257, "rpy/pitch": -7.996025257678328, "rpy/yaw": 13.999657200793466, "milliseconds": 70906}