{"cam/image1": "544_cam-image1_.jpg", "user/angle": 0.0, "user/throttle": 0.0, "pos/x": 25.57846450805664, "pos/y": -4.2030439376831055, "pos/z": -60.60132598876953, "rpy/roll": -15.393883098201698, "rpy/pitch": -1.3327904019108494, "rpy/yaw": 19.987836284432532, "milliseconds": 80287}