{"cam/image1": "1092_cam-image1_.jpg", "user/angle": 0.0, "user/throttle": 0.0, "pos/x": 43.41440963745117, "pos/y": -6.407973289489746, "pos/z": -88.42424011230469, "rpy/roll": 4.072852662481115, "rpy/pitch": 3.063355588981105, "rpy/yaw": 38.05840894532496, "milliseconds": 107813}