{"cam/image1": "282_cam-image1_.jpg", "user/angle": 0.0, "user/throttle": 0.0, "pos/x": 13.95963191986084, "pos/y": -2.2715301513671875, "pos/z": -45.2869873046875, "rpy/roll": 9.299342665348824, "rpy/pitch": 5.645000731265392, "rpy/yaw": 35.11531794990956, "milliseconds": 56869}