{"cam/image1": "206_cam-image1_.jpg", "user/angle": 0.0, "user/throttle": 0.0, "pos/x": 4.661253929138184, "pos/y": -1.1394338607788086, "pos/z": -23.038055419921875, "rpy/roll": 6.458297429858256, "rpy/pitch": 3.108956156519188, "rpy/yaw": 4.084062763563384, "milliseconds": 32711}