{"cam/image1": "1055_cam-image1_.jpg", "user/angle": 0.0, "user/throttle": 0.0, "pos/x": 41.85454177856445, "pos/y": -5.972096920013428, "pos/z": -86.85804748535156, "rpy/roll": 0.6107394944408486, "rpy/pitch": 3.643209531246911, "rpy/yaw": 38.81603675629067, "milliseconds": 105947}