{"cam/image1": "198_cam-image1_.jpg", "user/angle": 0.0, "user/throttle": 0.0, "pos/x": 4.593707084655762, "pos/y": -1.1144222021102905, "pos/z": -22.636978149414062, "rpy/roll": 4.42167718585941, "rpy/pitch": 0.6667653610783428, "rpy/yaw": 7.890300337962291, "milliseconds": 32308}