{"cam/image1": "328_cam-image1_.jpg", "user/angle": 0.0, "user/throttle": 0.0, "pos/x": 21.870691299438477, "pos/y": -2.7898120880126953, "pos/z": -51.13459014892578, "rpy/roll": 0.9270469394750939, "rpy/pitch": -10.883144181281713, "rpy/yaw": 25.963658347410895, "milliseconds": 69449}