{"cam/image1": "900_cam-image1_.jpg", "user/angle": 0.0, "user/throttle": 0.0, "pos/x": 34.2996940612793, "pos/y": -4.888180732727051, "pos/z": -81.06997680664062, "rpy/roll": -1.9867163358782036, "rpy/pitch": 3.13577298705981, "rpy/yaw": 49.209578651631084, "milliseconds": 98176}