{"cam/image1": "1009_cam-image1_.jpg", "user/angle": 0.0, "user/throttle": 0.0, "pos/x": 39.948516845703125, "pos/y": -5.548217296600342, "pos/z": -84.92990112304688, "rpy/roll": -7.57217747089264, "rpy/pitch": 3.8934474784797017, "rpy/yaw": 52.6178768199046, "milliseconds": 103641}