{"cam/image1": "940_cam-image1_.jpg", "user/angle": 0.0, "user/throttle": 0.0, "pos/x": 36.351341247558594, "pos/y": -4.894082069396973, "pos/z": -82.51893615722656, "rpy/roll": 0.8836396210268521, "rpy/pitch": 4.27504664604869, "rpy/yaw": 51.89394485886028, "milliseconds": 100181}