{"cam/image1": "829_cam-image1_.jpg", "user/angle": 0.0, "user/throttle": 0.0, "pos/x": 31.796831130981445, "pos/y": -4.6044464111328125, "pos/z": -77.61994171142578, "rpy/roll": -9.626792518028077, "rpy/pitch": -1.6294584191704025, "rpy/yaw": 38.776612482377, "milliseconds": 94583}