{"cam/image1": "946_cam-image1_.jpg", "user/angle": 0.0, "user/throttle": 0.0, "pos/x": 36.677223205566406, "pos/y": -4.895754337310791, "pos/z": -82.7497329711914, "rpy/roll": 3.937229445410549, "rpy/pitch": 2.8321939926954993, "rpy/yaw": 51.43630644142825, "milliseconds": 100481}