{"cam/image1": "860_cam-image1_.jpg", "user/angle": 0.0, "user/throttle": 0.0, "pos/x": 32.53297805786133, "pos/y": -4.828341960906982, "pos/z": -79.30158233642578, "rpy/roll": -1.1653199623221226, "rpy/pitch": -2.13831608112188, "rpy/yaw": 35.61009104897908, "milliseconds": 96138}