{"cam/image1": "358_cam-image1_.jpg", "user/angle": 0.0, "user/throttle": 0.0, "pos/x": 22.131521224975586, "pos/y": -2.9614758491516113, "pos/z": -52.08024978637695, "rpy/roll": 1.4112966545970438, "rpy/pitch": -7.250114342637695, "rpy/yaw": 13.41918070316364, "milliseconds": 70954}