{"cam/image1": "1020_cam-image1_.jpg", "user/angle": 0.0, "user/throttle": 0.0, "pos/x": 40.47163009643555, "pos/y": -5.709231376647949, "pos/z": -85.36268615722656, "rpy/roll": -0.9711928762702722, "rpy/pitch": 0.6611992756111114, "rpy/yaw": 46.09763461000247, "milliseconds": 104196}