{"cam/image1": "354_cam-image1_.jpg", "user/angle": 0.0, "user/throttle": 0.0, "pos/x": 22.08951187133789, "pos/y": -2.9504010677337646, "pos/z": -51.96881866455078, "rpy/roll": -0.7878143414597258, "rpy/pitch": -8.372134582365728, "rpy/yaw": 15.409350871280152, "milliseconds": 70753}