{"cam/image1": "578_cam-image1_.jpg", "user/angle": 0.0, "user/throttle": 0.0, "pos/x": 26.22721290588379, "pos/y": -4.427234172821045, "pos/z": -62.40648651123047, "rpy/roll": -13.293832851597855, "rpy/pitch": -2.9480053678103584, "rpy/yaw": 17.115141972069093, "milliseconds": 81993}