{"cam/image1": "760_cam-image1_.jpg", "user/angle": 0.0, "user/throttle": 0.0, "pos/x": 29.570798873901367, "pos/y": -4.1688551902771, "pos/z": -73.8425521850586, "rpy/roll": 9.709409818574148, "rpy/pitch": -0.24794974158988473, "rpy/yaw": 18.863549451237933, "milliseconds": 91122}