{"cam/image1": "688_cam-image1_.jpg", "user/angle": 0.0, "user/throttle": 0.0, "pos/x": 28.20374870300293, "pos/y": -4.671870708465576, "pos/z": -69.37895202636719, "rpy/roll": -10.250893543056486, "rpy/pitch": 0.3531588867697485, "rpy/yaw": 21.94836290354333, "milliseconds": 87509}