{"cam/image1": "875_cam-image1_.jpg", "user/angle": 0.0, "user/throttle": 0.0, "pos/x": 33.11958694458008, "pos/y": -4.990135669708252, "pos/z": -79.97600555419922, "rpy/roll": -2.9117931285737564, "rpy/pitch": 0.8703645797974513, "rpy/yaw": 42.20042530943806, "milliseconds": 96890}