{"cam/image1": "52_cam-image1_.jpg", "user/angle": 0.0, "user/throttle": 0.0, "pos/x": 1.2258964776992798, "pos/y": -0.708655595779419, "pos/z": -14.911016464233398, "rpy/roll": 0.4784571254926868, "rpy/pitch": 3.5440015989873968, "rpy/yaw": 16.04692689285606, "milliseconds": 24996}