{"cam/image1": "585_cam-image1_.jpg", "user/angle": 0.0, "user/throttle": 0.0, "pos/x": 26.36037254333496, "pos/y": -4.449948787689209, "pos/z": -62.821712493896484, "rpy/roll": -3.3084335885464524, "rpy/pitch": -2.113962320740378, "rpy/yaw": 10.40331676217983, "milliseconds": 82342}