{"cam/image1": "463_cam-image1_.jpg", "user/angle": 0.0, "user/throttle": 0.0, "pos/x": 23.965288162231445, "pos/y": -4.233800411224365, "pos/z": -56.23405838012695, "rpy/roll": -1.8592158626044342, "rpy/pitch": 0.8656074608295619, "rpy/yaw": 24.748505601106473, "milliseconds": 76226}