{"cam/image1": "632_cam-image1_.jpg", "user/angle": 0.0, "user/throttle": 0.0, "pos/x": 26.952110290527344, "pos/y": -4.803793907165527, "pos/z": -65.73628234863281, "rpy/roll": -0.7906608303378645, "rpy/pitch": 1.475405369010754, "rpy/yaw": 17.66021778702804, "milliseconds": 84701}