{"cam/image1": "248_cam-image1_.jpg", "user/angle": 0.0, "user/throttle": 0.0, "pos/x": 8.701885223388672, "pos/y": -1.591054916381836, "pos/z": -33.706024169921875, "rpy/roll": -0.2497402371569058, "rpy/pitch": 4.233626515827967, "rpy/yaw": 41.51899849746523, "milliseconds": 44978}