{"cam/image1": "85_cam-image1_.jpg", "user/angle": 0.0, "user/throttle": 0.0, "pos/x": 1.833635926246643, "pos/y": -0.7578362226486206, "pos/z": -16.631053924560547, "rpy/roll": -5.151570149736033, "rpy/pitch": 4.3148747164213725, "rpy/yaw": 21.227928507473468, "milliseconds": 26627}