{"cam/image1": "437_cam-image1_.jpg", "user/angle": 0.0, "user/throttle": 0.0, "pos/x": 23.288423538208008, "pos/y": -3.809669017791748, "pos/z": -55.173065185546875, "rpy/roll": -0.7329903494087682, "rpy/pitch": 1.2324562948094775, "rpy/yaw": 20.517036418201233, "milliseconds": 74921}