{"cam/image1": "332_cam-image1_.jpg", "user/angle": 0.0, "user/throttle": 0.0, "pos/x": 21.908039093017578, "pos/y": -2.8130507469177246, "pos/z": -51.26023483276367, "rpy/roll": -0.9256129618849366, "rpy/pitch": -12.134371206700315, "rpy/yaw": 24.54813917650024, "milliseconds": 69650}