{"cam/image1": "1277_cam-image1_.jpg", "user/angle": 0.0, "user/throttle": 0.0, "pos/x": 49.58515167236328, "pos/y": -8.1572847366333, "pos/z": -95.01048278808594, "rpy/roll": 3.2827189108734482, "rpy/pitch": 1.1232959874021686, "rpy/yaw": 48.17979166342602, "milliseconds": 117085}