{"cam/image1": "623_cam-image1_.jpg", "user/angle": 0.0, "user/throttle": 0.0, "pos/x": 26.85392189025879, "pos/y": -4.776367664337158, "pos/z": -65.17666625976562, "rpy/roll": -2.71924774281901, "rpy/pitch": -0.8952659604769349, "rpy/yaw": 13.96130031423985, "milliseconds": 84248}