{"cam/image1": "1107_cam-image1_.jpg", "user/angle": 0.0, "user/throttle": 0.0, "pos/x": 43.971641540527344, "pos/y": -6.391593933105469, "pos/z": -89.0638198852539, "rpy/roll": 6.9655516314697214, "rpy/pitch": 3.02858259961377, "rpy/yaw": 38.783751934390104, "milliseconds": 108558}