{"cam/image1": "664_cam-image1_.jpg", "user/angle": 0.0, "user/throttle": 0.0, "pos/x": 27.59237289428711, "pos/y": -4.76489782333374, "pos/z": -67.78384399414062, "rpy/roll": -6.251041243542525, "rpy/pitch": 0.5675397114746122, "rpy/yaw": 18.39952838171183, "milliseconds": 86305}