{"cam/image1": "1157_cam-image1_.jpg", "user/angle": 0.0, "user/throttle": 0.0, "pos/x": 46.08475875854492, "pos/y": -6.613003730773926, "pos/z": -91.35128784179688, "rpy/roll": 1.1257399375303179, "rpy/pitch": 1.7018217772338715, "rpy/yaw": 47.49678346516238, "milliseconds": 111065}