{"cam/image1": "473_cam-image1_.jpg", "user/angle": 0.0, "user/throttle": 0.0, "pos/x": 24.15350914001465, "pos/y": -4.274344444274902, "pos/z": -56.76546859741211, "rpy/roll": -1.9731569612617512, "rpy/pitch": -0.4547772267406138, "rpy/yaw": 22.6282277897132, "milliseconds": 76727}