{"cam/image1": "514_cam-image1_.jpg", "user/angle": 0.0, "user/throttle": 0.0, "pos/x": 25.099361419677734, "pos/y": -4.073476791381836, "pos/z": -58.97256851196289, "rpy/roll": -4.781646927021361, "rpy/pitch": -1.4853802672998053, "rpy/yaw": 20.974541548454905, "milliseconds": 78783}