{"cam/image1": "768_cam-image1_.jpg", "user/angle": 0.0, "user/throttle": 0.0, "pos/x": 29.722196578979492, "pos/y": -4.205143451690674, "pos/z": -74.3212661743164, "rpy/roll": 3.8728524282083754, "rpy/pitch": -0.7285941299688926, "rpy/yaw": 21.54643741060581, "milliseconds": 91523}