{"cam/image1": "486_cam-image1_.jpg", "user/angle": 0.0, "user/throttle": 0.0, "pos/x": 24.38654899597168, "pos/y": -4.242388725280762, "pos/z": -57.50083541870117, "rpy/roll": -0.5599223308710845, "rpy/pitch": 1.5514349144690966, "rpy/yaw": 25.59795148468836, "milliseconds": 77379}