{"cam/image1": "1166_cam-image1_.jpg", "user/angle": 0.0, "user/throttle": 0.0, "pos/x": 46.48887634277344, "pos/y": -6.661734104156494, "pos/z": -91.80661010742188, "rpy/roll": 2.7330889099229045, "rpy/pitch": 1.9528131325192128, "rpy/yaw": 41.55107550147769, "milliseconds": 111516}