{"cam/image1": "661_cam-image1_.jpg", "user/angle": 0.0, "user/throttle": 0.0, "pos/x": 27.529489517211914, "pos/y": -4.772563457489014, "pos/z": -67.6329116821289, "rpy/roll": -5.10020695136554, "rpy/pitch": 1.6420854653740748, "rpy/yaw": 15.92025446869122, "milliseconds": 86154}