{"cam/image1": "34_cam-image1_.jpg", "user/angle": 0.0, "user/throttle": 0.0, "pos/x": 0.9913656711578369, "pos/y": -0.6784179210662842, "pos/z": -13.973163604736328, "rpy/roll": 3.443365824174442, "rpy/pitch": 2.6137884313624618, "rpy/yaw": 16.216480700647054, "milliseconds": 24063}