{"cam/image1": "897_cam-image1_.jpg", "user/angle": 0.0, "user/throttle": 0.0, "pos/x": 34.15043258666992, "pos/y": -4.933197975158691, "pos/z": -80.94367980957031, "rpy/roll": -4.487701405209595, "rpy/pitch": 2.617152530039149, "rpy/yaw": 50.61597691954133, "milliseconds": 98025}