{"cam/image1": "1284_cam-image1_.jpg", "user/angle": 0.0, "user/throttle": 0.0, "pos/x": 49.67325210571289, "pos/y": -8.263409614562988, "pos/z": -95.2442855834961, "rpy/roll": 2.3606655500646547, "rpy/pitch": 4.630295992067669, "rpy/yaw": 37.346895718204664, "milliseconds": 117437}