{"cam/image1": "1141_cam-image1_.jpg", "user/angle": 0.0, "user/throttle": 0.0, "pos/x": 45.26470947265625, "pos/y": -6.4989495277404785, "pos/z": -90.67832946777344, "rpy/roll": 6.787361037895813, "rpy/pitch": 8.084396191925826, "rpy/yaw": 39.638795875855905, "milliseconds": 110262}