{"cam/image1": "738_cam-image1_.jpg", "user/angle": 0.0, "user/throttle": 0.0, "pos/x": 29.098608016967773, "pos/y": -4.302175998687744, "pos/z": -72.53218078613281, "rpy/roll": 8.150465457530592, "rpy/pitch": -3.2129311729783794, "rpy/yaw": 10.8406351729371, "milliseconds": 90017}