{"cam/image1": "28_cam-image1_.jpg", "user/angle": 0.0, "user/throttle": 0.0, "pos/x": 0.9148457050323486, "pos/y": -0.678995668888092, "pos/z": -13.710566520690918, "rpy/roll": 5.555117434157738, "rpy/pitch": 2.9289080169818726, "rpy/yaw": 7.801665082118811, "milliseconds": 23770}