{"cam/image1": "928_cam-image1_.jpg", "user/angle": 0.0, "user/throttle": 0.0, "pos/x": 35.68013381958008, "pos/y": -4.874270915985107, "pos/z": -82.12126922607422, "rpy/roll": -9.538123993185058, "rpy/pitch": 3.716551372758379, "rpy/yaw": 53.412261038713865, "milliseconds": 99578}