{"cam/image1": "1259_cam-image1_.jpg", "user/angle": 0.0, "user/throttle": 0.0, "pos/x": 49.04128646850586, "pos/y": -7.733092308044434, "pos/z": -94.69441223144531, "rpy/roll": 2.633835211124682, "rpy/pitch": 4.960257447659399, "rpy/yaw": 29.01051481877401, "milliseconds": 116182}