{"cam/image1": "1231_cam-image1_.jpg", "user/angle": 0.0, "user/throttle": 0.0, "pos/x": 48.799415588378906, "pos/y": -7.277554035186768, "pos/z": -93.97899627685547, "rpy/roll": -16.239647809163543, "rpy/pitch": -0.5969917739141046, "rpy/yaw": 18.13638127932837, "milliseconds": 114778}