{"cam/image1": "556_cam-image1_.jpg", "user/angle": 0.0, "user/throttle": 0.0, "pos/x": 25.78900718688965, "pos/y": -4.283272743225098, "pos/z": -61.27051544189453, "rpy/roll": -11.920736836864524, "rpy/pitch": -2.849605290747156, "rpy/yaw": 18.61786883096535, "milliseconds": 80890}