{"cam/image1": "1031_cam-image1_.jpg", "user/angle": 0.0, "user/throttle": 0.0, "pos/x": 40.9081916809082, "pos/y": -5.776789665222168, "pos/z": -85.88343048095703, "rpy/roll": -9.647588877461397, "rpy/pitch": 1.4788342260806715, "rpy/yaw": 43.01149924979539, "milliseconds": 104743}