{"cam/image1": "388_cam-image1_.jpg", "user/angle": 0.0, "user/throttle": 0.0, "pos/x": 22.503889083862305, "pos/y": -3.2264983654022217, "pos/z": -53.14891052246094, "rpy/roll": 4.483929584155617, "rpy/pitch": -7.747726996639174, "rpy/yaw": 17.01953800440995, "milliseconds": 72459}