{"cam/image1": "1039_cam-image1_.jpg", "user/angle": 0.0, "user/throttle": 0.0, "pos/x": 41.25698471069336, "pos/y": -5.781670093536377, "pos/z": -86.18426513671875, "rpy/roll": -1.5640098899491295, "rpy/pitch": 1.4439377683280412, "rpy/yaw": 42.17881798122255, "milliseconds": 105144}