{"cam/image1": "846_cam-image1_.jpg", "user/angle": 0.0, "user/throttle": 0.0, "pos/x": 32.101959228515625, "pos/y": -4.766671657562256, "pos/z": -78.52322387695312, "rpy/roll": -6.009662153170164, "rpy/pitch": 3.117002921041839, "rpy/yaw": 32.73854918158371, "milliseconds": 95437}