{"cam/image1": "843_cam-image1_.jpg", "user/angle": 0.0, "user/throttle": 0.0, "pos/x": 32.027278900146484, "pos/y": -4.747745037078857, "pos/z": -78.39769744873047, "rpy/roll": -5.57824585522994, "rpy/pitch": 1.6805936733723204, "rpy/yaw": 33.0044962437593, "milliseconds": 95284}