{"cam/image1": "41_cam-image1_.jpg", "user/angle": 0.0, "user/throttle": 0.0, "pos/x": 1.1170223951339722, "pos/y": -0.6912891864776611, "pos/z": -14.365616798400879, "rpy/roll": 7.454477813821988, "rpy/pitch": 1.5953293127119161, "rpy/yaw": 14.817402306427962, "milliseconds": 24413}