{"cam/image1": "411_cam-image1_.jpg", "user/angle": 0.0, "user/throttle": 0.0, "pos/x": 22.84135627746582, "pos/y": -3.4389705657958984, "pos/z": -54.05253601074219, "rpy/roll": 1.538427985828678, "rpy/pitch": -0.7715604144569274, "rpy/yaw": 20.733692433508416, "milliseconds": 73617}