{"cam/image1": "712_cam-image1_.jpg", "user/angle": 0.0, "user/throttle": 0.0, "pos/x": 28.644153594970703, "pos/y": -4.40548038482666, "pos/z": -70.94112396240234, "rpy/roll": -0.24498715908122592, "rpy/pitch": 0.5995844347701142, "rpy/yaw": 13.986244060811671, "milliseconds": 88712}