{"cam/image1": "942_cam-image1_.jpg", "user/angle": 0.0, "user/throttle": 0.0, "pos/x": 36.46903610229492, "pos/y": -4.896256923675537, "pos/z": -82.59667205810547, "rpy/roll": 2.131842755804602, "rpy/pitch": 2.5512602612131823, "rpy/yaw": 52.11908843921426, "milliseconds": 100280}