{"cam/image1": "176_cam-image1_.jpg", "user/angle": 0.0, "user/throttle": 0.0, "pos/x": 4.267396450042725, "pos/y": -1.1442440748214722, "pos/z": -21.414897918701172, "rpy/roll": 7.614033408042909, "rpy/pitch": 1.1374802177942138, "rpy/yaw": 16.809179901965788, "milliseconds": 31198}