{"cam/image1": "835_cam-image1_.jpg", "user/angle": 0.0, "user/throttle": 0.0, "pos/x": 31.900344848632812, "pos/y": -4.685535907745361, "pos/z": -77.93727111816406, "rpy/roll": -6.925655788536274, "rpy/pitch": -0.23785299103420596, "rpy/yaw": 34.51188821475316, "milliseconds": 94884}