{"cam/image1": "20_cam-image1_.jpg", "user/angle": 0.0, "user/throttle": 0.0, "pos/x": -0.37534216046333313, "pos/y": -0.16709955036640167, "pos/z": -4.313255310058594, "rpy/roll": -3.1106240241581706, "rpy/pitch": 1.3015365744674685, "rpy/yaw": -2.5635759030336174, "milliseconds": 13193}