{"cam/image1": "527_cam-image1_.jpg", "user/angle": 0.0, "user/throttle": 0.0, "pos/x": 25.296302795410156, "pos/y": -4.144185543060303, "pos/z": -59.66294860839844, "rpy/roll": -6.357585212269006, "rpy/pitch": 0.211018458237019, "rpy/yaw": 17.677754952027087, "milliseconds": 79438}