{"cam/image1": "1242_cam-image1_.jpg", "user/angle": 0.0, "user/throttle": 0.0, "pos/x": 48.87998580932617, "pos/y": -7.12310791015625, "pos/z": -94.29133605957031, "rpy/roll": -6.5545720812614015, "rpy/pitch": 1.3495336782376526, "rpy/yaw": 9.227665880226555, "milliseconds": 115330}