{"cam/image1": "222_cam-image1_.jpg", "user/angle": 0.0, "user/throttle": 0.0, "pos/x": 7.763842582702637, "pos/y": -1.5730836391448975, "pos/z": -32.72466278076172, "rpy/roll": 10.854021186705985, "rpy/pitch": 3.952681762163678, "rpy/yaw": 19.195791157692035, "milliseconds": 43673}