{"cam/image1": "1288_cam-image1_.jpg", "user/angle": 0.0, "user/throttle": 0.0, "pos/x": 49.9259033203125, "pos/y": -8.441033363342285, "pos/z": -95.35799407958984, "rpy/roll": 1.3031126541298093, "rpy/pitch": -0.03005927892525931, "rpy/yaw": 34.87083120231055, "milliseconds": 117637}