{"cam/image1": "752_cam-image1_.jpg", "user/angle": 0.0, "user/throttle": 0.0, "pos/x": 29.290739059448242, "pos/y": -4.25200891494751, "pos/z": -73.41687774658203, "rpy/roll": 6.9524748406933465, "rpy/pitch": -2.3249194791183156, "rpy/yaw": 17.008108783121454, "milliseconds": 90720}