{"cam/image1": "116_cam-image1_.jpg", "user/angle": 0.0, "user/throttle": 0.0, "pos/x": 2.7534828186035156, "pos/y": -0.9017025828361511, "pos/z": -18.239582061767578, "rpy/roll": 3.16903959632571, "rpy/pitch": 0.6691053225449466, "rpy/yaw": 23.757548543404734, "milliseconds": 28187}