{"cam/image1": "1314_cam-image1_.jpg", "user/angle": 0.0, "user/throttle": 0.0, "pos/x": 57.72055435180664, "pos/y": -8.755767822265625, "pos/z": -105.36983489990234, "rpy/roll": -5.404819511670602, "rpy/pitch": 0.677910507433009, "rpy/yaw": 47.121828066114894, "milliseconds": 129016}