{"cam/image1": "450_cam-image1_.jpg", "user/angle": 0.0, "user/throttle": 0.0, "pos/x": 23.67622947692871, "pos/y": -4.21534538269043, "pos/z": -55.64619064331055, "rpy/roll": -3.1803177466366317, "rpy/pitch": 1.2835818238980212, "rpy/yaw": 27.99485460037405, "milliseconds": 75574}