{"cam/image1": "1019_cam-image1_.jpg", "user/angle": 0.0, "user/throttle": 0.0, "pos/x": 40.44858932495117, "pos/y": -5.699703216552734, "pos/z": -85.3317642211914, "rpy/roll": -1.0833656371086522, "rpy/pitch": 0.6803690129898027, "rpy/yaw": 46.803172990468696, "milliseconds": 104142}