{"cam/image1": "25_cam-image1_.jpg", "user/angle": 0.0, "user/throttle": 0.0, "pos/x": -0.393489807844162, "pos/y": -0.19066792726516724, "pos/z": -4.565036296844482, "rpy/roll": -5.07136338430869, "rpy/pitch": 1.5723201549262076, "rpy/yaw": -4.2150902737388165, "milliseconds": 13444}