{"cam/image1": "869_cam-image1_.jpg", "user/angle": 0.0, "user/throttle": 0.0, "pos/x": 32.86698532104492, "pos/y": -4.942753314971924, "pos/z": -79.68135833740234, "rpy/roll": -2.319932429339343, "rpy/pitch": -0.35032442101825556, "rpy/yaw": 40.05091254359891, "milliseconds": 96598}