{"cam/image1": "838_cam-image1_.jpg", "user/angle": 0.0, "user/throttle": 0.0, "pos/x": 31.97878646850586, "pos/y": -4.729785442352295, "pos/z": -78.07501220703125, "rpy/roll": -6.259135487116138, "rpy/pitch": 1.8109907174448323, "rpy/yaw": 33.634873219890856, "milliseconds": 95035}