{"cam/image1": "284_cam-image1_.jpg", "user/angle": 0.0, "user/throttle": 0.0, "pos/x": 14.019998550415039, "pos/y": -2.290752649307251, "pos/z": -45.399391174316406, "rpy/roll": 7.822559361490705, "rpy/pitch": 1.6404056419249553, "rpy/yaw": 34.2210544807571, "milliseconds": 56969}