{"cam/image1": "312_cam-image1_.jpg", "user/angle": 0.0, "user/throttle": 0.0, "pos/x": 21.714282989501953, "pos/y": -2.7166528701782227, "pos/z": -50.815223693847656, "rpy/roll": -1.523947363206284, "rpy/pitch": -17.589745917965526, "rpy/yaw": 33.38003694460573, "milliseconds": 68647}