{"cam/image1": "653_cam-image1_.jpg", "user/angle": 0.0, "user/throttle": 0.0, "pos/x": 27.449115753173828, "pos/y": -4.816389083862305, "pos/z": -67.11112976074219, "rpy/roll": -0.41453936506140937, "rpy/pitch": -1.103812940601429, "rpy/yaw": 14.705789790217072, "milliseconds": 85753}