{"cam/image1": "378_cam-image1_.jpg", "user/angle": 0.0, "user/throttle": 0.0, "pos/x": 22.387004852294922, "pos/y": -3.1095566749572754, "pos/z": -52.7333869934082, "rpy/roll": 3.0421174934374235, "rpy/pitch": -6.146558446343693, "rpy/yaw": 19.063795540869346, "milliseconds": 71957}