{"cam/image1": "120_cam-image1_.jpg", "user/angle": 0.0, "user/throttle": 0.0, "pos/x": 2.8623647689819336, "pos/y": -0.9190194010734558, "pos/z": -18.421573638916016, "rpy/roll": 4.362795718747185, "rpy/pitch": 5.852280773803413, "rpy/yaw": 25.28202585787778, "milliseconds": 28390}