{"cam/image1": "157_cam-image1_.jpg", "user/angle": 0.0, "user/throttle": 0.0, "pos/x": 3.8519155979156494, "pos/y": -0.9956905245780945, "pos/z": -20.400714874267578, "rpy/roll": 11.336564922598093, "rpy/pitch": 2.153015053844672, "rpy/yaw": 23.008786297244413, "milliseconds": 30245}