{"cam/image1": "228_cam-image1_.jpg", "user/angle": 0.0, "user/throttle": 0.0, "pos/x": 7.917368412017822, "pos/y": -1.5808613300323486, "pos/z": -32.97618865966797, "rpy/roll": 0.07117941470813856, "rpy/pitch": 1.383290334989082, "rpy/yaw": 35.940959382219326, "milliseconds": 43975}