{"cam/image1": "633_cam-image1_.jpg", "user/angle": 0.0, "user/throttle": 0.0, "pos/x": 26.988222122192383, "pos/y": -4.805108070373535, "pos/z": -65.82246398925781, "rpy/roll": -1.0098980399812456, "rpy/pitch": 0.762463136396722, "rpy/yaw": 19.63761659692456, "milliseconds": 84750}