{"cam/image1": "936_cam-image1_.jpg", "user/angle": 0.0, "user/throttle": 0.0, "pos/x": 36.12648010253906, "pos/y": -4.8920745849609375, "pos/z": -82.37958526611328, "rpy/roll": -3.0069036292231215, "rpy/pitch": 4.842076244715367, "rpy/yaw": 52.31409885735266, "milliseconds": 99980}