{"cam/image1": "662_cam-image1_.jpg", "user/angle": 0.0, "user/throttle": 0.0, "pos/x": 27.543298721313477, "pos/y": -4.767306804656982, "pos/z": -67.66796112060547, "rpy/roll": -5.480111446409788, "rpy/pitch": 1.3182097586003503, "rpy/yaw": 16.685525812763792, "milliseconds": 86213}