{"cam/image1": "50_cam-image1_.jpg", "user/angle": 0.0, "user/throttle": 0.0, "pos/x": 1.195003628730774, "pos/y": -0.7010491490364075, "pos/z": -14.800726890563965, "rpy/roll": 1.0614355243558997, "rpy/pitch": 2.1053479511470132, "rpy/yaw": 14.965533791574503, "milliseconds": 24888}