{"cam/image1": "1147_cam-image1_.jpg", "user/angle": 0.0, "user/throttle": 0.0, "pos/x": 45.5661735534668, "pos/y": -6.483967304229736, "pos/z": -90.95931243896484, "rpy/roll": 6.400785001563522, "rpy/pitch": -1.6530140777302125, "rpy/yaw": 40.48720478182937, "milliseconds": 110564}