{"cam/image1": "865_cam-image1_.jpg", "user/angle": 0.0, "user/throttle": 0.0, "pos/x": 32.438411712646484, "pos/y": -4.832034587860107, "pos/z": -79.6138916015625, "rpy/roll": -0.4912873655214389, "rpy/pitch": -1.2548541841026013, "rpy/yaw": 37.08272863664884, "milliseconds": 96389}