{"cam/image1": "307_cam-image1_.jpg", "user/angle": 0.0, "user/throttle": 0.0, "pos/x": 21.65201187133789, "pos/y": -2.6729202270507812, "pos/z": -50.69939041137695, "rpy/roll": -2.0751719192089855, "rpy/pitch": -18.20096955834791, "rpy/yaw": 36.84029447625646, "milliseconds": 68397}