{"cam/image1": "1181_cam-image1_.jpg", "user/angle": 0.0, "user/throttle": 0.0, "pos/x": 47.035377502441406, "pos/y": -6.806425094604492, "pos/z": -92.57721710205078, "rpy/roll": -1.607308449917555, "rpy/pitch": 2.894743486511809, "rpy/yaw": 40.41241399664482, "milliseconds": 112269}