{"cam/image1": "823_cam-image1_.jpg", "user/angle": 0.0, "user/throttle": 0.0, "pos/x": 31.414020538330078, "pos/y": -4.514334678649902, "pos/z": -77.40422821044922, "rpy/roll": -8.389439894343779, "rpy/pitch": -4.511239820304249, "rpy/yaw": 35.460820866493926, "milliseconds": 94286}