{"cam/image1": "444_cam-image1_.jpg", "user/angle": 0.0, "user/throttle": 0.0, "pos/x": 23.512117385864258, "pos/y": -4.1525678634643555, "pos/z": -55.41919708251953, "rpy/roll": -1.9640030854234738, "rpy/pitch": 0.5300076889781364, "rpy/yaw": 21.885697649304312, "milliseconds": 75276}