{"cam/image1": "492_cam-image1_.jpg", "user/angle": 0.0, "user/throttle": 0.0, "pos/x": 24.548463821411133, "pos/y": -4.265134811401367, "pos/z": -57.84196090698242, "rpy/roll": 1.1369479363279238, "rpy/pitch": -2.744978189494929, "rpy/yaw": 24.10696710528366, "milliseconds": 77680}