{"cam/image1": "1058_cam-image1_.jpg", "user/angle": 0.0, "user/throttle": 0.0, "pos/x": 41.95701599121094, "pos/y": -6.0109171867370605, "pos/z": -86.9803237915039, "rpy/roll": 2.225120707099563, "rpy/pitch": 1.1246049537879608, "rpy/yaw": 38.292551974106516, "milliseconds": 106097}