{"cam/image1": "564_cam-image1_.jpg", "user/angle": 0.0, "user/throttle": 0.0, "pos/x": 25.965089797973633, "pos/y": -4.313323497772217, "pos/z": -61.65655517578125, "rpy/roll": -14.610103354132587, "rpy/pitch": -1.4443955154837427, "rpy/yaw": 21.563064789273458, "milliseconds": 81291}