{"cam/image1": "89_cam-image1_.jpg", "user/angle": 0.0, "user/throttle": 0.0, "pos/x": 1.9244399070739746, "pos/y": -0.7524924278259277, "pos/z": -16.828964233398438, "rpy/roll": -6.8798377832975754, "rpy/pitch": 3.8960490269437904, "rpy/yaw": 24.411941846387116, "milliseconds": 26827}