{"cam/image1": "55_cam-image1_.jpg", "user/angle": 0.0, "user/throttle": 0.0, "pos/x": 1.2805625200271606, "pos/y": -0.7172143459320068, "pos/z": -15.088504791259766, "rpy/roll": -0.4930623738090912, "rpy/pitch": 2.2852667276174983, "rpy/yaw": 17.355336760950518, "milliseconds": 25122}