{"cam/image1": "967_cam-image1_.jpg", "user/angle": 0.0, "user/throttle": 0.0, "pos/x": 37.705753326416016, "pos/y": -4.894624710083008, "pos/z": -83.47744750976562, "rpy/roll": 2.1214614394571947, "rpy/pitch": 3.707209981194818, "rpy/yaw": 56.131212237671726, "milliseconds": 101536}