{"cam/image1": "287_cam-image1_.jpg", "user/angle": 0.0, "user/throttle": 0.0, "pos/x": 14.129318237304688, "pos/y": -2.3026561737060547, "pos/z": -45.55925369262695, "rpy/roll": 8.03351313857755, "rpy/pitch": 1.525071115757769, "rpy/yaw": 35.55591001162641, "milliseconds": 57117}