{"cam/image1": "1001_cam-image1_.jpg", "user/angle": 0.0, "user/throttle": 0.0, "pos/x": 39.39809036254883, "pos/y": -5.086806297302246, "pos/z": -84.74449157714844, "rpy/roll": -4.128174965137966, "rpy/pitch": 2.8382019937413303, "rpy/yaw": 54.327094709724484, "milliseconds": 103242}