{"cam/image1": "421_cam-image1_.jpg", "user/angle": 0.0, "user/throttle": 0.0, "pos/x": 22.972963333129883, "pos/y": -3.4897849559783936, "pos/z": -54.4633903503418, "rpy/roll": -4.441854603739678, "rpy/pitch": -0.09643151828944353, "rpy/yaw": 21.901459419097613, "milliseconds": 74120}