{"cam/image1": "61_cam-image1_.jpg", "user/angle": 0.0, "user/throttle": 0.0, "pos/x": 1.3841179609298706, "pos/y": -0.7331497669219971, "pos/z": -15.392867088317871, "rpy/roll": -1.0432617805669444, "rpy/pitch": 2.541583250158848, "rpy/yaw": 18.621283348589476, "milliseconds": 25422}